stage,candidate,loss,output_alpha,repeat,brier,local_gap,c2_distance,c2_width,supported_mass,middle_mass,middle_supported_mass,middle_local_gap
selection,hellinger_a0p5,hellinger,0.5,0,0.12734151343967076,0.15682029275232212,0.06574174396308734,0.24845682737225103,1.0,0.0746,0.0746,0.19715986553901607
selection,hellinger_a1,hellinger,1,0,0.12766339562221163,0.1387323074893827,0.05374249315131988,0.2536344063550959,0.9999999999999999,0.07789999999999998,0.07789999999999998,0.12970061020410595
selection,hellinger_a2,hellinger,2,0,0.1260940527831267,0.15209580895737154,0.06686797358825157,0.24619008822756414,1.0000000000000002,0.0692,0.0692,0.16823472861993458
selection,hellinger_a4,hellinger,4,0,0.12946074038150535,0.13475704466319463,0.05057413700089454,0.26289410223845483,1.0,0.08510000000000001,0.08510000000000001,0.10032248686952318
selection,kl_a0p5,kl,0.5,0,0.1126655619257565,0.10099155072696775,0.018232766314224286,0.23836671802399773,1.0,0.0912,0.0912,0.2560925820369311
selection,kl_a1,kl,1,0,0.11299217649063192,0.12121981401021766,0.03333735532742571,0.23329225792905273,1.0,0.08629999999999999,0.08629999999999999,0.3321212722780959
selection,kl_a2,kl,2,0,0.11442663959166785,0.10717187043780786,0.024420366190690993,0.2453514353677962,1.0,0.09459999999999999,0.09459999999999999,0.2508068778049809
selection,kl_a4,kl,4,0,0.10911959767201923,0.08729737028891703,0.015569478218790485,0.24199104929081064,1.0,0.0868,0.0868,0.19160592296500964
selection,chisq_a0p5,chisq,0.5,0,0.1040048419556853,0.05086743626294879,0.0006383176249906806,0.23289563150500334,1.0,0.1154,0.1154,0.08599053861343375
selection,chisq_a1,chisq,1,0,0.10199404500675632,0.06651817112290785,0.0,0.23152525698277404,1.0000000000000002,0.1076,0.1076,0.16490336068444192
selection,chisq_a2,chisq,2,0,0.09997929541764802,0.07763604295559082,0.0002080487112214314,0.22727774467312784,0.9999999999999999,0.1017,0.1017,0.18303317972286126
selection,chisq_a4,chisq,4,0,0.10217684278862785,0.08746548757066916,0.0014826592660542458,0.228616200370948,1.0,0.0962,0.0962,0.19557970517228435
selection,js_a0p5,js,0.5,0,0.10037493913295617,0.05428853515862542,0.0,0.23006461357676583,1.0,0.0984,0.0984,0.10482223888218514
selection,js_a1,js,1,0,0.09970798775253165,0.06636381288877306,0.0017391415332079177,0.2270061406170402,1.0,0.0914,0.0914,0.1619941255854923
selection,js_a2,js,2,0,0.0988458769459834,0.08184886299799894,0.005165848767212287,0.22481809794817312,1.0,0.08889999999999999,0.08889999999999999,0.20148669262080515
selection,js_a4,js,4,0,0.09905178668158406,0.08726595203735306,0.010160709842634863,0.22672349280468254,1.0,0.0849,0.0849,0.19249290050686918
selection,hellinger_a0p5,hellinger,0.5,1,0.12633498893781858,0.1356318717540421,0.05579596397421159,0.2480435334486574,1.0,0.07189999999999999,0.07189999999999999,0.12907998090581077
selection,hellinger_a1,hellinger,1,1,0.12815402372530443,0.143366693921092,0.056559598758801594,0.2481748869695141,0.9999999999999998,0.07339999999999999,0.07339999999999999,0.1435601554498093
selection,hellinger_a2,hellinger,2,1,0.12739295725657032,0.13173945025910883,0.04792875892415514,0.24882227755600383,1.0,0.0795,0.0795,0.17496853526772144
selection,hellinger_a4,hellinger,4,1,0.12841718271126198,0.15743670651492447,0.06641673478980449,0.2423767646525405,1.0,0.0777,0.0777,0.2932012314373281
selection,kl_a0p5,kl,0.5,1,0.11190539861096441,0.10043147894088017,0.009934925053824602,0.23875517495757417,1.0,0.10200000000000001,0.10200000000000001,0.2628961032231727
selection,kl_a1,kl,1,1,0.11270088081815316,0.12076759166936077,0.028573092130221016,0.2342809722259009,0.9999999999999998,0.08850000000000001,0.08850000000000001,0.30464762145858976
selection,kl_a2,kl,2,1,0.11285136284505154,0.1345561522640562,0.03907186866203691,0.22958486757197666,0.9999999999999997,0.0837,0.0837,0.322519616562923
selection,kl_a4,kl,4,1,0.11278537008608262,0.13627616318278538,0.04258062614630553,0.23196223886124417,1.0000000000000002,0.0824,0.0824,0.3656350973637727
selection,chisq_a0p5,chisq,0.5,1,0.10244386500645516,0.059228729006808666,0.0012559012081739885,0.23170554736749815,1.0,0.11259999999999999,0.11259999999999999,0.1693634350211198
selection,chisq_a1,chisq,1,1,0.09937362978588295,0.06918902954975562,0.0008005683941471907,0.22807022289541343,0.9999999999999998,0.1077,0.1077,0.148354056524445
selection,chisq_a2,chisq,2,1,0.0994772747097917,0.0722674715538893,0.0015776381981922,0.22674668450499844,1.0000000000000002,0.09840000000000002,0.09840000000000002,0.15380061298814882
selection,chisq_a4,chisq,4,1,0.09905564212568346,0.08270540848985874,0.0007889403723970304,0.229775212346916,0.9999999999999997,0.1027,0.1027,0.23012931915388463
selection,js_a0p5,js,0.5,1,0.1020066424025098,0.0669427208196865,0.00023368093562031793,0.2304623494495302,1.0,0.0977,0.0977,0.16588083980952634
selection,js_a1,js,1,1,0.09957769151504325,0.06580148997611818,0.0014304878340380362,0.22961559239466892,1.0000000000000002,0.0933,0.0933,0.14990986826725058
selection,js_a2,js,2,1,0.0979399096229726,0.07482395509865244,0.0054068642731533246,0.22359157637316343,1.0,0.0866,0.0866,0.16978944247085062
selection,js_a4,js,4,1,0.09819268937580201,0.07988773739687693,0.006775766046620153,0.22604861419523678,1.0000000000000002,0.0901,0.0901,0.15954167042933837
selection,hellinger_a0p5,hellinger,0.5,2,0.12488697421255787,0.15349679108559497,0.062713852718966,0.2506309424654841,0.9999999999999998,0.0759,0.0759,0.2001548918552497
selection,hellinger_a1,hellinger,1,2,0.12523730043248427,0.1705312998664155,0.07576059026292296,0.24241814081413696,0.9999999999999999,0.0682,0.0682,0.3318099037759217
selection,hellinger_a2,hellinger,2,2,0.1278660111445785,0.12867505726527004,0.0532243755119898,0.2604149111524517,1.0,0.0806,0.0806,0.054426626512768646
selection,hellinger_a4,hellinger,4,2,0.12763614910812907,0.1681005876911585,0.07488922676075224,0.2534989032949404,1.0,0.0762,0.0762,0.28615472615009185
selection,kl_a0p5,kl,0.5,2,0.10986090575325852,0.07543203167902837,0.007907199214654069,0.24538079999723192,1.0,0.09870000000000001,0.09870000000000001,0.18817219615983638
selection,kl_a1,kl,1,2,0.1124063963661064,0.04480851181789418,0.004748325365781123,0.25205797992437934,1.0,0.1037,0.1037,0.05099495622591433
selection,kl_a2,kl,2,2,0.11391544928276853,0.13868366181723807,0.03729770414482239,0.2376785536971257,0.9999999999999997,0.0881,0.0881,0.30289970245879744
selection,kl_a4,kl,4,2,0.11185276592739586,0.09391590592367713,0.01843034153068531,0.24556339917545994,1.0,0.0935,0.0935,0.2167856181023515
selection,chisq_a0p5,chisq,0.5,2,0.10681574893340223,0.0670318949050149,0.0003094926675184778,0.24006880045259701,1.0,0.11590000000000002,0.11590000000000002,0.15720357260807294
selection,chisq_a1,chisq,1,2,0.10276621274167416,0.07290284571557493,0.0010762654942634694,0.23434371157996337,1.0,0.11279999999999998,0.11279999999999998,0.17842222489804174
selection,chisq_a2,chisq,2,2,0.1014540115597084,0.0833583349573113,0.0005859540730146991,0.23157884475749457,0.9999999999999999,0.1032,0.1032,0.2319742985923752
selection,chisq_a4,chisq,4,2,0.10199375096196564,0.09148014525294712,0.0016305032388953308,0.23200885795628243,0.9999999999999999,0.1041,0.1041,0.2259491190063445
selection,js_a0p5,js,0.5,2,0.10289692818463542,0.0730910516087445,0.0012936212295500934,0.23659928835515956,1.0,0.09890000000000002,0.09890000000000002,0.17132718974651712
selection,js_a1,js,1,2,0.10269479645824808,0.07287915348111786,0.0015362295133301,0.23664636545856602,1.0,0.0988,0.0988,0.184295321842942
selection,js_a2,js,2,2,0.10050633934099934,0.09004924459617208,0.006840457481148751,0.23056218889098917,1.0,0.0932,0.0932,0.24815959101618545
selection,js_a4,js,4,2,0.09986454646017609,0.09871152719013547,0.010670126803251323,0.23178595360614448,1.0,0.0875,0.0875,0.24243083371211585
selection,hellinger_a0p5,hellinger,0.5,3,0.12639323863102148,0.13596049353795564,0.051855282712038146,0.25914210131619714,0.9999999999999999,0.083,0.083,0.1390542222740502
selection,hellinger_a1,hellinger,1,3,0.12343558287849804,0.14796192338571512,0.06518600355366548,0.24786982495504437,1.0000000000000002,0.0693,0.0693,0.20360529340666073
selection,hellinger_a2,hellinger,2,3,0.12604167936932528,0.16187862350432225,0.06974173240819835,0.2521575295240839,1.0,0.07730000000000001,0.07730000000000001,0.24247932547044826
selection,hellinger_a4,hellinger,4,3,0.12556327097726777,0.14624648951237623,0.06319068937749416,0.25493898940431614,1.0,0.07849999999999999,0.07849999999999999,0.16317457018474973
selection,kl_a0p5,kl,0.5,3,0.10982223950205092,0.0978919320326695,0.012913911567038725,0.24502189801750177,0.9999999999999998,0.1004,0.1004,0.22638829381497988
selection,kl_a1,kl,1,3,0.1097213824245373,0.11794390672367405,0.02961471440677127,0.24119874350658327,0.9999999999999999,0.09209999999999999,0.09209999999999999,0.20088343008113374
selection,kl_a2,kl,2,3,0.10797000357845697,0.07326222905832915,0.010902954005387926,0.24651114680470376,1.0,0.09259999999999999,0.09259999999999999,0.14461862672800432
selection,kl_a4,kl,4,3,0.11156518170333557,0.07011268371313466,0.0072801360138821155,0.2512936658359053,1.0,0.09759999999999999,0.09759999999999999,0.1419224957295108
selection,chisq_a0p5,chisq,0.5,3,0.10371814482259355,0.05828292454340772,0.0,0.2412682150291354,1.0,0.12150000000000002,0.12150000000000002,0.13759806284471462
selection,chisq_a1,chisq,1,3,0.0986344796960851,0.06668554379950489,0.00018864707360998154,0.2342026015441899,0.9999999999999999,0.1091,0.1091,0.1649661880232168
selection,chisq_a2,chisq,2,3,0.0983707437687319,0.0808510109532701,0.002149698055534077,0.23088037514152118,1.0,0.10250000000000001,0.10250000000000001,0.2130536811662797
selection,chisq_a4,chisq,4,3,0.09788401723305018,0.07221936198177546,0.0024061259714548144,0.2326047253531171,1.0,0.0974,0.0974,0.1419398901295575
selection,js_a0p5,js,0.5,3,0.09907753230972077,0.06337048493871102,0.0010738632527036546,0.2361459660899989,1.0,0.1023,0.1023,0.189263508789545
selection,js_a1,js,1,3,0.09868415597295,0.07218907143402514,0.0013523051133533782,0.23378040186810825,1.0,0.09519999999999999,0.09519999999999999,0.16097052246375126
selection,js_a2,js,2,3,0.09581464658388156,0.07413895205952215,0.006225598318147141,0.22986995751910333,1.0,0.0887,0.0887,0.1526749119998885
selection,js_a4,js,4,3,0.09707653563298171,0.08263198064502826,0.009107303035102236,0.23049032917159423,1.0000000000000002,0.0877,0.0877,0.22925298787316326
selection,hellinger_a0p5,hellinger,0.5,4,0.12595685666762074,0.14774505412468558,0.06332384816974163,0.24638975072019492,0.9999999999999999,0.0756,0.0756,0.1709989738539305
selection,hellinger_a1,hellinger,1,4,0.12893704719350363,0.14203837620709678,0.056027467131390195,0.2502881029881964,1.0,0.0766,0.0766,0.22079392402429796
selection,hellinger_a2,hellinger,2,4,0.13013270253543172,0.14972521234256686,0.0626961065620044,0.2498174194323015,1.0,0.0727,0.0727,0.16953240174759143
selection,hellinger_a4,hellinger,4,4,0.12857766610773408,0.1536990624114377,0.0600865233727223,0.25460967374457605,0.9999999999999996,0.0816,0.0816,0.25819405982015153
selection,kl_a0p5,kl,0.5,4,0.11097103046617175,0.09071165086444018,0.010821185799737894,0.24513518670305331,1.0,0.0931,0.0931,0.19183588439636498
selection,kl_a1,kl,1,4,0.11287739367326341,0.12131561567102885,0.023645077226278993,0.23847250526011807,0.9999999999999999,0.0932,0.0932,0.24086160080997562
selection,kl_a2,kl,2,4,0.1111086925092323,0.0799630436545255,0.012626343418529199,0.24437510464726947,1.0,0.09090000000000001,0.09090000000000001,0.1663362014443716
selection,kl_a4,kl,4,4,0.11142735958558792,0.11653004739655719,0.0317404052221829,0.23800243122474407,1.0000000000000002,0.0824,0.0824,0.2822668973242365
selection,chisq_a0p5,chisq,0.5,4,0.10371388833662638,0.0671151052637281,0.00027379826889401926,0.23569801213729608,1.0,0.11829999999999999,0.11829999999999999,0.13517670253338218
selection,chisq_a1,chisq,1,4,0.10189620623153142,0.08105839251484184,0.00022310590489032947,0.22919895780658736,0.9999999999999999,0.10250000000000001,0.10250000000000001,0.15773062760271786
selection,chisq_a2,chisq,2,4,0.10033451853160427,0.09079270967826053,0.003099643920250764,0.2261085729591683,1.0,0.103,0.103,0.21294230448763538
selection,chisq_a4,chisq,4,4,0.10107060750078536,0.09895995627954786,0.0024604054318604946,0.22935269597891467,1.0000000000000002,0.1028,0.1028,0.2393547876188854
selection,js_a0p5,js,0.5,4,0.10140023895631947,0.06794385121983526,0.0007640715341480991,0.23246129889497444,0.9999999999999999,0.0924,0.0924,0.17319697994965863
selection,js_a1,js,1,4,0.10089491079925135,0.07958678302753863,0.0010944219949509807,0.23175977976799586,1.0,0.09240000000000001,0.09240000000000001,0.1899320596704323
selection,js_a2,js,2,4,0.0986144141474429,0.08792662604691923,0.0058729638963583766,0.22765916197960226,1.0,0.0905,0.0905,0.20529344938470345
selection,js_a4,js,4,4,0.0996502396362057,0.10109285918741773,0.015104212357298344,0.2288717429961063,0.9999999999999999,0.0877,0.0877,0.18444179327742624
final,js_a2,js,2,0,0.09135060954455479,0.0748901463356858,0.0027941498980255963,0.22633262202449825,0.9999999999999999,0.0873,0.0873,0.21726666352093746
final,js_a2,js,2,1,0.09117669471938282,0.0578599183476347,0.0015387313425982649,0.22946352099847084,0.9999999999999998,0.08979999999999999,0.08979999999999999,0.14403650573326104
final,js_a2,js,2,2,0.09225770530911145,0.07301070212385068,0.0026328210179465726,0.2311754899615207,1.0,0.09449999999999999,0.09449999999999999,0.20704037650887375
final,js_a2,js,2,3,0.08957800941308028,0.059507723515210345,0.0022577368233067784,0.21819856858554698,1.0,0.0861,0.0861,0.1715164812319195
final,js_a2,js,2,4,0.09091544889512226,0.06948471591798083,0.0017819059379063586,0.21944503274015825,1.0000000000000002,0.08610000000000001,0.08610000000000001,0.1617227637926005
