stage,candidate,loss,output_alpha,repeats,brier_available_repeats,brier_mean,brier_sd,local_gap_available_repeats,local_gap_mean,local_gap_sd,c2_distance_available_repeats,c2_distance_mean,c2_distance_sd,c2_width_available_repeats,c2_width_mean,c2_width_sd,supported_mass_available_repeats,supported_mass_mean,supported_mass_sd,middle_mass_available_repeats,middle_mass_mean,middle_mass_sd,middle_supported_mass_available_repeats,middle_supported_mass_mean,middle_supported_mass_sd,middle_local_gap_available_repeats,middle_local_gap_mean,middle_local_gap_sd
selection,chisq_a0p5,chisq,0.5,5,5,0.10413929781095252,0.0016135600734783527,5,0.060505217996381644,0.006814377635368458,5,0.0004955019539154332,0.0004816319929919604,5,0.236327241298306,0.00424100271794381,5,1.0,0.0,5,0.11674,0.003344099280822873,5,0.11674,0.003344099280822873,5,0.13706646232414468,0.031863778142504
selection,chisq_a1,chisq,1,5,5,0.100932914692386,0.0018117038060109008,5,0.07127079654051702,0.006049924882370739,5,0.00045771737338219426,0.0004574645236378088,5,0.23146815016178562,0.002848002926345683,5,1.0,1.7554167342883506e-16,5,0.10794,0.0036990539331023466,5,0.10794,0.0036990539331023466,5,0.16287529154657265,0.011039994144044064
selection,chisq_a2,chisq,2,5,5,0.09992316879749685,0.001131888175930115,5,0.0809811140196644,0.006874819652309362,5,0.0015241965916426344,0.0011713973107743958,5,0.22851844440726204,0.0025214438559597427,5,1.0,1.3597399555105182e-16,5,0.10176,0.0019654516020497616,5,0.10176,0.0019654516020497616,5,0.1989608153914601,0.030729116629226092
selection,chisq_a4,chisq,4,5,5,0.1004361721220225,0.0018893022594427605,5,0.08656607191495967,0.009991224185810221,5,0.0017537268561323832,0.0006972255503961365,5,0.23047153840123563,0.00173873485130336,5,1.0,2.0770370905276122e-16,5,0.10064,0.0035739334073258853,5,0.10064,0.0035739334073258853,5,0.2065905642161913,0.039696566726553084
selection,hellinger_a0p5,hellinger,0.5,5,5,0.12618271437773787,0.0008860414140553737,5,0.1459309006509201,0.009805505155917991,5,0.05988613830760894,0.005816487409841194,5,0.2505326310645569,0.005044815868879621,5,1.0,1.3597399555105182e-16,5,0.0762,0.004115215668710454,5,0.0762,0.004115215668710454,5,0.16728958688561144,0.032570428202356845
selection,hellinger_a1,hellinger,1,5,5,0.1266854699704004,0.00228262731429006,5,0.14852612017394043,0.012739461519743115,5,0.06145523057162002,0.009103242942289699,5,0.24847707241639755,0.004094161781480426,5,1.0,1.7554167342883506e-16,5,0.07307999999999999,0.00429616107705472,5,0.07307999999999999,0.00429616107705472,5,0.20589397737215914,0.08026985978949577
selection,hellinger_a2,hellinger,2,5,5,0.1275054806178065,0.0016718090052075933,5,0.14482283046572791,0.014139970450340504,5,0.06009178939891986,0.009232026104280462,5,0.251480445178481,0.005433748978855589,5,1.0,1.1102230246251565e-16,5,0.07586,0.0047992707779411685,5,0.07586,0.0047992707779411685,5,0.16192832352369285,0.0676622469477199
selection,hellinger_a4,hellinger,4,5,5,0.12793100185717962,0.00147374812060427,5,0.1520479781586183,0.012470809887170585,5,0.06303146226033354,0.008887485864858546,5,0.2536636866669656,0.007333887481491327,5,1.0,2.220446049250313e-16,5,0.07982,0.0035492252675760135,5,0.07982,0.0035492252675760135,5,0.22020941489236887,0.08477215290305816
selection,js_a0p5,js,0.5,5,5,0.10115125619722834,0.001478516791249585,5,0.06512732874912054,0.006985973011226575,5,0.0006730473904044329,0.0005477422549353618,5,0.23314670327328577,0.0030858845045468463,5,1.0,5.551115123125783e-17,5,0.09794,0.003566931454345601,5,0.09794,0.003566931454345601,5,0.16089815143548644,0.03253442281974467
selection,js_a1,js,1,5,5,0.10031190849960488,0.0015468855680071708,5,0.07136406216151457,0.005624366243282676,5,0.0014305171977760825,0.00023743482813950957,5,0.23176165602127585,0.0037133623729225843,5,1.0,1.1102230246251565e-16,5,0.09422,0.002917533204609674,5,0.09422,0.002917533204609674,5,0.16942037956597372,0.016949943309779676
selection,js_a2,js,2,5,5,0.09834423732825597,0.0017001200810893504,5,0.08175752815985297,0.007296160110714518,5,0.005902346547203977,0.0006658338448529101,5,0.22730019654220626,0.0030531868079057456,5,1.0,0.0,5,0.08957999999999999,0.002452957398733214,5,0.08957999999999999,0.002452957398733214,5,0.19548081749848664,0.03674167850076342
selection,js_a4,js,4,5,5,0.09876715955734991,0.0011460067935171651,5,0.08991801129136229,0.009525350421722558,5,0.010363623616981383,0.0030438200980628222,5,0.22878402655475286,0.0024320263633425326,5,1.0,1.6653345369377348e-16,5,0.08757999999999999,0.0018417383093154128,5,0.08757999999999999,0.0018417383093154128,5,0.20163203715978256,0.03383077738328106
selection,kl_a0p5,kl,0.5,5,5,0.11104502725164042,0.0012519185909728274,5,0.0930917288487972,0.010687033534464487,5,0.011961997589895915,0.003939560415986051,5,0.24253195553987178,0.0036299385636523566,5,1.0,1.1102230246251565e-16,5,0.09708000000000001,0.004697552554256314,5,0.09708000000000001,0.004697552554256314,5,0.225077011926257,0.03486010148514441
selection,kl_a1,kl,1,5,5,0.11213964595453844,0.0013697827260370184,5,0.1052110879784351,0.03379436272692914,5,0.02398371289129562,0.011295751569276855,5,0.23986049176920682,0.007529423544844839,5,1.0,1.3597399555105182e-16,5,0.09276000000000001,0.006711780687716191,5,0.09276000000000001,0.006711780687716191,5,0.22590177617074186,0.11059565900263246
selection,kl_a2,kl,2,5,5,0.11205442956143544,0.0026126055802398016,5,0.10672739144639136,0.030133403859415687,5,0.024863847284293483,0.01324130266805824,5,0.24070022161777435,0.007099066465794329,5,0.9999999999999998,2.0770370905276122e-16,5,0.08997999999999999,0.004243465564842017,5,0.08997999999999999,0.004243465564842017,5,0.23743620499981546,0.07964569143379632
selection,kl_a4,kl,4,5,5,0.11135005499488423,0.0013546256920496191,5,0.10082643410101429,0.025871858228186204,5,0.023120197426369265,0.013990460346536773,5,0.24176255687763284,0.007340392140038521,5,1.0,1.5700924586837752e-16,5,0.08854000000000002,0.006802793543831825,5,0.08854000000000002,0.006802793543831825,5,0.23964320629697622,0.08670369492296146
final,js_a2,js,2,5,5,0.09105569357625032,0.00096820297040502,5,0.06695064124807247,0.007813767985385542,5,0.0022010690039567142,0.0005375301953933029,5,0.22492304686203904,0.005850707201805241,5,1.0,1.6653345369377348e-16,5,0.08875999999999999,0.003546547617049565,5,0.08875999999999999,0.003546547617049565,5,0.18031655815751846,0.03089856590657639
