case,dimension,noise_sd,architecture,loss,output_alpha,architecture_label,candidate,settings,fits,validation_brier_mean,validation_brier_se,validation_brier_count,evaluation_mse_mean,evaluation_mse_se,evaluation_mse_count,evaluation_brier_mean,evaluation_brier_se,evaluation_brier_count,local_gap_mean,local_gap_se,local_gap_count,c2_width_mean,c2_width_se,c2_width_count,estimable_mass_mean,estimable_mass_se,estimable_mass_count
equal_setting_average,,,baseline32,hellinger,2,MLP32,hellinger__baseline32__a2,5,50,0.20225008667055336,0.001466478328634752,50,0.12753193517564387,0.0041092093448323805,50,0.20268734721631682,0.0010472175343556604,50,0.10362954949012644,0.003952588371956054,50,0.29420633717680134,0.0023099822805841886,50,0.9999990000000001,9.999999999998898e-07,50
equal_setting_average,,,baseline32,kl,2,MLP32,kl__baseline32__a2,5,50,0.19669260388681356,0.0012395247037526934,50,0.10586774799221621,0.0025412282399688633,50,0.19724700688955327,0.0006751091306565851,50,0.08537137715459946,0.002964435709950138,50,0.29250440001718464,0.00234255647245316,50,0.9999969999999999,2.9999999999972023e-06,50
equal_setting_average,,,baseline32,chisq,2,MLP32,chisq__baseline32__a2,5,50,0.19598049503655773,0.0011823107306741308,50,0.10224702038597952,0.001843653392387833,50,0.1963534339116341,0.0005022946694265199,50,0.07440468182610686,0.0021627448775355758,50,0.28844640971700486,0.0021336377781713918,50,0.9999969999999999,1.6666666666635225e-06,50
equal_setting_average,,,baseline32,js,2,MLP32,js__baseline32__a2,5,50,0.19608714065910746,0.0011844746001245109,50,0.10252391883122851,0.0020074863450667076,50,0.19643393693866545,0.0005235736534763249,50,0.0741223177634704,0.0022563751558580787,50,0.29075108929617915,0.0018080286411392443,50,0.999998,1.4142135623715436e-06,50
equal_setting_average,,,baseline32,hellinger,1,MLP32,hellinger__baseline32__a1,5,50,0.20334073974126446,0.0013637864997328515,50,0.13238504254842115,0.0038536829247096576,50,0.20390161222747558,0.0009788127837863866,50,0.10397801005122587,0.004208000968539757,50,0.29404309420264385,0.0025948729483645304,50,0.999995,2.924988129129711e-06,50
equal_setting_average,,,baseline32,hellinger,3,MLP32,hellinger__baseline32__a3,5,50,0.20167693487192984,0.001389603161523313,50,0.12515338401989623,0.004066802455234405,50,0.202050256319925,0.0010302131703373123,50,0.1034646783450323,0.003626775446502239,50,0.2934840823845245,0.002156824455714789,50,0.9999990000000001,9.999999999942156e-07,50
equal_setting_average,,,baseline32,hellinger,4,MLP32,hellinger__baseline32__a4,5,50,0.1997277689475559,0.0013538732834039672,50,0.11717925490817245,0.003698956172024725,50,0.20005700342273053,0.0009350395574086979,50,0.09960479616488177,0.0037068682235017886,50,0.29273445746112403,0.00200429248161674,50,1.0,1.7358025238735565e-17,50
equal_setting_average,,,wide64,hellinger,1,MLP64,hellinger__wide64__a1,5,50,0.2050147896280698,0.0013554774479816285,50,0.13741326581201435,0.004058985832070898,50,0.20522719210706503,0.0010146225466945488,50,0.1146846730478674,0.004564625988107142,50,0.2993330187393741,0.0020184375176310713,50,0.999994,2.624669291340271e-06,50
equal_setting_average,,,wide64,hellinger,2,MLP64,hellinger__wide64__a2,5,50,0.20325039681831045,0.0013213430306503323,50,0.1303088193976935,0.004090768742068717,50,0.20343869238561457,0.0010264759607766499,50,0.1133155585668226,0.004416023172199097,50,0.29985486797312955,0.0018852428427757442,50,0.9999990000000001,9.99999999997176e-07,50
equal_setting_average,,,wide64,hellinger,3,MLP64,hellinger__wide64__a3,5,50,0.20275737654907178,0.0013429780708228377,50,0.12786542919503646,0.004146767776424541,50,0.20284841938166248,0.001032795513737064,50,0.11298141400397503,0.004281148474592301,50,0.2989745039034528,0.0016859731368285141,50,0.999998,1.414213562369799e-06,50
equal_setting_average,,,wide64,hellinger,4,MLP64,hellinger__wide64__a4,5,50,0.20196374934709516,0.0012310810659274195,50,0.12431220732323797,0.0037238205267025462,50,0.20197900488577814,0.0009424408731711503,50,0.11233674148006471,0.0037941350227471463,50,0.29711369623796546,0.001853022119300397,50,1.0,1.8724445165742406e-17,50
equal_setting_average,,,deep64,hellinger,1,Deep64,hellinger__deep64__a1,5,50,0.20329853485076504,0.0014748683569680192,50,0.1300106050167556,0.0046066056857559075,50,0.20333822969451246,0.0011643768010762712,50,0.11549490468601556,0.005162011955730828,50,0.2854566272966857,0.004219929844842038,50,0.999992,5.120763831913672e-06,50
equal_setting_average,,,deep64,hellinger,2,Deep64,hellinger__deep64__a2,5,50,0.20097239306748982,0.0015351274510667448,50,0.12106207512251557,0.004759197252754402,50,0.20111414177378792,0.0011901743990429857,50,0.11165507066939717,0.005116947833496891,50,0.28848509635036007,0.003554728971753214,50,1.0,1.703950230280151e-17,50
equal_setting_average,,,deep64,hellinger,3,Deep64,hellinger__deep64__a3,5,50,0.20025341937349345,0.0013851067097912602,50,0.11662765217266564,0.004266385864742097,50,0.19995285785769812,0.0010458511305613415,50,0.11018997492772482,0.004797139931550329,50,0.28872452999020803,0.003340212199274964,50,0.9999969999999999,1.6666666666687034e-06,50
equal_setting_average,,,deep64,hellinger,4,Deep64,hellinger__deep64__a4,5,50,0.1999978959542977,0.0012838087244244163,50,0.1149391671034528,0.004277266418919344,50,0.19950486502578846,0.001053221050791159,50,0.1095948333582752,0.0049945392662576775,50,0.28819367781255434,0.0035548178345723874,50,0.999992,4.66666666666298e-06,50
equal_setting_average,,,residual64,hellinger,1,Res64,hellinger__residual64__a1,5,50,0.20400936023984184,0.001401995027360356,50,0.13370775030680407,0.004298881694527188,50,0.20430882434665235,0.0010653595341910327,50,0.12758094997811162,0.004694265124071618,50,0.30347578528040486,0.002121562529604099,50,0.999998,2.0000000000039738e-06,50
equal_setting_average,,,residual64,hellinger,2,Res64,hellinger__residual64__a2,5,50,0.20257892191098859,0.0012582300591849336,50,0.12839002213687273,0.0035752940432698826,50,0.20298955637084842,0.0008833284345008774,50,0.11884650855886507,0.003822018959166304,50,0.30069468598216537,0.0016989104192476692,50,0.999998,1.9999999999995328e-06,50
equal_setting_average,,,residual64,hellinger,3,Res64,hellinger__residual64__a3,5,50,0.20252959339984714,0.0012388182596687915,50,0.12785349323165815,0.003420336846368068,50,0.20288884122308493,0.0008458773461935342,50,0.1169825949245806,0.003801426529745735,50,0.3002955804661111,0.0016414711094351222,50,1.0,1.6046041080059875e-17,50
equal_setting_average,,,residual64,hellinger,4,Res64,hellinger__residual64__a4,5,50,0.2028532468391698,0.0012328244940441884,50,0.1288490699517336,0.0035794792250953855,50,0.20312132218425324,0.0008945698085149988,50,0.11751558657273624,0.004185849347264656,50,0.3011293045591986,0.0016439038625117852,50,0.999998,1.4142135623724158e-06,50
equal_setting_average,,,bottleneck8_residual64,hellinger,1,B8-Res64,hellinger__bottleneck8_residual64__a1,5,50,0.1912569324945128,0.0012814352263354324,50,0.08199747761099745,0.004259484761394252,50,0.1913426625500873,0.0010536603047571614,50,0.09338359184135685,0.00391574664262311,50,0.2975254484310318,0.0016085735313015991,50,1.0,1.534804975950245e-17,50
equal_setting_average,,,bottleneck8_residual64,hellinger,2,B8-Res64,hellinger__bottleneck8_residual64__a2,5,50,0.19055294885125698,0.0012390496314736222,50,0.07862762872137054,0.0042276049871861855,50,0.19050946660319212,0.0010550148398258533,50,0.08568120440130819,0.0035399207814652773,50,0.2966120197763765,0.0015700433890738301,50,1.0,1.8724445165742406e-17,50
equal_setting_average,,,bottleneck8_residual64,hellinger,3,B8-Res64,hellinger__bottleneck8_residual64__a3,5,50,0.19092744901755426,0.0016194400351807882,50,0.08098198153578573,0.006059152069176427,50,0.19113248959273038,0.0015088834028234484,50,0.08280317687539977,0.0038009488923106257,50,0.29527092103059394,0.002142851717689487,50,1.0,1.8429553583944762e-17,50
equal_setting_average,,,bottleneck8_residual64,hellinger,4,B8-Res64,hellinger__bottleneck8_residual64__a4,5,50,0.19060640109602556,0.0017338009206759064,50,0.07957217650280494,0.006707691090876313,50,0.19080843873692133,0.0016826329580499743,50,0.07758060925674938,0.0027990224971337213,50,0.29411246838436683,0.002874937914864568,50,1.0,1.8429553583944762e-17,50
