case,dimension,noise_sd,train_n,alternative_loss,comparison,validation_brier_mean,validation_brier_se,validation_brier_count,evaluation_mse_mean,evaluation_mse_se,evaluation_mse_count,evaluation_brier_mean,evaluation_brier_se,evaluation_brier_count,local_gap_mean,local_gap_se,local_gap_count,c2_width_mean,c2_width_se,c2_width_count,estimable_mass_mean,estimable_mass_se,estimable_mass_count
D2_noise0.00,2,0.0,100,kl,Hellinger minus KL,0.004802163710955809,0.0006434141615584456,100,0.0179303677043217,0.0024596744350508888,100,0.004457300275771471,0.0006185001166873912,100,0.015552377123474723,0.002803639973923543,100,-0.002370825157514165,0.001539523480973288,100,4.999999999810711e-07,8.689364217552237e-07,100
D2_noise0.00,2,0.0,100,chisq,Hellinger minus Chi-square,0.008545753294594593,0.0009702454948554814,100,0.03233899049947974,0.003695902406634106,100,0.008035224051934449,0.0009228574637602871,100,0.02252895814498224,0.0038737936903005077,100,-0.001590769507239424,0.0031421377853851997,100,1.4999999999898428e-06,1.3209653647795501e-06,100
D2_noise0.00,2,0.0,100,js,Hellinger minus JS,0.005707942525604362,0.0008265637985589825,100,0.022516238020317294,0.003196953672565016,100,0.005619423018375899,0.0008009318441009268,100,0.018861265264378427,0.0036597304272390613,100,0.0050854983764127394,0.0029633057611121844,100,2.4999999999630874e-06,1.9299604852810488e-06,100
D2_noise0.00,2,0.0,200,kl,Hellinger minus KL,0.011909874616217326,0.0011369839103722705,100,0.044715757453463977,0.004232932576748261,100,0.01118445947133664,0.001062714327947436,100,0.023009438888130354,0.0038333053770010428,100,-0.0039904289185703915,0.001775034513876841,100,-2.220446049250313e-18,1.6846975980132482e-17,100
D2_noise0.00,2,0.0,200,chisq,Hellinger minus Chi-square,0.016106405782798386,0.0011996973663051316,100,0.05895393355626563,0.004376227581439105,100,0.014795046371398024,0.0010944096406232172,100,0.033411306707761323,0.0037813119438668457,100,-0.008597875909459575,0.0026892312452996055,100,4.999999999910631e-07,4.999999999989132e-07,100
D2_noise0.00,2,0.0,200,js,Hellinger minus JS,0.01312656854724624,0.0011142814032659562,100,0.04885639737727388,0.004073131517000576,100,0.012238917755347238,0.001015085714097131,100,0.032498535743835454,0.0036551446396778636,100,-0.0027644103131757706,0.002086079836319699,100,1.2212453270876722e-17,1.3927155389218954e-17,100
D2_noise0.00,2,0.0,500,kl,Hellinger minus KL,0.010100158060136153,0.0010517086200542505,100,0.04000978783661016,0.004065342343861883,100,0.009935790975068737,0.0010105074798916396,100,0.026287773379446707,0.0029745565332326353,100,-0.0016673343142731398,0.0015497451370234136,100,-2.2204460492503132e-17,1.5541520208754042e-17,100
D2_noise0.00,2,0.0,500,chisq,Hellinger minus Chi-square,0.011436683105974647,0.0012595924354003466,100,0.04521245511413359,0.004869857186371034,100,0.01125128677016529,0.0012227896204128447,100,0.029429370186029997,0.0032541377977235563,100,-0.004431943550716075,0.0017996070059508298,100,3.3306690738754695e-18,1.6882043508258828e-17,100
D2_noise0.00,2,0.0,500,js,Hellinger minus JS,0.010989773605361403,0.0011260737448375575,100,0.04376453946463238,0.004374199708644842,100,0.010889757522057677,0.0010935335874186311,100,0.029684478164846997,0.0029707569045533296,100,-0.0038497172303848565,0.0016100140945547203,100,1.2212453270876722e-17,1.4192812651449126e-17,100
D2_noise0.00,2,0.0,1000,kl,Hellinger minus KL,0.00615332316846304,0.0010204359105568895,100,0.02365519814719457,0.003936029483405061,100,0.005874997982394994,0.0009816905657978406,100,0.015502473977757409,0.0027262708367283006,100,-0.0012150090496502925,0.0011738652277305506,100,-2.6645352591003756e-17,1.3213826010467344e-17,100
D2_noise0.00,2,0.0,1000,chisq,Hellinger minus Chi-square,0.006017639125591867,0.0010417285416513256,100,0.02243762438117867,0.00395828231748258,100,0.005594967256115024,0.0009895103167682049,100,0.015931272215802303,0.0029856124303241902,100,-0.0005946182912337689,0.0012238227802179491,100,-8.881784197001253e-18,1.543541155786555e-17,100
D2_noise0.00,2,0.0,1000,js,Hellinger minus JS,0.0059515154279064396,0.0010840859931634012,100,0.02290734333927786,0.004092090713539663,100,0.005696399929809231,0.0010205318998730718,100,0.01587192755478544,0.002876472458051178,100,-0.0011890671791251817,0.0012433357744520716,100,-2.6645352591003756e-17,1.4036239489477043e-17,100
D2_noise0.00,2,0.0,2000,kl,Hellinger minus KL,0.004414804784991151,0.0009418126749855933,100,0.01669405898444448,0.0036149347665535834,100,0.004170847101329691,0.0009064790407307114,100,0.010221739302649557,0.002038087174023321,100,-0.00030111686109684957,0.0007641566993121704,100,-2.2204460492503132e-17,1.6092528983590676e-17,100
D2_noise0.00,2,0.0,2000,chisq,Hellinger minus Chi-square,0.004179169344861704,0.000919609090219848,100,0.015702766663098406,0.003554617006263212,100,0.003964753422960118,0.000892942432896785,100,0.008648156355972977,0.002122543455899025,100,-0.0006187550648092122,0.0007582881730353902,100,-4.4408920985006264e-17,1.601497417564193e-17,100
D2_noise0.00,2,0.0,2000,js,Hellinger minus JS,0.004335049916829078,0.0009193647944991115,100,0.016561920842239328,0.0036015125084372357,100,0.004150766360671441,0.0009035057480183916,100,0.009293917455663466,0.002090586487376625,100,-0.0015940909971980765,0.0007554847002731223,100,-2.2204460492503132e-17,1.5299299875335032e-17,100
D2_noise0.00,2,0.0,5000,kl,Hellinger minus KL,0.0017968173009016758,0.0006868653950275453,100,0.007479701527104654,0.0026139921251185304,100,0.0018557596187418221,0.0006645418282464178,100,0.004176858690761597,0.001584373832664825,100,-0.0008153317217377018,0.000884538651493104,100,9.992007221626408e-18,1.8677508732157736e-17,100
D2_noise0.00,2,0.0,5000,chisq,Hellinger minus Chi-square,0.0019555940517537312,0.0009599057468181945,100,0.008001827106619279,0.0035413054410239593,100,0.002015661799075895,0.000898788317313307,100,0.0019575592294104466,0.0015296617595604235,100,-0.002030032037181918,0.0011133601351865012,100,-4.440892098500626e-18,1.6163550755624074e-17,100
D2_noise0.00,2,0.0,5000,js,Hellinger minus JS,0.0012650487547133519,0.0005772545861937382,100,0.005555738284150489,0.0021031213129050212,100,0.0013915909258880744,0.0005341652686009621,100,0.004566318236714727,0.0014272111620637832,100,-0.0016865446010466182,0.0008616583951698273,100,1.4432899320127036e-17,1.6524253540080104e-17,100
D20_noise0.10,20,0.1,100,kl,Hellinger minus KL,0.004489615258494319,0.0004675477484016761,100,0.016491091684152782,0.0018199930569232133,100,0.004124694419833037,0.0004458343525613232,100,0.022520045120182696,0.0024493671495175655,100,0.0014883631969903996,0.0019266917272423869,100,-5.499999999982741e-06,4.654475417718317e-06,100
D20_noise0.10,20,0.1,100,chisq,Hellinger minus Chi-square,0.007650881595161715,0.0007381443411693784,100,0.029598037254153345,0.0031423220679133016,100,0.007425521528068372,0.000785706945698448,100,0.04389846842132097,0.0032264230359904046,100,0.005558041695540316,0.0034858491199722596,100,-1.9999999999953387e-06,5.455050481670117e-06,100
D20_noise0.10,20,0.1,100,js,Hellinger minus JS,0.006446501959504709,0.0007191361659572675,100,0.024963247270993492,0.0030148123083860176,100,0.0062959178246469304,0.0007589338816276685,100,0.03584558809742418,0.003157149125454214,100,0.008013002354128568,0.003374375431366658,100,-4.000000000015102e-06,4.95841290997831e-06,100
D20_noise0.10,20,0.1,200,kl,Hellinger minus KL,0.007911233336651956,0.0007495119398082083,100,0.030997871328986983,0.0027969623510067303,100,0.007722547351419021,0.0007053036683173308,100,0.03181220152016492,0.0033170271229732025,100,0.002454129236866502,0.0010500609268430596,100,-1.7763568394002505e-17,1.6975080513355378e-17,100
D20_noise0.10,20,0.1,200,chisq,Hellinger minus Chi-square,0.01016939008802352,0.0008568026808948232,100,0.0386792945280776,0.0029512637310507074,100,0.00954653111804894,0.0007380782942430236,100,0.05043505057517331,0.003651830588931456,100,0.0018792847397454688,0.0017590336029099224,100,-1.9984014443252817e-17,1.304884818959768e-17,100
D20_noise0.10,20,0.1,200,js,Hellinger minus JS,0.009448005251130763,0.0008516121408829489,100,0.03653308206337371,0.002950106652107265,100,0.009013801071274244,0.0007396513287918633,100,0.04942753941194637,0.0034585154148664412,100,0.006199653607872022,0.0017591630011515099,100,4.440892098500626e-18,1.3658610317041677e-17,100
D20_noise0.10,20,0.1,500,kl,Hellinger minus KL,0.008671752823896648,0.0009436682813252527,100,0.03505320263944233,0.00354661076466428,100,0.008758964207180493,0.000882834405741346,100,0.02064524573212442,0.0027756403819435334,100,-0.003482353208144108,0.0009990354042012442,100,-3.499999999986292e-06,2.4878492597791015e-06,100
D20_noise0.10,20,0.1,500,chisq,Hellinger minus Chi-square,0.008042060012485619,0.0009960951954321323,100,0.0327788578264689,0.003841397933414076,100,0.00820920062488627,0.0009656875654000512,100,0.02756558104587514,0.0031608713561697755,100,-0.004194054653465251,0.0011820992430016913,100,-3.499999999981851e-06,2.4878492597825456e-06,100
D20_noise0.10,20,0.1,500,js,Hellinger minus JS,0.00847751879855784,0.000990875060173152,100,0.03355553840998916,0.003739118600019939,100,0.008382656353837045,0.0009351215293725226,100,0.025823172873661718,0.003010781937104113,100,-0.0038615480459723234,0.001016713347393755,100,-3.499999999996284e-06,2.4878492597796356e-06,100
D20_noise0.10,20,0.1,1000,kl,Hellinger minus KL,0.005245511940960442,0.0008228229963268164,100,0.02214036790827367,0.003305430383810629,100,0.005485583160415747,0.0008212556395648609,100,0.018565261617413172,0.0026328892858482615,100,-0.0010229891376942262,0.0006651434574776573,100,1.5543122344752193e-17,1.554312234475219e-17,100
D20_noise0.10,20,0.1,1000,chisq,Hellinger minus Chi-square,0.005297897862190072,0.0009138622150856562,100,0.02177559944891648,0.003525641869027859,100,0.005392543779108223,0.0008759519827677984,100,0.020950076300493555,0.0026420490810975606,100,-0.0013738551943739913,0.0008266298961811572,100,3.3306690738754695e-18,1.650917735105551e-17,100
D20_noise0.10,20,0.1,1000,js,Hellinger minus JS,0.005490572183544533,0.000879599733867322,100,0.0229883590848045,0.0034543450995744695,100,0.005684708767332448,0.0008593171086028944,100,0.019676172497299936,0.0027257607820703983,100,-0.0020517764194569786,0.0007491493400073517,100,1.3322676295501878e-17,1.664624141732437e-17,100
D20_noise0.10,20,0.1,2000,kl,Hellinger minus KL,0.0027303728541732725,0.0005414253666592449,100,0.011110283115603048,0.0022609947976728064,100,0.002756757606723363,0.0005642516469159563,100,0.011167699718288687,0.001614326636745858,100,0.00051264429588736,0.000496824204209752,100,-8.881784197001253e-18,1.5515863533877753e-17,100
D20_noise0.10,20,0.1,2000,chisq,Hellinger minus Chi-square,0.002809989687919129,0.0005589296261055687,100,0.010396886701039226,0.0022950534020840232,100,0.0025436716071521813,0.0005728747297925822,100,0.012277908247503749,0.001799859878202852,100,0.00035988045107603896,0.0006133438346833868,100,1.8873791418627663e-17,1.6554364728171874e-17,100
D20_noise0.10,20,0.1,2000,js,Hellinger minus JS,0.0028884861125469006,0.0005391818021126966,100,0.011064085806822707,0.0022747399956689544,100,0.0027136496060647967,0.0005658969833302885,100,0.011197615438074435,0.001694646039759661,100,-0.00016222242567348445,0.0005405514854452016,100,1.7763568394002505e-17,1.667911848599876e-17,100
D20_noise0.10,20,0.1,5000,kl,Hellinger minus KL,0.001345132813037144,0.0003141030836597193,100,0.0047096097894126655,0.0012226516099380989,100,0.001168313603687161,0.00029309816378786754,100,0.004540634726121544,0.0012175598979047293,100,0.0011595933311624523,0.0003905373813329959,100,-2.220446049250313e-18,1.5297672203659024e-17,100
D20_noise0.10,20,0.1,5000,chisq,Hellinger minus Chi-square,0.001323481591193532,0.0003343734830286468,100,0.0041224738985341436,0.0012577345683584904,100,0.0010158881647800353,0.0003025979564934469,100,0.0033817674301529093,0.001234769963464688,100,6.853389982695634e-05,0.00045902734679035173,100,-2.220446049250313e-18,1.5778444863102626e-17,100
D20_noise0.10,20,0.1,5000,js,Hellinger minus JS,0.0013700335710000535,0.0003186212959171674,100,0.004465871045228256,0.0012539112834105256,100,0.001103912639081666,0.00030298421438312937,100,0.004419890308710874,0.0011985536747975002,100,0.00010755276013630467,0.00041299920297727143,100,6.661338147750939e-18,1.623272790219625e-17,100
D40_noise0.10,40,0.1,100,kl,Hellinger minus KL,0.0033946756636157676,0.00035320876182430984,100,0.012813129214338725,0.001291510460330436,100,0.0031973701135087733,0.0003210297548703172,100,0.01922296721681889,0.002169334468276393,100,0.004082474688605767,0.0008970798660016908,100,-9.99999999996559e-07,1.2268049987898842e-06,100
D40_noise0.10,40,0.1,100,chisq,Hellinger minus Chi-square,0.005727766814487165,0.0005265740427162118,100,0.020406429389275265,0.002009894581994916,100,0.00509432218089524,0.0005043301356054473,100,0.0350940901114375,0.003418449466676527,100,0.009752889581897723,0.0025512394722973595,100,1.000000000005441e-06,2.129636949189064e-06,100
D40_noise0.10,40,0.1,100,js,Hellinger minus JS,0.004836423381264914,0.0004883963671620409,100,0.018181649221170736,0.0018790296446830014,100,0.004546476062530567,0.0004670737685899168,100,0.034369975173492585,0.002946989002342383,100,0.01059586174847279,0.002226518801441405,100,4.999999999888428e-07,1.1225422086024721e-06,100
D40_noise0.10,40,0.1,200,kl,Hellinger minus KL,0.006138283646965526,0.0005388221493997943,100,0.022594891616381542,0.001945506765461863,100,0.005627794922546098,0.00048221696042057975,100,0.027615054031611422,0.002992168646733196,100,0.00014260145572828563,0.0012727925869663102,100,5.000000000088267e-07,4.999999999987339e-07,100
D40_noise0.10,40,0.1,200,chisq,Hellinger minus Chi-square,0.008748798775491791,0.0006788420817541869,100,0.03305917047497322,0.002497161701742939,100,0.008267401931036556,0.0006211170321738175,100,0.04695817690349131,0.0035639810623497394,100,0.0014977501609839288,0.001958470120071492,100,-9.992007221626408e-18,1.5061037866616606e-17,100
D40_noise0.10,40,0.1,200,js,Hellinger minus JS,0.008223626425461794,0.0006836609569114656,100,0.03096431062116297,0.0024971495809863104,100,0.007748304681950296,0.0006260497576691044,100,0.0468291597963057,0.0033844573421540052,100,0.005072144292676324,0.001655265880273788,100,2.220446049250313e-18,1.6013419248294645e-17,100
D40_noise0.10,40,0.1,500,kl,Hellinger minus KL,0.009790328855512188,0.000874415646720403,100,0.0384470078311934,0.0034381474000307615,100,0.009706084712004103,0.0008595960559570629,100,0.025383914012655717,0.0033873510457700477,100,-0.005040730012477814,0.0012501179944174462,100,-6.661338147750939e-18,1.5202969085372024e-17,100
D40_noise0.10,40,0.1,500,chisq,Hellinger minus Chi-square,0.009537800262282873,0.0009494349806860951,100,0.035902734006237474,0.0036456952292976386,100,0.009104188688041416,0.0009148424435349759,100,0.031621619410811645,0.003479725404947616,100,-0.005790790829459771,0.0013279966023922397,100,-3.3306690738754695e-18,1.781500993967467e-17,100
D40_noise0.10,40,0.1,500,js,Hellinger minus JS,0.009888033248730381,0.0009003643916215073,100,0.03793891895261214,0.003525565120563746,100,0.009611481811816085,0.0008840290547208684,100,0.03171965307689651,0.0036059521839353795,100,-0.00469978241099946,0.0013063781178374206,100,2.997602166487923e-17,1.5847338960659736e-17,100
D40_noise0.10,40,0.1,1000,kl,Hellinger minus KL,0.005805591828289819,0.0007435922843286399,100,0.022302432781222015,0.0029658367556932275,100,0.005627432156178901,0.0007458268453475531,100,0.015397135526335353,0.0020840328649040616,100,-0.0015187213683286972,0.0008260209067375342,100,-8.881784197001253e-18,1.6750626288636625e-17,100
D40_noise0.10,40,0.1,1000,chisq,Hellinger minus Chi-square,0.005628170646061098,0.0007667967028616877,100,0.020633043409138935,0.003001441385928271,100,0.005178030179619857,0.0007513632555074334,100,0.020471018280272077,0.002428300058293159,100,-0.0013718316555988146,0.0010306553955433165,100,1.2212453270876722e-17,1.54527440792098e-17,100
D40_noise0.10,40,0.1,1000,js,Hellinger minus JS,0.005879334495615175,0.0007472610398949345,100,0.02238083430078343,0.0029376036566904073,100,0.005616549303781696,0.0007322468820579092,100,0.018746673626316754,0.002202568200383517,100,-0.0017717922521825779,0.000966875923658707,100,1.4432899320127036e-17,1.4604409103670688e-17,100
D40_noise0.10,40,0.1,2000,kl,Hellinger minus KL,0.0029790044589976306,0.0005999913492910768,100,0.010933538903859135,0.002369922432450042,100,0.0027156265734766026,0.00059151672426332,100,0.010746303886464465,0.0019548861725906647,100,2.1761048892510182e-05,0.0005352548333565073,100,5.10702591327572e-17,1.650653760227024e-17,100
D40_noise0.10,40,0.1,2000,chisq,Hellinger minus Chi-square,0.002787001153717851,0.0006060985237997984,100,0.009497364967415397,0.002369062062070417,100,0.002320168131980506,0.0005938101638915534,100,0.011896103435220011,0.002016532984976823,100,-0.0003181300611086013,0.0006733555734276774,100,2.886579864025407e-17,1.877889031819242e-17,100
D40_noise0.10,40,0.1,2000,js,Hellinger minus JS,0.00292334527053981,0.0006014222237987305,100,0.01068531048173533,0.002333940529541959,100,0.0026264600088041503,0.000585085912793464,100,0.011802203713385384,0.0019686250515535365,100,-0.0008691369702335038,0.0006105435231222147,100,4.107825191113079e-17,1.5831618170161838e-17,100
D40_noise0.10,40,0.1,5000,kl,Hellinger minus KL,0.001748297266187201,0.0004349412610526213,100,0.007076196706339466,0.0019281781753558568,100,0.0017962446273124047,0.0004820561317875773,100,0.006595682449130998,0.0014274859200955922,100,0.0009931819106707874,0.00041528830768799003,100,5.551115123125783e-18,1.6351560996640356e-17,100
D40_noise0.10,40,0.1,5000,chisq,Hellinger minus Chi-square,0.0017067939566782465,0.0004375959751757303,100,0.0062981994774108764,0.0018992443196312124,100,0.0016117890281317638,0.0004763445765632544,100,0.004979858134834183,0.00155839909964835,100,0.0005651473042258831,0.0005258943572280188,100,-1.1102230246251566e-17,1.7177770870677926e-17,100
D40_noise0.10,40,0.1,5000,js,Hellinger minus JS,0.0017831627178664742,0.0004316486840985016,100,0.007292129225681038,0.0019138884009507855,100,0.0018729286152350743,0.0004783438015413566,100,0.006391034897505499,0.0015242732457929288,100,0.00022757638733320707,0.00044924006203042263,100,1.2212453270876722e-17,1.676659925800186e-17,100
D40_noise0.30,40,0.3,100,kl,Hellinger minus KL,0.0018288443314116607,0.0001848336852784882,100,0.0073902786095385075,0.0006941139640901349,100,0.001821650401001848,0.00016438477088197585,100,0.009716437319221815,0.001524194231337659,100,-0.0012327847530250841,0.0016959855942817838,100,-2.5000000000097165e-06,5.0938168103070656e-06,100
D40_noise0.30,40,0.3,100,chisq,Hellinger minus Chi-square,0.0034137866274187756,0.0003954084074824281,100,0.013704054248183098,0.0014935389182847228,100,0.0033907817121793717,0.00036749762413819,100,0.019062183566168914,0.002265946359811167,100,0.0015996199753107166,0.003821473127917085,100,1.499999999966528e-06,6.334728713906481e-06,100
D40_noise0.30,40,0.3,100,js,Hellinger minus JS,0.0031633388410986923,0.00042416293601926666,100,0.012971030547296664,0.0015711581198743602,100,0.003200965043879071,0.00038796086081361436,100,0.011318183711859315,0.002314337073603581,100,-0.004933788208286854,0.0038108390769818804,100,-5.0000000000094414e-06,5.573204290226019e-06,100
D40_noise0.30,40,0.3,200,kl,Hellinger minus KL,0.0018543374835035856,0.00012989375774566847,100,0.007275795316472327,0.0005527715173401336,100,0.001848794079772404,0.0001389120787608928,100,0.014949885682601787,0.0011106579764405431,100,0.007120579636313533,0.0007770761244620182,100,3.552713678800501e-17,3.0151134457760026e-06,100
D40_noise0.30,40,0.3,200,chisq,Hellinger minus Chi-square,0.0030275398954193312,0.00019849308197025754,100,0.011840521870532124,0.0008463816343918486,100,0.003019098292054684,0.00021148280387326676,100,0.031624132832695634,0.001759950442004947,100,0.020287427661854807,0.0013544283308422962,100,1.3999999999986246e-05,8.011355577044236e-06,100
D40_noise0.30,40,0.3,200,js,Hellinger minus JS,0.002809226975429323,0.00019256667084383496,100,0.011122274587730694,0.0008350441630175037,100,0.002845730325559501,0.00020436139471310683,100,0.025395416192962383,0.0017597917995130939,100,0.016012031799542872,0.0013155738822083372,100,4.9999999999961185e-06,3.0567031820930934e-06,100
D40_noise0.30,40,0.3,500,kl,Hellinger minus KL,0.0033663240337225443,0.0002800526681432603,100,0.012548653439649823,0.000929151732844977,100,0.0031111761444801056,0.0002389951009070355,100,0.017161760087414074,0.0021130187219568497,100,0.0011307818501153433,0.0008139129971289107,100,-2.499999999996394e-06,1.3055824196655071e-06,100
D40_noise0.30,40,0.3,500,chisq,Hellinger minus Chi-square,0.004242314233836884,0.00036270966262806766,100,0.015177094019813151,0.0013004081521295623,100,0.0038110348137120565,0.0003373898105501182,100,0.02987873594724876,0.0026918816269089567,100,0.005830112040924751,0.0016308536436625196,100,-5.000000000077164e-07,1.6659089186546054e-06,100
D40_noise0.30,40,0.3,500,js,Hellinger minus JS,0.004263081519972824,0.00034988382650791457,100,0.015941783569596916,0.0012537135412172854,100,0.003996294255743233,0.00032416994854486366,100,0.030719509607070514,0.002428794380717419,100,0.006442939063075889,0.0013967422792705497,100,-1.1102230246251566e-17,1.7407765595590414e-06,100
D40_noise0.30,40,0.3,1000,kl,Hellinger minus KL,0.007768091821858483,0.00048822432339200474,100,0.02968028657052627,0.0017510665925922016,100,0.007408085944505145,0.0004526584937853912,100,0.008267657670867455,0.003319452600265958,100,-0.00784869359499578,0.0011573104791547737,100,1.5543122344752193e-17,1.437801706935778e-17,100
D40_noise0.30,40,0.3,1000,chisq,Hellinger minus Chi-square,0.00782552777108906,0.0005285627499951273,100,0.029129495091418506,0.001866642725681577,100,0.007227006235433939,0.0004765214033906344,100,0.011071822370095092,0.003322926335643965,100,-0.010604488637037193,0.0012316887166376885,100,-2.1094237467877975e-17,1.4944856435641672e-17,100
D40_noise0.30,40,0.3,1000,js,Hellinger minus JS,0.008722648079895283,0.0005247513459073659,100,0.032853129087667104,0.0018567202515670483,100,0.00815181597109484,0.0004761719952256905,100,0.01666699672424852,0.0033273350622748483,100,-0.008224636639082959,0.0011796904637333449,100,-5.551115123125783e-18,1.6653345369377347e-17,100
D40_noise0.30,40,0.3,2000,kl,Hellinger minus KL,0.006745731443496423,0.000577106304999923,100,0.025357886497152114,0.0022244160276391465,100,0.0063239256217096414,0.0005611822792969517,100,0.002487671050393456,0.0021260045724804974,100,-0.007973545186628248,0.0009714082263050732,100,0.0,1.6399080890483395e-17,100
D40_noise0.30,40,0.3,2000,chisq,Hellinger minus Chi-square,0.0066358745275316225,0.000641716284174402,100,0.024341520404376156,0.0023917650032892887,100,0.006039688486961228,0.0006029127036096962,100,0.0067041856444002915,0.002039987271544592,100,-0.009009339859753227,0.0010154062671042469,100,5.551115123125783e-18,1.4580519185537788e-17,100
D40_noise0.30,40,0.3,2000,js,Hellinger minus JS,0.0073035994009553636,0.0006341009332268588,100,0.02751964440691227,0.0023779493485582255,100,0.006807068518959285,0.0005986411083112312,100,0.007700723023780912,0.0019282759844134135,100,-0.008331151328309194,0.0009408139670394043,100,1.8873791418627663e-17,1.4553168401507713e-17,100
D40_noise0.30,40,0.3,5000,kl,Hellinger minus KL,0.0031429631315708383,0.00048374796640474467,100,0.012045184022495197,0.0018719563578838186,100,0.002988182716428399,0.0004669557889236471,100,0.0064966689644762494,0.0011713954614248796,100,-0.0009655149990313583,0.0005827956138641542,100,1.1102230246251566e-18,1.4069463501548847e-17,100
D40_noise0.30,40,0.3,5000,chisq,Hellinger minus Chi-square,0.0028375682744412874,0.0004921430433475926,100,0.01069917195517891,0.0018681025647878384,100,0.002655547880959016,0.00046466707420469213,100,0.00742357881859561,0.0013772893600374565,100,-0.0025343616961528963,0.0006861412652845942,100,6.661338147750939e-18,1.495526647328939e-17,100
D40_noise0.30,40,0.3,5000,js,Hellinger minus JS,0.00326435188246579,0.0004961426796265239,100,0.012329406192069941,0.0018993496855262313,100,0.003076148313804188,0.00047264175528973266,100,0.007730309265629327,0.0012294282462430575,100,-0.0021755141886078207,0.0006034294873842285,100,1.5543122344752193e-17,1.6171251718829884e-17,100
D100_noise0.30,100,0.3,100,kl,Hellinger minus KL,0.002064523336990485,0.00014268929322250977,100,0.008443001373707053,0.000588138697514417,100,0.002083623069276161,0.00014335994073261336,100,0.0032609245356374963,0.001862697418776003,100,-0.014473047508662195,0.002108237280594981,100,-9.999999999980024e-06,5.550502752730399e-06,100
D100_noise0.30,100,0.3,100,chisq,Hellinger minus Chi-square,0.005058361762441264,0.0004068668337324801,100,0.020438856376662415,0.001734412714779207,100,0.005036145438556754,0.00042643269519280607,100,0.008067609452093817,0.003212229793486881,100,-0.03434622797097762,0.005148967840107819,100,-1.1500000000008726e-05,5.81077890778496e-06,100
D100_noise0.30,100,0.3,100,js,Hellinger minus JS,0.004413447920705168,0.00039520916328227967,100,0.017791853135898372,0.0016771439319261609,100,0.004382615723677604,0.00041061995599065635,100,0.0002881447949719794,0.0031325458908905176,100,-0.03733042835349206,0.004870550345495277,100,-1.0999999999998788e-05,6.259538176399235e-06,100
D100_noise0.30,100,0.3,200,kl,Hellinger minus KL,0.002049761665234054,0.0002108704703309165,100,0.008749139848620647,0.0009745969501810344,100,0.002164925751164638,0.000248457088518386,100,0.008531605199834015,0.0013099287890456605,100,-0.005240033512405353,0.002668296925361468,100,-6.499999999999284e-06,5.802080783145599e-06,100
D100_noise0.30,100,0.3,200,chisq,Hellinger minus Chi-square,0.003850943335896982,0.00035364902370717656,100,0.015977736767384988,0.0015008133930047088,100,0.00393265299866312,0.0003756858539923261,100,0.01606771242354524,0.002162065184256258,100,-0.002107948214353077,0.0036966212120811805,100,-6.499999999987071e-06,6.382385798806546e-06,100
D100_noise0.30,100,0.3,200,js,Hellinger minus JS,0.0036855456559585975,0.00035364716927865604,100,0.015618177841318364,0.00153258457497657,100,0.0038435062469999158,0.00037936039166857027,100,0.010586404305680228,0.0022970135393174823,100,-0.007102195953453543,0.003775587960615775,100,-4.999999999966143e-07,8.055834199293411e-06,100
D100_noise0.30,100,0.3,500,kl,Hellinger minus KL,0.002012882757987995,0.0001366880473232672,100,0.007610272346727764,0.0005316370791443244,100,0.0018875427391045227,0.0001307663225254229,100,0.017784702279224924,0.0011173091181229584,100,0.006590742214265893,0.0006622470622835563,100,-5.499999999987182e-06,3.089163202699898e-06,100
D100_noise0.30,100,0.3,500,chisq,Hellinger minus Chi-square,0.0031663971479747076,0.00020694384723838106,100,0.01234719881095847,0.0008174704914113883,100,0.0030737548828265082,0.00020460073164725636,100,0.036279710857555734,0.0017961094719003686,100,0.017189041073305353,0.0013214363454280115,100,-2.999999999967473e-06,3.1638743669905155e-06,100
D100_noise0.30,100,0.3,500,js,Hellinger minus JS,0.0029725374592304453,0.00020615220821771797,100,0.011797588286945992,0.000793686112998653,100,0.0029315446412847847,0.00019918132569600818,100,0.03106184635101421,0.0015772275869655422,100,0.01607319121073039,0.0012554316295956749,100,5.000000000188187e-07,3.859593844752606e-06,100
D100_noise0.30,100,0.3,1000,kl,Hellinger minus KL,0.0037348041384664523,0.0002761181611572871,100,0.01321863521631048,0.000905892302586208,100,0.003339192571809454,0.00023490780468799491,100,0.01958577927687625,0.002029648638102686,100,-0.0011374042857979839,0.0007882795914882526,100,1.5000000000020552e-06,1.113507516768419e-06,100
D100_noise0.30,100,0.3,1000,chisq,Hellinger minus Chi-square,0.004317465388672765,0.0003498255529470168,100,0.014816303076620645,0.001162391836892671,100,0.003776607316206084,0.0002952688685516743,100,0.03146668699901114,0.002824992110122537,100,0.0025146818197027128,0.0017269617857273948,100,2.0000000000086617e-06,3.2504855892065263e-06,100
D100_noise0.30,100,0.3,1000,js,Hellinger minus JS,0.004756439305226027,0.00036902886070969257,100,0.0170172028548114,0.0011878364848971893,100,0.0043243950943935155,0.00030191519614717916,100,0.03357875205413965,0.002317401617600362,100,0.0030192139410222885,0.0014547149755690131,100,-1.4999999999931734e-06,1.94039983383285e-06,100
D100_noise0.30,100,0.3,2000,kl,Hellinger minus KL,0.006108029131660765,0.0004158835766498359,100,0.023750802924772225,0.0014783714122924968,100,0.005986387929570287,0.00036537269132943704,100,0.0027454034448979986,0.0026653640299277993,100,-0.010355297529057853,0.0009847663007212792,100,-4.999999999988347e-07,5.000000000010775e-07,100
D100_noise0.30,100,0.3,2000,chisq,Hellinger minus Chi-square,0.006146255905827814,0.0005259762642514735,100,0.022131225795392666,0.001676004167433611,100,0.005585392489359835,0.00042149916817773024,100,0.0007367987087655085,0.0029593355106028035,100,-0.0144189457363859,0.0012340339312512999,100,-4.999999999977245e-07,4.999999999999675e-07,100
D100_noise0.30,100,0.3,2000,js,Hellinger minus JS,0.007112888950801367,0.0005272088879065631,100,0.026359640832855545,0.0016823539706013154,100,0.0066360575007289825,0.00042200688225932245,100,0.0062736012586023715,0.002772388082310447,100,-0.012024982756139151,0.0011706354890358836,100,-4.99999999985512e-07,5.000000000000907e-07,100
D100_noise0.30,100,0.3,5000,kl,Hellinger minus KL,0.005756322978194382,0.0005774767192596541,100,0.02208573317345961,0.0019209697275512604,100,0.005571681359942752,0.0004810933899433605,100,0.0009679035687264595,0.0016113919370304571,100,-0.007068598780393877,0.0008269070062772273,100,-4.999999999999449e-07,4.999999999999449e-07,100
D100_noise0.30,100,0.3,5000,chisq,Hellinger minus Chi-square,0.005443318754604889,0.0005899178080338261,100,0.020659983634897038,0.00196991174658071,100,0.005234492183279538,0.0004970342772572089,100,0.004957758294433982,0.0018103687523727953,100,-0.008525647550574613,0.0009490621839849309,100,-5.000000000021654e-07,5.000000000021654e-07,100
D100_noise0.30,100,0.3,5000,js,Hellinger minus JS,0.006089740104654606,0.0005816714205725158,100,0.022960466243722836,0.0019464724158493318,100,0.0058050187493612435,0.0004927178426307868,100,0.004418550060142124,0.0016644137496166025,100,-0.007909655389226895,0.000902808054587497,100,-4.99999999969969e-07,4.999999999991263e-07,100
equal_setting_average,,,100,kl,Hellinger minus KL,0.0033159644602936086,0.00018020686284077675,500,0.012613573717211755,0.0006887110757202448,500,0.003136927655878258,0.00017110759109787793,500,0.014054550263067123,0.0009870890192992243,500,-0.0025011639067210557,0.0007538715384886163,500,-3.6999999999975937e-06,1.796433053907518e-06,500
equal_setting_average,,,100,chisq,Hellinger minus Chi-square,0.006079310018820702,0.0002888184232523619,500,0.02329727355355077,0.0011456422613400764,500,0.005796398982326837,0.00028567460761455695,500,0.025730261939200687,0.0014498939695040992,500,-0.003805289245093657,0.0016691138185327189,500,-1.9000000000084509e-06,2.0969675074432383e-06,500
equal_setting_average,,,100,js,Hellinger minus JS,0.004913530925635569,0.0002664582540487583,500,0.01928480363913531,0.001060598096377024,500,0.004809079534622014,0.0002649341607768351,500,0.0201366314084253,0.0013742628777513235,500,-0.0037139708165529637,0.001592102153726072,500,-3.40000000001428e-06,1.998130439316444e-06,500
equal_setting_average,,,200,kl,Hellinger minus KL,0.0059726981497144884,0.0002970635361402115,500,0.022866691112785095,0.0011096145048148632,500,0.0057097043152477605,0.0002785947375486208,500,0.0211836370644685,0.0012263677561217888,500,9.736957958651517e-05,0.0007374830772316139,500,-1.199999999994983e-06,1.3115647220788677e-06,500
equal_setting_average,,,200,chisq,Hellinger minus Chi-square,0.008380615575526001,0.0003345850153385518,500,0.03170213143944671,0.001217636148134138,500,0.007912146142240265,0.00030424616578042084,500,0.03569927588853336,0.0013872000446822305,500,0.002591727687754311,0.0010892429225305357,500,1.5999999999920524e-06,2.0510160083884683e-06,500
equal_setting_average,,,200,js,Hellinger minus JS,0.0074585945710453445,0.00032226739402101313,500,0.028618848498171923,0.0011760170045889092,500,0.00713805201622624,0.0002936051280642907,500,0.032947411090146025,0.001343861616240841,500,0.003483444686692381,0.0010231732555225253,500,9.000000000036757e-07,1.7232515659638714e-06,500
equal_setting_average,,,500,kl,Hellinger minus KL,0.0067882893062511055,0.0003381311395964849,500,0.0267337848187247,0.001297262884071493,500,0.006679911755567593,0.00032333548049411174,500,0.02145267909817317,0.0011617149562837329,500,-0.0004937786941027651,0.000492487655355548,500,-2.2999999999997467e-06,8.351495359955163e-07,500
equal_setting_average,,,500,chisq,Hellinger minus Chi-square,0.007285050952510946,0.0003823396175917295,500,0.02828366795552232,0.0014713566551977056,500,0.007089893155926308,0.00036988630522928796,500,0.03095500348950425,0.0013139443726277876,500,0.0017204728161178018,0.0006574312616297849,500,-1.3999999999914083e-06,8.712002634240454e-07,500
equal_setting_average,,,500,js,Hellinger minus JS,0.007318188926370578,0.00035919069734003176,500,0.028599673736755316,0.00138196925732605,500,0.007162346916947765,0.0003462100349293727,500,0.02980173201469799,0.0012534717326922321,500,0.0020210165172899275,0.0005952973298609377,500,-5.999999999892757e-07,9.82164173978027e-07,500
equal_setting_average,,,1000,kl,Hellinger minus KL,0.0057414645796076465,0.00032161224137298354,500,0.022199384124705398,0.0012506200198853484,500,0.005547058363060848,0.0003133379175544542,500,0.015463661613849928,0.001163547864220369,500,-0.002548563487293396,0.000422537013279834,500,2.9999999999952284e-07,2.227015033536838e-07,500
equal_setting_average,,,1000,chisq,Hellinger minus Chi-square,0.005817340158720973,0.00034117890816103577,500,0.021758413081454646,0.0012952576536660993,500,0.005433830953296625,0.0003240509612673565,500,0.01997817523313483,0.001277706788876261,500,-0.002286022391708211,0.0005565164447187077,500,3.9999999999884574e-07,6.500971178413053e-07,500
equal_setting_average,,,1000,js,Hellinger minus JS,0.0061601018984374905,0.00034169480354290943,500,0.023629373733468857,0.0012987006941712884,500,0.005894773813282346,0.00032459139254031454,500,0.02090810449135806,0.0012164979440055135,500,-0.002043611709765082,0.0005118524351328148,500,-2.999999999995229e-07,3.8807996676657e-07,500
equal_setting_average,,,2000,kl,Hellinger minus KL,0.004595588534663848,0.0002860876088366966,500,0.0175693140851662,0.00111229477880772,500,0.004390708966561917,0.00027845279395839333,500,0.007473763480538834,0.0009424540438886702,500,-0.003619110846400616,0.0003481761678686965,500,-9.999999999577012e-08,1.000000000002155e-07,500
equal_setting_average,,,2000,chisq,Hellinger minus Chi-square,0.004511658123971624,0.0002975828924005088,500,0.01641395290626437,0.001132158240420281,500,0.004090734827682773,0.00028420467499264953,500,0.008052630478372508,0.0009945915003703259,500,-0.004801058054196181,0.0003979190355803405,500,-9.999999999776855e-08,9.99999999999935e-08,500
equal_setting_average,,,2000,js,Hellinger minus JS,0.004912673930334503,0.0002951400032106625,500,0.018438120474113036,0.0011327412904714115,500,0.004586800399045731,0.0002839259440789649,500,0.009253612177901315,0.0009491521607388673,500,-0.004596316895510682,0.00037369692549749317,500,-9.999999998600017e-08,1.0000000000001814e-07,500
equal_setting_average,,,5000,kl,Hellinger minus KL,0.002757906697978248,0.00023040053601539683,500,0.01067928504376232,0.0008772695860537871,500,0.0026760363852225077,0.00021994536121095284,500,0.00455554967984337,0.0006324289651957296,500,-0.0013393340518659395,0.00029194645915137866,500,-9.99999999971024e-08,9.999999999998898e-08,500
equal_setting_average,,,5000,chisq,Hellinger minus Chi-square,0.002653351325734337,0.00026943813403214974,500,0.00995633121452805,0.0010020025736215414,500,0.0025066758112452497,0.0002521308137338764,500,0.004540104381485427,0.0006772736733687819,500,-0.0024912720159713177,0.00035204264717131963,500,-1.0000000000265354e-07,1.0000000000043308e-07,500
equal_setting_average,,,5000,js,Hellinger minus JS,0.0027544674061400548,0.00021959619068057107,500,0.010520722198170513,0.0008259458981876345,500,0.002649919848674049,0.00020708508996140047,500,0.00550522055374051,0.00063493742944965,500,-0.0022873170062823645,0.0003029210916811476,500,-9.999999998422383e-08,9.999999999982526e-08,500
