case,dimension,noise_sd,architecture,loss,output_alpha,architecture_label,candidate,settings,fits,validation_brier_mean,validation_brier_se,validation_brier_count,evaluation_mse_mean,evaluation_mse_se,evaluation_mse_count,evaluation_brier_mean,evaluation_brier_se,evaluation_brier_count,local_gap_mean,local_gap_se,local_gap_count,c2_width_mean,c2_width_se,c2_width_count,estimable_mass_mean,estimable_mass_se,estimable_mass_count,train_n
D2_noise0.00,2,0.0,bottleneck8_residual64,hellinger,2,B8-Res64,hellinger__bottleneck8_residual64__a2,1,100,0.21214720815207308,0.0012335577784791066,100,0.17888109061066243,0.004434069672728182,100,0.21199838343269442,0.001107300885058098,100,0.1419550584976494,0.005073255884416734,100,0.2923849381301846,0.0030788564679363403,100,0.9999994999999999,4.999999999997766e-07,100,100
D2_noise0.00,2,0.0,bottleneck8_residual64,kl,2,B8-Res64,kl__bottleneck8_residual64__a2,1,100,0.20734504444111723,0.0014394733831956405,100,0.16095072290634074,0.0051729693663945175,100,0.20754108315692293,0.00129665455729928,100,0.12640268137417465,0.004654699323483335,100,0.2947557632876989,0.0028144584957648837,100,0.999999,7.035264706821997e-07,100,100
D2_noise0.00,2,0.0,bottleneck8_residual64,chisq,2,B8-Res64,chisq__bottleneck8_residual64__a2,1,100,0.20360145485747846,0.0014033576432585118,100,0.1465421001111827,0.004887139813566023,100,0.20396315938076,0.001222487691908479,100,0.11942610035266714,0.0036289254359033653,100,0.2939757076374241,0.0028319776603917004,100,0.9999979999999999,1.2143918126971044e-06,100,100
D2_noise0.00,2,0.0,bottleneck8_residual64,js,2,B8-Res64,js__bottleneck8_residual64__a2,1,100,0.20643926562646864,0.0012977228597333091,100,0.15636485259034516,0.004535586821387805,100,0.20637896041431855,0.0011279905521374332,100,0.12309379323327095,0.004344362134198497,100,0.287299439753772,0.002782463013956417,100,0.9999969999999999,1.8559214542758894e-06,100,100
D20_noise0.10,20,0.1,bottleneck8_residual64,hellinger,2,B8-Res64,hellinger__bottleneck8_residual64__a2,1,100,0.21152187260748279,0.0009983561337032327,100,0.17562537536957662,0.003513275858697508,100,0.2121116994514249,0.0008738920459414966,100,0.16537859031818575,0.0038191822162473143,100,0.30409224335791996,0.0033264764969588322,100,0.9999924999999998,4.16666666666571e-06,100,100
D20_noise0.10,20,0.1,bottleneck8_residual64,kl,2,B8-Res64,kl__bottleneck8_residual64__a2,1,100,0.20703225734898845,0.0009902024524369379,100,0.15913428368542384,0.0033193717893291287,100,0.2079870050315919,0.0008244022754866469,100,0.14285854519800303,0.0033778234592652047,100,0.3026038801609295,0.0029216720746759635,100,0.9999979999999999,2.0000000000007555e-06,100,100
D20_noise0.10,20,0.1,bottleneck8_residual64,chisq,2,B8-Res64,chisq__bottleneck8_residual64__a2,1,100,0.2038709910123211,0.0007506283637673329,100,0.14602733811542332,0.002116244408824414,100,0.2046861779233566,0.0005393053041840422,100,0.12148012189686472,0.0032649550110540296,100,0.29853420166237954,0.0020082143935896577,100,0.9999945,3.4004604560455695e-06,100,100
D20_noise0.10,20,0.1,bottleneck8_residual64,js,2,B8-Res64,js__bottleneck8_residual64__a2,1,100,0.20507537064797807,0.0007182382946104772,100,0.15066212809858318,0.0019890171706818402,100,0.20581578162677808,0.0005090103242704779,100,0.12953300222076156,0.0033919844967566647,100,0.2960792410037913,0.0018962111373888426,100,0.9999965000000001,2.5873624493751124e-06,100,100
D40_noise0.10,40,0.1,bottleneck8_residual64,hellinger,2,B8-Res64,hellinger__bottleneck8_residual64__a2,1,100,0.2113605435379692,0.0009562000230661363,100,0.17167043732787335,0.00320689258733524,100,0.21141930870866804,0.0008138550135599079,100,0.15583901044997225,0.003980160020915146,100,0.3027579358276011,0.002943727948875846,100,0.9999979999999999,9.847319278349633e-07,100,100
D40_noise0.10,40,0.1,bottleneck8_residual64,kl,2,B8-Res64,kl__bottleneck8_residual64__a2,1,100,0.20796586787435345,0.0009711641215941913,100,0.1588573081135346,0.003188034090148596,100,0.2082219385951593,0.0008090248715457308,100,0.13661604323315338,0.0036391404241510328,100,0.2986754611389953,0.00280373032014028,100,0.999999,7.035264706820086e-07,100,100
D40_noise0.10,40,0.1,bottleneck8_residual64,chisq,2,B8-Res64,chisq__bottleneck8_residual64__a2,1,100,0.20563277672348204,0.0008582825176877056,100,0.15126400793859804,0.0025966695808673098,100,0.20632498652777284,0.0006557182755812412,100,0.12074492033853476,0.0034286415177089006,100,0.29300504624570334,0.002515606993163615,100,0.9999969999999999,1.8559214542756476e-06,100,100
D40_noise0.10,40,0.1,bottleneck8_residual64,js,2,B8-Res64,js__bottleneck8_residual64__a2,1,100,0.2065241201567043,0.0008474077954637436,100,0.15348878810670258,0.0025975896826629006,100,0.20687283264613746,0.0006588040962242259,100,0.12146903527647968,0.0038082301814683322,100,0.2921620740791282,0.002149264160185514,100,0.9999975000000001,1.095214567786372e-06,100,100
D40_noise0.30,40,0.3,bottleneck8_residual64,hellinger,2,B8-Res64,hellinger__bottleneck8_residual64__a2,1,100,0.22477909387731118,0.0008789306718294609,100,0.2002288249113221,0.003125680561780792,100,0.22477456644275493,0.000792022978269903,100,0.13488993015776862,0.0031488478898127116,100,0.2864483146381415,0.004028422047898842,100,0.9999845,5.009838804640226e-06,100,100
D40_noise0.30,40,0.3,bottleneck8_residual64,kl,2,B8-Res64,kl__bottleneck8_residual64__a2,1,100,0.2229502495458995,0.0008478273593871996,100,0.1928385463017836,0.0029308239948413885,100,0.22295291604175305,0.000744718745155208,100,0.12517349283854684,0.0026349963293153572,100,0.2876810993911666,0.0035373253311342836,100,0.9999870000000002,3.37997668989576e-06,100,100
D40_noise0.30,40,0.3,bottleneck8_residual64,chisq,2,B8-Res64,chisq__bottleneck8_residual64__a2,1,100,0.2213653072498924,0.0007422855355427391,100,0.18652477066313902,0.002400530225102555,100,0.2213837847305756,0.0006187179885637208,100,0.11582774659159972,0.0024401661709734525,100,0.2848486946628309,0.002255880911348859,100,0.999983,4.507009131689666e-06,100,100
D40_noise0.30,40,0.3,bottleneck8_residual64,js,2,B8-Res64,js__bottleneck8_residual64__a2,1,100,0.2216157550362125,0.0007634068637674854,100,0.1872577943640255,0.0024824818900792225,100,0.22157360139887583,0.0006381070944392197,100,0.1235717464459093,0.002512080243218465,100,0.2913821028464284,0.0022627106312386497,100,0.9999895000000001,4.03863913473276e-06,100,100
D100_noise0.30,100,0.3,bottleneck8_residual64,hellinger,2,B8-Res64,hellinger__bottleneck8_residual64__a2,1,100,0.23356720389223856,0.0010075240674456956,100,0.23519919573769812,0.0037664174343124903,100,0.2335826740739138,0.0009659225491018065,100,0.12255006364159488,0.0039450060581620525,100,0.2452341266739361,0.005370183128695715,100,0.9999745,5.09976232363578e-06,100,100
D100_noise0.30,100,0.3,bottleneck8_residual64,kl,2,B8-Res64,kl__bottleneck8_residual64__a2,1,100,0.23150268055524809,0.0010193733540562152,100,0.22675619436399103,0.0037766802836706236,100,0.2314990510046377,0.0009709042776871083,100,0.11928913910595738,0.003948735533359175,100,0.25970717418259837,0.0047274215191469215,100,0.9999844999999999,3.8068916772655327e-06,100,100
D100_noise0.30,100,0.3,bottleneck8_residual64,chisq,2,B8-Res64,chisq__bottleneck8_residual64__a2,1,100,0.22850884212979733,0.0008930004374487671,100,0.21476033936103567,0.003242682414033225,100,0.22854652863535704,0.0008450444338017701,100,0.11448245418950105,0.0032439170698779825,100,0.27958035464491365,0.0026821181879912543,100,0.9999859999999999,4.148749355182823e-06,100,100
D100_noise0.30,100,0.3,bottleneck8_residual64,js,2,B8-Res64,js__bottleneck8_residual64__a2,1,100,0.2291537559715334,0.0009337338684809955,100,0.21740734260179972,0.003417664478755408,100,0.22920005835023619,0.0008904264167178581,100,0.12226191884662292,0.0036126290472526363,100,0.2825645550274282,0.003285353887092298,100,0.9999855,4.938766459492859e-06,100,100
D2_noise0.00,2,0.0,bottleneck8_residual64,hellinger,2,B8-Res64,hellinger__bottleneck8_residual64__a2,1,100,0.20422111604045792,0.0012540803780980196,100,0.1469364962696148,0.004320797133932747,100,0.20406639168465954,0.001078593384771297,100,0.12782820258906974,0.004181781344952352,100,0.2937013441467721,0.002539518054174134,100,1.0,1.1046016061013543e-17,100,200
D2_noise0.00,2,0.0,bottleneck8_residual64,kl,2,B8-Res64,kl__bottleneck8_residual64__a2,1,100,0.19231124142424058,0.0012962054385163497,100,0.10222073881615079,0.004176270021648451,100,0.1928819322133229,0.0010456528082899055,100,0.1048187637009394,0.003212215498024783,100,0.29769177306534256,0.0020850695987199496,100,1.0,1.2120865613991788e-17,100,200
D2_noise0.00,2,0.0,bottleneck8_residual64,chisq,2,B8-Res64,chisq__bottleneck8_residual64__a2,1,100,0.18811471025765958,0.0011598100964681014,100,0.08798256271334916,0.003618273025361598,100,0.1892713453132615,0.0009013495837564099,100,0.09441689588130842,0.0028701059361808485,100,0.3022992200562317,0.0017119547805558226,100,0.9999994999999999,5.000000000010214e-07,100,200
D2_noise0.00,2,0.0,bottleneck8_residual64,js,2,B8-Res64,js__bottleneck8_residual64__a2,1,100,0.19109454749321178,0.001257200507536812,100,0.09808009889234093,0.003935079898975495,100,0.19182747392931226,0.0009800033518848896,100,0.0953296668452343,0.002699078989105331,100,0.29646575445994794,0.0020006691018822787,100,1.0,9.791246743253678e-18,100,200
D20_noise0.10,20,0.1,bottleneck8_residual64,hellinger,2,B8-Res64,hellinger__bottleneck8_residual64__a2,1,100,0.20500762395996794,0.0008592172959013666,100,0.14910209039396932,0.0031420734039926124,100,0.20532740284312534,0.0007975441592083466,100,0.15154735509847256,0.0038210166175094823,100,0.30992077430848736,0.0016102084044548994,100,1.0,9.917590636263612e-18,100,200
D20_noise0.10,20,0.1,bottleneck8_residual64,kl,2,B8-Res64,kl__bottleneck8_residual64__a2,1,100,0.19709639062331596,0.0008586359323200473,100,0.11810421906498235,0.0026089933712428216,100,0.19760485549170637,0.0006664850856396517,100,0.11973515357830765,0.0029166039644734337,100,0.3074666450716208,0.0015174840700081065,100,1.0,1.2574609092054285e-17,100,200
D20_noise0.10,20,0.1,bottleneck8_residual64,chisq,2,B8-Res64,chisq__bottleneck8_residual64__a2,1,100,0.1948382338719444,0.0007759283664009593,100,0.11042279586589172,0.0022229630787808908,100,0.19578087172507644,0.0005704921569530375,100,0.10111230452329922,0.0026450891205185155,100,0.3080414895687419,0.0014942975587424934,100,1.0,1.0875630278670161e-17,100,200
D20_noise0.10,20,0.1,bottleneck8_residual64,js,2,B8-Res64,js__bottleneck8_residual64__a2,1,100,0.19555961870883717,0.0008566648914837536,100,0.11256900833059563,0.0024125566860621456,100,0.1963136017718511,0.0006217751980958771,100,0.10211981568652619,0.002779429890767932,100,0.30372112070061535,0.0015665442361301922,100,1.0,1.1433712877471906e-17,100,200
D40_noise0.10,40,0.1,bottleneck8_residual64,hellinger,2,B8-Res64,hellinger__bottleneck8_residual64__a2,1,100,0.20630840133981415,0.0008459265578975796,100,0.15072340228656594,0.002771338636148204,100,0.20607890854591246,0.0007044302415388636,100,0.1483795697196156,0.003734147603448555,100,0.3072597225781085,0.0015492049746666774,100,1.0,9.85462117018659e-18,100,200
D40_noise0.10,40,0.1,bottleneck8_residual64,kl,2,B8-Res64,kl__bottleneck8_residual64__a2,1,100,0.2001701176928486,0.0008127629555669944,100,0.12812851067018444,0.0025080299105056814,100,0.20045111362336637,0.000628506936172427,100,0.12076451568800418,0.003126417027360737,100,0.30711712112238027,0.0013431261380456268,100,0.9999994999999999,4.99999999999698e-07,100,200
D40_noise0.10,40,0.1,bottleneck8_residual64,chisq,2,B8-Res64,chisq__bottleneck8_residual64__a2,1,100,0.1975596025643223,0.0007388290652831576,100,0.11766423181159275,0.002025046779979776,100,0.19781150661487593,0.0005098982472823543,100,0.10142139281612432,0.0025636090929870656,100,0.3057619724171246,0.00149431107345016,100,1.0,1.1861288088963134e-17,100,200
D40_noise0.10,40,0.1,bottleneck8_residual64,js,2,B8-Res64,js__bottleneck8_residual64__a2,1,100,0.19808477491435234,0.0008033038552372561,100,0.11975909166540301,0.0022496431887871825,100,0.19833060386396217,0.0005678150466404388,100,0.10155040992330991,0.00263079535522948,100,0.3021875782854322,0.001402142912619923,100,1.0,1.1046016061013543e-17,100,200
D40_noise0.30,40,0.3,bottleneck8_residual64,hellinger,2,B8-Res64,hellinger__bottleneck8_residual64__a2,1,100,0.21736815983348748,0.0006320779135219863,100,0.1692452022135814,0.0015472157781046896,100,0.21713832226695917,0.0004085607245272513,100,0.14337147908680442,0.0029483543126513283,100,0.30955363774237676,0.001479316152013066,100,0.9999945,2.5519847692778162e-06,100,200
D40_noise0.30,40,0.3,bottleneck8_residual64,kl,2,B8-Res64,kl__bottleneck8_residual64__a2,1,100,0.2155138223499838,0.000631106365504533,100,0.16196940689710906,0.0014612358874736445,100,0.21528952818718675,0.0003864772663017941,100,0.12842159340420262,0.002639116995895943,100,0.30243305810606325,0.0012962675369745263,100,0.9999945,2.1195339682162845e-06,100,200
D40_noise0.30,40,0.3,bottleneck8_residual64,chisq,2,B8-Res64,chisq__bottleneck8_residual64__a2,1,100,0.2143406199380681,0.0006288605771201666,100,0.15740468034304925,0.001443165260766665,100,0.21411922397490454,0.0003830637988381098,100,0.11174734625410877,0.0024139380462282556,100,0.28926621008052195,0.0014054135399355601,100,0.9999804999999999,7.650675021386133e-06,100,200
D40_noise0.30,40,0.3,bottleneck8_residual64,js,2,B8-Res64,js__bottleneck8_residual64__a2,1,100,0.2145589328580581,0.0006303922995301759,100,0.15812292762585067,0.0014003051034367799,100,0.21429259194139966,0.00037430322086870693,100,0.11797606289384202,0.002435229668929836,100,0.29354160594283385,0.001412653944369519,100,0.9999895000000001,4.28144929676846e-06,100,200
D100_noise0.30,100,0.3,bottleneck8_residual64,hellinger,2,B8-Res64,hellinger__bottleneck8_residual64__a2,1,100,0.22491317196684363,0.0008754230062162314,100,0.19990234006314125,0.00302188212182135,100,0.2247881439041503,0.0007754272217242969,100,0.128127778171847,0.002827726608246343,100,0.2835229023580552,0.003536207211891564,100,0.9999849999999999,5.481834095492588e-06,100,200
D100_noise0.30,100,0.3,bottleneck8_residual64,kl,2,B8-Res64,kl__bottleneck8_residual64__a2,1,100,0.22286341030160958,0.0007930969234784208,100,0.1911532002145206,0.0025815970429396554,100,0.22262321815298566,0.0006665218619451338,100,0.11959617297201301,0.002460783860619247,100,0.28876293587046065,0.002217242096654596,100,0.9999915,2.3629078131261653e-06,100,200
D100_noise0.30,100,0.3,bottleneck8_residual64,chisq,2,B8-Res64,chisq__bottleneck8_residual64__a2,1,100,0.22106222863094668,0.0006889574978813586,100,0.18392460329575624,0.002048874296595766,100,0.22085549090548715,0.0005328924978359154,100,0.11206006574830177,0.0019982798545740412,100,0.2856308505724084,0.0012234942897718798,100,0.9999915,3.485540115819633e-06,100,200
D100_noise0.30,100,0.3,bottleneck8_residual64,js,2,B8-Res64,js__bottleneck8_residual64__a2,1,100,0.2212276263108851,0.0007110616752420449,100,0.1842841622218229,0.0021080337918980177,100,0.22094463765715042,0.0005495939721333299,100,0.11754137386616682,0.0020215887612795333,100,0.2906250983115088,0.001254479949569189,100,0.9999855000000001,5.6539518672496574e-06,100,200
D2_noise0.00,2,0.0,bottleneck8_residual64,hellinger,2,B8-Res64,hellinger__bottleneck8_residual64__a2,1,100,0.18751187866430336,0.001516723693482942,100,0.0830542768653972,0.005284991154095193,100,0.18811156157545925,0.0013354105694604779,100,0.09146499130889013,0.003181176081296588,100,0.28879478088093913,0.001938281445051402,100,1.0,1.0932720593655596e-17,100,500
D2_noise0.00,2,0.0,bottleneck8_residual64,kl,2,B8-Res64,kl__bottleneck8_residual64__a2,1,100,0.17741172060416716,0.0010864191516918628,100,0.043044489028787034,0.0034358682149617007,100,0.1781757706003905,0.0008725494249154018,100,0.06517721792944343,0.0018569301849666467,100,0.2904621151952123,0.0014259764369022679,100,1.0,1.0932720593655596e-17,100,500
D2_noise0.00,2,0.0,bottleneck8_residual64,chisq,2,B8-Res64,chisq__bottleneck8_residual64__a2,1,100,0.17607519555832865,0.0006904585120820644,100,0.03784182175126361,0.0013287619594515893,100,0.17686027480529398,0.0003500326860312815,100,0.06203562112286014,0.0016054555707021893,100,0.2932267244316552,0.0009492896622108208,100,1.0,1.2574609092054285e-17,100,500
D2_noise0.00,2,0.0,bottleneck8_residual64,js,2,B8-Res64,js__bottleneck8_residual64__a2,1,100,0.17652210505894195,0.0009570589893573257,100,0.03928973740076482,0.002846052257958097,100,0.17722180405340157,0.0007245880856346887,100,0.06178051314404314,0.0016061757213898882,100,0.292644498111324,0.0010942247505003457,100,1.0,1.0526588252356193e-17,100,500
D20_noise0.10,20,0.1,bottleneck8_residual64,hellinger,2,B8-Res64,hellinger__bottleneck8_residual64__a2,1,100,0.18891281125539444,0.0011910826594917806,100,0.0872807154843938,0.003711480462772456,100,0.18998992383924534,0.0009365775988441727,100,0.10040101537224169,0.0030742837063315784,100,0.2990964508188288,0.0012073594156041389,100,0.9999965000000001,2.4878492597804432e-06,100,500
D20_noise0.10,20,0.1,bottleneck8_residual64,kl,2,B8-Res64,kl__bottleneck8_residual64__a2,1,100,0.18024105843149768,0.0007768493839859466,100,0.05222751284495149,0.0016295762206233588,100,0.1812309596320648,0.00043512295359144347,100,0.07975576964011727,0.001846949559832928,100,0.302578804026973,0.0008291214003889113,100,1.0,1.0760541004851907e-17,100,500
D20_noise0.10,20,0.1,bottleneck8_residual64,chisq,2,B8-Res64,chisq__bottleneck8_residual64__a2,1,100,0.1808707512429087,0.000776344355878742,100,0.05450185765792492,0.0014589996378679226,100,0.181780723214359,0.00040183125281040554,100,0.07283543432636655,0.0020562098493858766,100,0.3032905054722941,0.0009080445913846851,100,1.0,1.1433712877471906e-17,100,500
D20_noise0.10,20,0.1,bottleneck8_residual64,js,2,B8-Res64,js__bottleneck8_residual64__a2,1,100,0.1804352924568365,0.0008141254011471404,100,0.05372517707440466,0.001765019963256314,100,0.1816072674854083,0.0004717963376766989,100,0.07457784249857997,0.0018466585745247539,100,0.3029579988648011,0.0008682495898178595,100,1.0,1.2223153213212884e-17,100,500
D40_noise0.10,40,0.1,bottleneck8_residual64,hellinger,2,B8-Res64,hellinger__bottleneck8_residual64__a2,1,100,0.19271064934003135,0.0011218099298784502,100,0.0960962238322071,0.00366754873494117,100,0.19252971220146964,0.0009386651343544336,100,0.1066488360514046,0.0031387697943224724,100,0.29976993094633264,0.0014325278907038018,100,1.0,1.2624018355444049e-17,100,500
D40_noise0.10,40,0.1,bottleneck8_residual64,kl,2,B8-Res64,kl__bottleneck8_residual64__a2,1,100,0.18292032048451914,0.0006769297806386549,100,0.05764921600101367,0.0013129212188023244,100,0.1828236274894655,0.00033520665195418655,100,0.08126492203874887,0.0018593491810293163,100,0.3048106609588104,0.0007439036946184707,100,1.0,9.85462117018659e-18,100,500
D40_noise0.10,40,0.1,bottleneck8_residual64,chisq,2,B8-Res64,chisq__bottleneck8_residual64__a2,1,100,0.18317284907774853,0.0006875878875047737,100,0.060193489825969594,0.0013982190845812982,100,0.18342552351342825,0.00035501071031078616,100,0.07502721664059292,0.0020003148691236,100,0.30556072177579235,0.0008682941611697875,100,1.0,1.1102230246251566e-17,100,500
D40_noise0.10,40,0.1,bottleneck8_residual64,js,2,B8-Res64,js__bottleneck8_residual64__a2,1,100,0.182822616091301,0.0007053488588523206,100,0.05815730487959494,0.0014068672308027526,100,0.18291823038965352,0.0003523425204987864,100,0.07492918297450807,0.0019004917782071953,100,0.30446971335733203,0.000757832794044781,100,1.0,1.1213813253394718e-17,100,500
D40_noise0.30,40,0.3,bottleneck8_residual64,hellinger,2,B8-Res64,hellinger__bottleneck8_residual64__a2,1,100,0.20989589397211547,0.0006905551786304898,100,0.14062632017878948,0.0014655537544103125,100,0.20995475366974428,0.0003938664957276197,100,0.12971585632808824,0.002927087905816342,100,0.31220172526488116,0.001130409289806875,100,0.9999974999999999,1.3055824196672681e-06,100,500
D40_noise0.30,40,0.3,bottleneck8_residual64,kl,2,B8-Res64,kl__bottleneck8_residual64__a2,1,100,0.206529569938393,0.0007169641920631862,100,0.12807766673913967,0.001489489396648382,100,0.2068435775252642,0.00038724534685984953,100,0.11255409624067415,0.0025495060252545354,100,0.3110709434147658,0.0012373127044817479,100,1.0,1.2223153213212884e-17,100,500
D40_noise0.30,40,0.3,bottleneck8_residual64,chisq,2,B8-Res64,chisq__bottleneck8_residual64__a2,1,100,0.20565357973827858,0.0006750655419358135,100,0.12544922615897636,0.001400489393397631,100,0.20614371885603222,0.0003685039919169297,100,0.09983712038083943,0.002395695248423478,100,0.3063716132239564,0.0016955254562386016,100,0.9999979999999999,9.847319278332324e-07,100,500
D40_noise0.30,40,0.3,bottleneck8_residual64,js,2,B8-Res64,js__bottleneck8_residual64__a2,1,100,0.20563281245214274,0.0006959328423435509,100,0.12468453660919257,0.0014925042627823514,100,0.20595845941400107,0.00039105093786006456,100,0.09899634672101772,0.0021901396019074243,100,0.3057587862018053,0.0014672506876653585,100,0.9999975000000001,1.3055824196670532e-06,100,500
D100_noise0.30,100,0.3,bottleneck8_residual64,hellinger,2,B8-Res64,hellinger__bottleneck8_residual64__a2,1,100,0.21523262367874188,0.0005555162051577919,100,0.1613161738460706,0.0014467220723428304,100,0.21525475099772914,0.00036923312373914513,100,0.1432544581513747,0.0028618047236149634,100,0.31193124139431083,0.0013986290557374,100,0.999993,2.844452335846163e-06,100,500
D100_noise0.30,100,0.3,bottleneck8_residual64,kl,2,B8-Res64,kl__bottleneck8_residual64__a2,1,100,0.21321974092075385,0.0005458544858442557,100,0.15370590149934288,0.0013566543013511555,100,0.2133672082586246,0.00034921292359662664,100,0.12546975587214979,0.0025301944265849565,100,0.30534049918004486,0.0013679984311780597,100,0.9999984999999999,1.1135075167680058e-06,100,500
D100_noise0.30,100,0.3,bottleneck8_residual64,chisq,2,B8-Res64,chisq__bottleneck8_residual64__a2,1,100,0.21206622653076718,0.0005314807337034659,100,0.14896897503511214,0.001269299380866759,100,0.2121809961149026,0.00032754846899917477,100,0.10697474729381895,0.002221434229277435,100,0.2947422003210054,0.0015253542928565418,100,0.999996,1.969463855667934e-06,100,500
D100_noise0.30,100,0.3,bottleneck8_residual64,js,2,B8-Res64,js__bottleneck8_residual64__a2,1,100,0.21226008621951142,0.0005321095717588359,100,0.14951858555912462,0.0012215492086956106,100,0.2123232063564444,0.0003126012956009107,100,0.11219261180036048,0.0023712402514648664,100,0.2958580501835804,0.0015880726372582057,100,0.9999925000000001,2.396862427205645e-06,100,500
D2_noise0.00,2,0.0,bottleneck8_residual64,hellinger,2,B8-Res64,hellinger__bottleneck8_residual64__a2,1,100,0.1776788079163489,0.0012407816564900444,100,0.04374966052463,0.003997687010302151,100,0.1782087225186822,0.001008086821996434,100,0.06705136492165764,0.0028515323535308907,100,0.28556744126819117,0.0012136258223900598,100,1.0,9.917590636263612e-18,100,1000
D2_noise0.00,2,0.0,bottleneck8_residual64,kl,2,B8-Res64,kl__bottleneck8_residual64__a2,1,100,0.17152548474788587,0.0006172063638030118,100,0.020094462377435427,0.0004928035450998031,100,0.17233372453628718,0.00017505631185843278,100,0.051548890943900236,0.00116539792666672,100,0.2867824503178415,0.0006840526844230734,100,1.0,9.791246743253678e-18,100,1000
D2_noise0.00,2,0.0,bottleneck8_residual64,chisq,2,B8-Res64,chisq__bottleneck8_residual64__a2,1,100,0.17166116879075702,0.0006356186522461192,100,0.02131203614345133,0.0006027996133543065,100,0.17261375526256714,0.00020176339840280991,100,0.05112009270585535,0.001087438059471783,100,0.286162059559425,0.0007289528074349443,100,1.0,1.17558523250401e-17,100,1000
D2_noise0.00,2,0.0,bottleneck8_residual64,js,2,B8-Res64,js__bottleneck8_residual64__a2,1,100,0.17172729248844246,0.0006608670194929934,100,0.02084231718535214,0.0011884541994588555,100,0.17251232258887292,0.0003378620498147804,100,0.0511794373668722,0.001221947945506333,100,0.28675650844731637,0.0006804361137763313,100,1.0,1.1213813253394718e-17,100,1000
D20_noise0.10,20,0.1,bottleneck8_residual64,hellinger,2,B8-Res64,hellinger__bottleneck8_residual64__a2,1,100,0.18060572092850516,0.0011500345395040385,100,0.05448371945223883,0.003552514611446941,100,0.18168113951729617,0.0008888136769468779,100,0.0781880737485276,0.002771426044363965,100,0.29281701032126217,0.0009412614416720953,100,1.0,1.0644207414169987e-17,100,1000
D20_noise0.10,20,0.1,bottleneck8_residual64,kl,2,B8-Res64,kl__bottleneck8_residual64__a2,1,100,0.17536020898754476,0.0007546324597979411,100,0.032343351543965164,0.0012346285224664128,100,0.17619555635688036,0.0003294410364429712,100,0.05962281213111442,0.0015399556804028664,100,0.29383999945895634,0.0007209411527588239,100,1.0,1.17558523250401e-17,100,1000
D20_noise0.10,20,0.1,bottleneck8_residual64,chisq,2,B8-Res64,chisq__bottleneck8_residual64__a2,1,100,0.17530782306631512,0.0006566869070539814,100,0.03270812000332234,0.0007662417507454806,100,0.17628859573818795,0.00022478091045551832,100,0.05723799744803403,0.001347467679472147,100,0.2941908655156361,0.0007646124243496157,100,1.0,1.1488030108990875e-17,100,1000
D20_noise0.10,20,0.1,bottleneck8_residual64,js,2,B8-Res64,js__bottleneck8_residual64__a2,1,100,0.17511514874496065,0.0006764856837157724,100,0.03149536036743433,0.0006965681136320649,100,0.17599643074996366,0.00020917058169446222,100,0.058511901251227634,0.0013423774703217376,100,0.29486878674071915,0.0006957726206207679,100,1.0,1.2069396737693005e-17,100,1000
D40_noise0.10,40,0.1,bottleneck8_residual64,hellinger,2,B8-Res64,hellinger__bottleneck8_residual64__a2,1,100,0.18247973719637206,0.0010263628721254097,100,0.05745058329739213,0.0030933967905290454,100,0.18275111824472234,0.000803040804129733,100,0.0783826846180112,0.0021875416205859523,100,0.29510982571469624,0.0009828278820654334,100,1.0,1.0347653036935548e-17,100,1000
D40_noise0.10,40,0.1,bottleneck8_residual64,kl,2,B8-Res64,kl__bottleneck8_residual64__a2,1,100,0.17667414536808224,0.0006176162652519929,100,0.03514815051617011,0.0006796627169178718,100,0.17712368608854345,0.00020786500945442444,100,0.06298554909167586,0.0014028489491132307,100,0.29662854708302494,0.0006378206222594229,100,1.0,1.2324591908655817e-17,100,1000
D40_noise0.10,40,0.1,bottleneck8_residual64,chisq,2,B8-Res64,chisq__bottleneck8_residual64__a2,1,100,0.17685156655031098,0.000608252366104062,100,0.036817539888253197,0.0008137927289287043,100,0.17757308806510244,0.00024186299860936173,100,0.05791166633773913,0.001420944392657534,100,0.296481657370295,0.0007181232751545932,100,1.0,1.1324296840123849e-17,100,1000
D40_noise0.10,40,0.1,bottleneck8_residual64,js,2,B8-Res64,js__bottleneck8_residual64__a2,1,100,0.17660040270075686,0.0006214299578440562,100,0.035069748996608696,0.0008000260325285399,100,0.17713456894094062,0.00022621655265255564,100,0.059636010991694445,0.001379275383519848,100,0.2968816179668788,0.0006197666373952748,100,1.0,1.1213813253394718e-17,100,1000
D40_noise0.30,40,0.3,bottleneck8_residual64,hellinger,2,B8-Res64,hellinger__bottleneck8_residual64__a2,1,100,0.20335021037378925,0.0008183548551368927,100,0.11412802787448055,0.001982492646141912,100,0.2033074331207227,0.0004940739611289957,100,0.10417484764486697,0.002741537271551644,100,0.30544595840779615,0.001117707939668741,100,1.0,1.0760541004851907e-17,100,1000
D40_noise0.30,40,0.3,bottleneck8_residual64,kl,2,B8-Res64,kl__bottleneck8_residual64__a2,1,100,0.19558211855193078,0.0007698673383454969,100,0.08444774130395424,0.0016202505923050279,100,0.19589934717621754,0.00041624534983688194,100,0.09590718997399948,0.002184754791227645,100,0.313294652002792,0.0009704428654865065,100,1.0,1.17558523250401e-17,100,1000
D40_noise0.30,40,0.3,bottleneck8_residual64,chisq,2,B8-Res64,chisq__bottleneck8_residual64__a2,1,100,0.19552468260270017,0.0007325641320067603,100,0.08499853278306203,0.0014665098515439965,100,0.1960804268852888,0.000378781300441688,100,0.09310302527477185,0.0022681932826563323,100,0.31605044704483337,0.0008728429793973812,100,1.0,1.1158161231197418e-17,100,1000
D40_noise0.30,40,0.3,bottleneck8_residual64,js,2,B8-Res64,js__bottleneck8_residual64__a2,1,100,0.194627562293894,0.0007490068719829905,100,0.08127489878681343,0.0015042709888428085,100,0.19515561714962787,0.0003964174432840049,100,0.08750785092061845,0.0019247569577993124,100,0.3136705950468791,0.000838054889282897,100,1.0,1.1488030108990875e-17,100,1000
D100_noise0.30,100,0.3,bottleneck8_residual64,hellinger,2,B8-Res64,hellinger__bottleneck8_residual64__a2,1,100,0.20946025061434737,0.0006327699435400631,100,0.13719240251461065,0.0015949630163412103,100,0.20923430237915536,0.00041156204737308443,100,0.12373436314411929,0.002711981640395672,100,0.31011172396988973,0.0011302139242241672,100,0.9999975000000001,1.7943514064112358e-06,100,1000
D100_noise0.30,100,0.3,bottleneck8_residual64,kl,2,B8-Res64,kl__bottleneck8_residual64__a2,1,100,0.20572544647588092,0.0006535270095322988,100,0.12397376729830016,0.0016570362045131208,100,0.20589510980734588,0.0004444483909146726,100,0.10414858386724302,0.002141928389351883,100,0.31124912825568773,0.0011483785234697335,100,0.999996,2.4287836253950953e-06,100,1000
D100_noise0.30,100,0.3,bottleneck8_residual64,chisq,2,B8-Res64,chisq__bottleneck8_residual64__a2,1,100,0.20514278522567458,0.000591582905438956,100,0.12237609943799001,0.0014438005529204836,100,0.2054576950629492,0.00038800364321108096,100,0.09226767614510811,0.0023709615335944043,100,0.307597042150187,0.0014975297670606388,100,0.9999955,2.6680867430951186e-06,100,1000
D100_noise0.30,100,0.3,bottleneck8_residual64,js,2,B8-Res64,js__bottleneck8_residual64__a2,1,100,0.2047038113091213,0.0006382655545851969,100,0.12017519965979924,0.0015443232807488987,100,0.20490990728476186,0.0004141919808253727,100,0.09015561108997965,0.0019409045252483934,100,0.30709251002886745,0.0014142604291852163,100,0.999999,7.035264706810838e-07,100,1000
D2_noise0.00,2,0.0,bottleneck8_residual64,hellinger,2,B8-Res64,hellinger__bottleneck8_residual64__a2,1,100,0.1738166427935174,0.001155816517164945,100,0.028600809837051364,0.0036273422940365893,100,0.17449957390777165,0.0009165056852400216,100,0.05241444354505033,0.0021413952003213883,100,0.2792136657555857,0.0008129534392187663,100,1.0,1.1433712877471906e-17,100,2000
D2_noise0.00,2,0.0,bottleneck8_residual64,kl,2,B8-Res64,kl__bottleneck8_residual64__a2,1,100,0.16940183800852626,0.000601622415573525,100,0.01190675085260688,0.00028132045910550697,100,0.17032872680644195,0.0001492343041977951,100,0.04219270424240078,0.0008001995691052371,100,0.27951478261668256,0.0005601254137440973,100,1.0,1.0287316353266653e-17,100,2000
D2_noise0.00,2,0.0,bottleneck8_residual64,chisq,2,B8-Res64,chisq__bottleneck8_residual64__a2,1,100,0.1696374734486557,0.0006075170281023833,100,0.01289804317395295,0.00037341398307147726,100,0.1705348204848115,0.0001553481077964429,100,0.04376628718907736,0.000898410473149439,100,0.2798324208203949,0.0005368608694223112,100,1.0,1.1324296840123849e-17,100,2000
D2_noise0.00,2,0.0,bottleneck8_residual64,js,2,B8-Res64,js__bottleneck8_residual64__a2,1,100,0.16948159287668838,0.0006164340379104514,100,0.012038888994812029,0.00030268436179486507,100,0.17034880754710024,0.00015246893495607987,100,0.043120526089386865,0.0008818510975672674,100,0.28080775675278374,0.0005347413467393479,100,1.0,1.1324296840123849e-17,100,2000
D20_noise0.10,20,0.1,bottleneck8_residual64,hellinger,2,B8-Res64,hellinger__bottleneck8_residual64__a2,1,100,0.17502193001474622,0.0008904752356602396,100,0.03124803903960993,0.00233183001842674,100,0.17585791818310897,0.0006157389078127771,100,0.05989869556806144,0.0017607312044704358,100,0.28867374113614663,0.0006816501195653701,100,1.0,1.2069396737693005e-17,100,2000
D20_noise0.10,20,0.1,bottleneck8_residual64,kl,2,B8-Res64,kl__bottleneck8_residual64__a2,1,100,0.17229155716057296,0.0006435012102081262,100,0.020137755924006878,0.0004113244820461779,100,0.17310116057638558,0.00016616122348166927,100,0.04873099584977274,0.0010044434847418745,100,0.28816109684025926,0.0005347707979090046,100,1.0,9.402033772731936e-18,100,2000
D20_noise0.10,20,0.1,bottleneck8_residual64,chisq,2,B8-Res64,chisq__bottleneck8_residual64__a2,1,100,0.1722119403268271,0.0006289687565530974,100,0.020851152338570707,0.00044759109687076245,100,0.1733142465759568,0.00017724063851855102,100,0.04762078732055769,0.001041687781815081,100,0.2883138606850706,0.00055240824050566,100,1.0,1.126919044575186e-17,100,2000
D20_noise0.10,20,0.1,bottleneck8_residual64,js,2,B8-Res64,js__bottleneck8_residual64__a2,1,100,0.17213344390219934,0.0006415018774092903,100,0.020183953232787225,0.00042711190720161443,100,0.17314426857704412,0.00016738913236728298,100,0.048701080129987,0.0010315022729111617,100,0.2888359635618202,0.0005153663313411374,100,1.0,1.2172116859982182e-17,100,2000
D40_noise0.10,40,0.1,bottleneck8_residual64,hellinger,2,B8-Res64,hellinger__bottleneck8_residual64__a2,1,100,0.17687722754028556,0.0009038773548533691,100,0.03330206839316834,0.002406650989558595,100,0.17659134636645235,0.0006025998065596973,100,0.06119135139115088,0.001920718106166793,100,0.2893970811378837,0.0006908692077362315,100,1.0,1.237499944789972e-17,100,2000
D40_noise0.10,40,0.1,bottleneck8_residual64,kl,2,B8-Res64,kl__bottleneck8_residual64__a2,1,100,0.17389822308128797,0.0005656438364886465,100,0.022368529489309213,0.00036209280171807474,100,0.17387571979297575,0.00015800522305349832,100,0.05044504750468642,0.0009258745330013413,100,0.2893753200889912,0.0004803903517122265,100,1.0,1.0989514329557751e-17,100,2000
D40_noise0.10,40,0.1,bottleneck8_residual64,chisq,2,B8-Res64,chisq__bottleneck8_residual64__a2,1,100,0.17409022638656768,0.000565398987811601,100,0.023804703425752943,0.0004584583200987438,100,0.1742711782344718,0.00017056220592927255,100,0.04929524795593088,0.0009519206275506343,100,0.2897152111989923,0.0005190051258564441,100,1.0,1.1649462332954375e-17,100,2000
D40_noise0.10,40,0.1,bottleneck8_residual64,js,2,B8-Res64,js__bottleneck8_residual64__a2,1,100,0.17395388226974576,0.0005732835637574791,100,0.022616757911433014,0.0003902972126990781,100,0.17396488635764817,0.00015721223186319309,100,0.0493891476777655,0.0008980781296522855,100,0.2902662181081172,0.0004542435515552701,100,1.0,1.1158161231197418e-17,100,2000
D40_noise0.30,40,0.3,bottleneck8_residual64,hellinger,2,B8-Res64,hellinger__bottleneck8_residual64__a2,1,100,0.19241300059086927,0.0009242584210880838,100,0.07039405775881284,0.0025713996102846148,100,0.1924214649565056,0.0006658527706638627,100,0.07318323626583188,0.002102722092361786,100,0.2971781917218976,0.0010498665574655724,100,1.0,1.1046016061013543e-17,100,2000
D40_noise0.30,40,0.3,bottleneck8_residual64,kl,2,B8-Res64,kl__bottleneck8_residual64__a2,1,100,0.1856672691473729,0.0006635682822576295,100,0.04503617126166073,0.00106859706298595,100,0.18609753933479606,0.00030702141507400743,100,0.07069556521543842,0.0016609225292763233,100,0.3051517369085258,0.0005301688350969535,100,1.0,1.0585561196991747e-17,100,2000
D40_noise0.30,40,0.3,bottleneck8_residual64,chisq,2,B8-Res64,chisq__bottleneck8_residual64__a2,1,100,0.18577712606333768,0.0006052257721735978,100,0.0460525373544367,0.0007440566881096068,100,0.18638177646954443,0.00023713364500046777,100,0.0664790506214316,0.001429470469016756,100,0.3061875315816508,0.0005235756795600043,100,1.0,1.0165568676220704e-17,100,2000
D40_noise0.30,40,0.3,bottleneck8_residual64,js,2,B8-Res64,js__bottleneck8_residual64__a2,1,100,0.18510940118991392,0.0006223763931454319,100,0.042874413351900564,0.0007330000172937959,100,0.18561439643754635,0.00022791006058971129,100,0.06548251324205097,0.0012955152485556213,100,0.30550934305020677,0.00044557279161168477,100,1.0,9.791246743253678e-18,100,2000
D100_noise0.30,100,0.3,bottleneck8_residual64,hellinger,2,B8-Res64,hellinger__bottleneck8_residual64__a2,1,100,0.200600846653241,0.0008179268571239584,100,0.10195256950210783,0.002154119279287647,100,0.2004052222473368,0.0005537453646082908,100,0.08791391116779787,0.0023640991809098085,100,0.30021859481530627,0.0010578517578052158,100,0.9999994999999999,5.000000000010327e-07,100,2000
D100_noise0.30,100,0.3,bottleneck8_residual64,kl,2,B8-Res64,kl__bottleneck8_residual64__a2,1,100,0.1944928175215802,0.0007843970613347959,100,0.0782017665773356,0.0016636060568158391,100,0.1944188343177665,0.0004316113183984756,100,0.08516850772289984,0.0022108796238625526,100,0.31057389234436417,0.0008468586563659734,100,1.0,1.1702778228589003e-17,100,2000
D100_noise0.30,100,0.3,bottleneck8_residual64,chisq,2,B8-Res64,chisq__bottleneck8_residual64__a2,1,100,0.19445459074741311,0.0007641199148852675,100,0.07982134370671515,0.0015656405585114917,100,0.194819829757977,0.0004157508491864052,100,0.08717711245903233,0.0023672831703786847,100,0.3146375405516922,0.000854468943682797,100,1.0,1.2574609092054285e-17,100,2000
D100_noise0.30,100,0.3,bottleneck8_residual64,js,2,B8-Res64,js__bottleneck8_residual64__a2,1,100,0.1934879577024396,0.0007661891739279741,100,0.07559292866925228,0.0016297728995365633,100,0.19376916474660782,0.0004209587855256118,100,0.08164030990919548,0.0020629939000397016,100,0.31224357757144544,0.000736569090066636,100,1.0,1.0104144738192619e-17,100,2000
D2_noise0.00,2,0.0,bottleneck8_residual64,hellinger,2,B8-Res64,hellinger__bottleneck8_residual64__a2,1,100,0.17038590470566575,0.001101394183126949,100,0.015545493600116646,0.003527714020583909,100,0.17127787620738588,0.0008954449353798173,100,0.04066278732319709,0.0014851791896866309,100,0.27256959849719836,0.00117149065848671,100,1.0,1.237499944789972e-17,100,5000
D2_noise0.00,2,0.0,bottleneck8_residual64,kl,2,B8-Res64,kl__bottleneck8_residual64__a2,1,100,0.16858908740476405,0.0006579675427543105,100,0.008065792073011996,0.0012541448096361893,100,0.1694221165886441,0.0003387505445186349,100,0.0364859286324355,0.0011255287361061643,100,0.2733849302189361,0.0005453722502066662,100,1.0,1.1913656061427686e-17,100,5000
D2_noise0.00,2,0.0,bottleneck8_residual64,chisq,2,B8-Res64,chisq__bottleneck8_residual64__a2,1,100,0.168430310653912,0.0005780113693292276,100,0.00754366649349737,0.0003017840953117719,100,0.16926221440830996,0.00014363545043314857,100,0.03870522809378665,0.0009345904561644199,100,0.2745996305343803,0.0004875930270767715,100,1.0,1.1861288088963134e-17,100,5000
D2_noise0.00,2,0.0,bottleneck8_residual64,js,2,B8-Res64,js__bottleneck8_residual64__a2,1,100,0.16912085595095244,0.0009339786079881563,100,0.009989755315966162,0.002883979605623548,100,0.1698862852814978,0.0007398756888443975,100,0.036096469086482376,0.000851500624732994,100,0.274256143098245,0.0006257938972809321,100,1.0,1.0702532274956488e-17,100,5000
D20_noise0.10,20,0.1,bottleneck8_residual64,hellinger,2,B8-Res64,hellinger__bottleneck8_residual64__a2,1,100,0.17153590864949242,0.0007239677671445247,100,0.016150212648390228,0.0012555271557294944,100,0.17219550604415906,0.0003472075074622273,100,0.042988470453140554,0.0012710487994523124,100,0.2807339191288792,0.0004430756570105549,100,1.0,1.1379136370738025e-17,100,5000
D20_noise0.10,20,0.1,bottleneck8_residual64,kl,2,B8-Res64,kl__bottleneck8_residual64__a2,1,100,0.17019077583645523,0.0006050380475746045,100,0.011440602858977562,0.0003049304051902911,100,0.1710271924404719,0.0001670143901837829,100,0.038447835727019,0.0008242303987963409,100,0.2795743257977168,0.0005048642413320145,100,1.0,1.1488030108990875e-17,100,5000
D20_noise0.10,20,0.1,bottleneck8_residual64,chisq,2,B8-Res64,chisq__bottleneck8_residual64__a2,1,100,0.17021242705829884,0.0005918546928921933,100,0.012027738749856083,0.00031350821652427767,100,0.17117961787937902,0.00016757364038132234,100,0.03960670302298764,0.0007428831476503097,100,0.28066538522905227,0.0005055158338098744,100,1.0,1.1595901302887535e-17,100,5000
D20_noise0.10,20,0.1,bottleneck8_residual64,js,2,B8-Res64,js__bottleneck8_residual64__a2,1,100,0.17016587507849232,0.0006012407012800183,100,0.011684341603161967,0.0003097311695347704,100,0.17109159340507746,0.00016039825003156323,100,0.03856858014442968,0.0008466076853033894,100,0.28062636636874294,0.0005057723657789688,100,1.0,1.0467283057891834e-17,100,5000
D40_noise0.10,40,0.1,bottleneck8_residual64,hellinger,2,B8-Res64,hellinger__bottleneck8_residual64__a2,1,100,0.17315085027028054,0.0007335851259990169,100,0.020151125960109244,0.0019258261534869777,100,0.17335827040357238,0.0005132195826674051,100,0.04616871439443337,0.0015298481335201863,100,0.28269020588284494,0.0006109104802115282,100,1.0,1.0932720593655596e-17,100,5000
D40_noise0.10,40,0.1,bottleneck8_residual64,kl,2,B8-Res64,kl__bottleneck8_residual64__a2,1,100,0.17140255300409332,0.0005325089391521714,100,0.013074929253769779,0.00024968280006661006,100,0.17156202577625998,0.00013913849632886003,100,0.039573031945302366,0.0008403835063922211,100,0.2816970239721741,0.0005119395769099581,100,1.0,1.1324296840123849e-17,100,5000
D40_noise0.10,40,0.1,bottleneck8_residual64,chisq,2,B8-Res64,chisq__bottleneck8_residual64__a2,1,100,0.17144405631360232,0.0005324567078486503,100,0.013852926482698362,0.0002678241091869075,100,0.17174648137544066,0.00013641333764706804,100,0.041188856259599185,0.0008118079846238215,100,0.2821250585786191,0.0005565448015241902,100,1.0,1.2120865613991788e-17,100,5000
D40_noise0.10,40,0.1,bottleneck8_residual64,js,2,B8-Res64,js__bottleneck8_residual64__a2,1,100,0.17136768755241408,0.0005319427163914936,100,0.012858996734428205,0.00023202654508473912,100,0.17148534178833727,0.00013829383056024832,100,0.03977767949692787,0.0008006384534300757,100,0.2824626294955117,0.0004839759032097245,100,1.0,1.1649462332954375e-17,100,5000
D40_noise0.30,40,0.3,bottleneck8_residual64,hellinger,2,B8-Res64,hellinger__bottleneck8_residual64__a2,1,100,0.1830053186489464,0.0007526581861647472,100,0.03282781798968773,0.0019528812431451937,100,0.18308215791564508,0.0005023626784071878,100,0.053435693369583835,0.0013710075680839528,100,0.2924675132782371,0.0006246760769208102,100,1.0,1.1808687882604261e-17,100,5000
D40_noise0.30,40,0.3,bottleneck8_residual64,kl,2,B8-Res64,kl__bottleneck8_residual64__a2,1,100,0.1798623555173756,0.0005521663512991115,100,0.020782633967192533,0.00032315223927801,100,0.18009397519921674,0.00014814010904619232,100,0.04693902440510759,0.0009690166648596977,100,0.29343302827726847,0.0004597581872222131,100,1.0,9.791246743253678e-18,100,5000
D40_noise0.30,40,0.3,bottleneck8_residual64,chisq,2,B8-Res64,chisq__bottleneck8_residual64__a2,1,100,0.18016775037450514,0.0005840272346627151,100,0.022128646034508818,0.0003924039809888386,100,0.18042661003468605,0.00016179429019405684,100,0.04601211455098823,0.0009983646171078228,100,0.29500187497438995,0.0004382967145694582,100,1.0,1.0585561196991747e-17,100,5000
D40_noise0.30,40,0.3,bottleneck8_residual64,js,2,B8-Res64,js__bottleneck8_residual64__a2,1,100,0.1797409667664806,0.0005639569843893777,100,0.020498411797617785,0.0003165201238564469,100,0.180006009601841,0.00015122406452322301,100,0.0457053841039545,0.0008526711787847696,100,0.2946430274668449,0.0004066114555022593,100,1.0,1.1702778228589003e-17,100,5000
D100_noise0.30,100,0.3,bottleneck8_residual64,hellinger,2,B8-Res64,hellinger__bottleneck8_residual64__a2,1,100,0.18919226665103356,0.0007956811805286474,100,0.05526497428900226,0.002146527845043341,100,0.18865585255881792,0.0005438983617947154,100,0.06013949233625463,0.0015870296608374835,100,0.29276631894731286,0.0009041034848532807,100,0.9999994999999999,4.999999999999e-07,100,5000
D100_noise0.30,100,0.3,bottleneck8_residual64,kl,2,B8-Res64,kl__bottleneck8_residual64__a2,1,100,0.1834359436728392,0.0005676780807990213,100,0.03317924111554264,0.0005988002836190481,100,0.18308417119887527,0.00020222961362458325,100,0.059171588767528184,0.0013523023595405984,100,0.2998349177277067,0.0005520145892625069,100,1.0,1.2223153213212884e-17,100,5000
D100_noise0.30,100,0.3,bottleneck8_residual64,chisq,2,B8-Res64,chisq__bottleneck8_residual64__a2,1,100,0.18374894789642873,0.0005733842400453991,100,0.03460499065410523,0.0005723432770178056,100,0.18342136037553847,0.0001910254956546248,100,0.05518173404182065,0.001401778269266344,100,0.3012919664978874,0.0005501772260118568,100,1.0,1.242520249155451e-17,100,5000
D100_noise0.30,100,0.3,bottleneck8_residual64,js,2,B8-Res64,js__bottleneck8_residual64__a2,1,100,0.18310252654637896,0.0005700356833768795,100,0.03230450804527943,0.0005288381569776063,100,0.18285083380945671,0.000182083643628534,100,0.055720942276112496,0.0012374165235891506,100,0.30067597433653975,0.0005403698005865124,100,1.0,8.995997184298586e-18,100,5000
