representation,branch,candidate,repeats,architecture,brier_available_repeats,brier_mean,brier_sd,c2_distance_available_repeats,c2_distance_mean,c2_distance_sd,c2_width_available_repeats,c2_width_mean,c2_width_sd,complete,evaluation_brier_available_repeats,evaluation_brier_mean,evaluation_brier_sd,expected_repeats,local_gap_available_repeats,local_gap_mean,local_gap_sd,loss,middle_local_gap_available_repeats,middle_local_gap_mean,middle_local_gap_sd,middle_mass_available_repeats,middle_mass_mean,middle_mass_sd,middle_supported_fraction_available_repeats,middle_supported_fraction_mean,middle_supported_fraction_sd,middle_supported_mass_available_repeats,middle_supported_mass_mean,middle_supported_mass_sd,output_alpha,stage,supported_mass_available_repeats,supported_mass_mean,supported_mass_sd,whole_test_brier_available_repeats,whole_test_brier_mean,whole_test_brier_sd
feature,lower,baseline_chisq_a0p5,5,baseline,5,0.022511649441690484,0.0002139543755080177,5,0.0069768376660511,0.002703988880006136,5,0.06866166037941879,0.002592041874943533,True,0,,,5,5,0.02157610665463858,0.00495947837477754,chisq,5,0.12860055194187056,0.03924745562272139,5,0.011645735959007333,0.0014938820795711491,5,1.0,0.0,5,0.011645735959007333,0.0014938820795711491,0.5,selection,5,1.0,1.2412670766236366e-16,0,,
feature,lower,baseline_chisq_a1,5,baseline,5,0.02247179546213694,0.00037622070332542354,5,0.00627652235584204,0.003591112792646095,5,0.06930620143838193,0.004417589865984526,True,0,,,5,5,0.02187403432058015,0.006703729714786214,chisq,5,0.15508010588519466,0.0664120641475504,5,0.011354319300713352,0.0030598321135369647,5,1.0,0.0,5,0.011354319300713352,0.0030598321135369647,1,selection,5,1.0,1.1102230246251565e-16,0,,
feature,lower,baseline_chisq_a2,5,baseline,5,0.022850326593214215,0.00032436187194799114,5,0.011259763358374317,0.0034321978266259935,5,0.06576452488295145,0.0021171778596895917,True,0,,,5,5,0.02899184473150032,0.003652623375546804,chisq,5,0.208186204556712,0.03964343146785444,5,0.009401533206068522,0.0013501554589173896,5,1.0,0.0,5,0.009401533206068522,0.0013501554589173896,2,selection,5,1.0,1.1102230246251565e-16,0,,
feature,lower,baseline_chisq_a4,5,baseline,5,0.022364127549102972,0.00032033394424173657,5,0.006538877622593295,0.003984020014198492,5,0.06824027101792599,0.005753607493002841,True,0,,,5,5,0.0222775449036126,0.005923365133535009,chisq,5,0.1598897851713633,0.06454941423962615,5,0.011116774841756253,0.0031982933297514814,5,1.0,0.0,5,0.011116774841756253,0.0031982933297514814,4,selection,5,0.9999999999999998,1.6653345369377348e-16,0,,
feature,lower,baseline_hellinger_a0p5,5,baseline,5,0.025196140381867828,0.0008345873686032017,5,0.007713390446398134,0.0028154326212507462,5,0.07343210775311278,0.00588062956469904,True,0,,,5,5,0.02603495223113979,0.0036991616484065726,hellinger,5,0.14401417074810138,0.05284964575365892,5,0.012626727619813122,0.0033025065737990068,5,1.0,0.0,5,0.012626727619813122,0.0033025065737990068,0.5,selection,5,1.0,5.551115123125783e-17,0,,
feature,lower,baseline_hellinger_a1,5,baseline,5,0.02461322280799571,0.000823973857964273,5,0.0073678940463464656,0.003835093480645609,5,0.07515787392640148,0.004287297076128988,True,0,,,5,5,0.02199583485256145,0.006742875626725466,hellinger,5,0.11513175865403333,0.021900592427159308,5,0.014372252587159651,0.0035301458367026227,5,1.0,0.0,5,0.014372252587159651,0.0035301458367026227,1,selection,5,1.0,1.6653345369377348e-16,0,,
feature,lower,baseline_hellinger_a2,5,baseline,5,0.026233144664643614,0.0010117780506135679,5,0.006443366032161456,0.0026330030447398096,5,0.07923591957539997,0.004915811099153522,True,0,,,5,5,0.022123428837055037,0.004174066564610926,hellinger,5,0.13139388788034054,0.06700006381772775,5,0.017290138651662814,0.003361413058637018,5,1.0,0.0,5,0.017290138651662814,0.003361413058637018,2,selection,5,1.0,5.551115123125783e-17,0,,
feature,lower,baseline_hellinger_a4,5,baseline,5,0.02486654467310543,0.0009743972162427376,5,0.009820037516437397,0.004163991997472092,5,0.07291547485199922,0.00524526249477235,True,0,,,5,5,0.02665122379181687,0.006290556240456948,hellinger,5,0.14527081639684777,0.06225790751045634,5,0.013209041495026625,0.003581950181998631,5,1.0,0.0,5,0.013209041495026625,0.003581950181998631,4,selection,5,1.0,7.850462293418876e-17,0,,
feature,lower,baseline_js_a0p5,5,baseline,5,0.021556374497487134,0.0007441434240105455,5,0.005011866256582831,0.0034695481190207315,5,0.06804139311263296,0.00494792007688548,True,0,,,5,5,0.019357222137657098,0.00554391030281196,js,5,0.1670313630652688,0.05107008532176058,5,0.011716255400381795,0.0019723552329966878,5,1.0,0.0,5,0.011716255400381795,0.0019723552329966878,0.5,selection,5,1.0,1.6653345369377348e-16,0,,
feature,lower,baseline_js_a1,5,baseline,5,0.021441479995467798,0.0007618431887562645,5,0.005516773123975644,0.004558200847426584,5,0.06759081531215169,0.004962897282996827,True,0,,,5,5,0.019498715874902435,0.005945634019914647,js,5,0.12241991830121426,0.045428034561979524,5,0.01155686928564252,0.002363419960412419,5,1.0,0.0,5,0.01155686928564252,0.002363419960412419,1,selection,5,1.0,5.551115123125783e-17,0,,
feature,lower,baseline_js_a2,5,baseline,5,0.021606150448297556,0.0006778200459804653,5,0.0046001917168068725,0.003766629622690282,5,0.06916500141623289,0.0023705916395457046,True,0,,,5,5,0.019019022381545108,0.0053980558336681585,js,5,0.14145393171163104,0.04452989681862052,5,0.012731308148296993,0.0017091513012798705,5,1.0,0.0,5,0.012731308148296993,0.0017091513012798705,2,selection,5,1.0,1.5700924586837752e-16,0,,
feature,lower,baseline_js_a4,5,baseline,5,0.021614057851250274,0.0006545578525291748,5,0.00777101786015732,0.006990065639815988,5,0.06601913264552078,0.007145236600406434,True,0,,,5,5,0.022036792658059585,0.008557558153583712,js,5,0.10994613968781616,0.03618709093168726,5,0.010564508188485883,0.0032568514777265357,5,1.0,0.0,5,0.010564508188485883,0.0032568514777265357,4,selection,5,1.0,1.5700924586837752e-16,0,,
feature,lower,baseline_kl_a0p5,5,baseline,5,0.02246191116911444,0.0007377367633501706,5,0.00828620014068119,0.0037419213890186784,5,0.06706095968357574,0.005180479340115595,True,0,,,5,5,0.024015414944708637,0.005484790211888614,kl,5,0.17700975789473908,0.02875493267993834,5,0.010433894303225158,0.0037751070812242276,5,1.0,0.0,5,0.010433894303225158,0.0037751070812242276,0.5,selection,5,1.0,1.5700924586837752e-16,0,,
feature,lower,baseline_kl_a1,5,baseline,5,0.022064861985970196,0.000603374350760457,5,0.008483083342210457,0.0035890225079049268,5,0.06790820237599397,0.0048402762565147636,True,0,,,5,5,0.02299499852246625,0.004695384306490808,kl,5,0.10199583399958226,0.041063168116968404,5,0.011203705415452628,0.002331540019424913,5,1.0,0.0,5,0.011203705415452628,0.002331540019424913,1,selection,5,1.0,2.0014830212433605e-16,0,,
feature,lower,baseline_kl_a2,5,baseline,5,0.022901041756592876,0.0003517862509722768,5,0.00828945540183874,0.0065376875048614325,5,0.06930711210292921,0.006319671512903211,True,0,,,5,5,0.023438550706111356,0.008185527744364039,kl,5,0.15346153364540982,0.053097019971920824,5,0.011775169295689742,0.004561179221925989,5,1.0,0.0,5,0.011775169295689742,0.004561179221925989,2,selection,5,1.0,7.850462293418876e-17,0,,
feature,lower,baseline_kl_a4,5,baseline,5,0.02245131201297173,0.0008243744834939618,5,0.00767357922870405,0.002344294390145113,5,0.06951257697783934,0.0030627689854909046,True,0,,,5,5,0.023096222465422905,0.0038241839872883527,kl,5,0.13143145652137922,0.040552374495658274,5,0.011667152617301316,0.002389398847268142,5,1.0,0.0,5,0.011667152617301316,0.002389398847268142,4,selection,5,1.0,0.0,0,,
feature,upper,baseline_chisq_a0p5,5,baseline,5,0.055527191430795694,0.001146700233814465,5,0.007503660751096675,0.004429801021963776,5,0.12100274049013311,0.0009625818398180219,True,0,,,5,5,0.033610132348110715,0.01262105769688061,chisq,5,0.08354665678399317,0.021640656683381543,5,0.03767377172711745,0.005161400223862874,5,1.0,0.0,5,0.03767377172711745,0.005161400223862874,0.5,selection,5,1.0,1.5700924586837752e-16,0,,
feature,upper,baseline_chisq_a1,5,baseline,5,0.055208459044974845,0.0008789659633822971,5,0.0063153000605042225,0.0065346481331171845,5,0.12101785945439747,0.0015676173567973459,True,0,,,5,5,0.030444729132071646,0.014336151499134196,chisq,5,0.07984764789565815,0.021590101023906953,5,0.03735424394654878,0.004393163500335296,5,1.0,0.0,5,0.03735424394654878,0.004393163500335296,1,selection,5,1.0,1.2412670766236366e-16,0,,
feature,upper,baseline_chisq_a2,5,baseline,5,0.05561747508163931,0.0009011127245000918,5,0.007661449238675672,0.004433326348818453,5,0.1209265782656608,0.001062452192465416,True,0,,,5,5,0.03412638378394556,0.010885865564143955,chisq,5,0.08023724095383353,0.012529954476814606,5,0.03650178840550587,0.004101827531309856,5,1.0,0.0,5,0.03650178840550587,0.004101827531309856,2,selection,5,1.0,1.2412670766236366e-16,0,,
feature,upper,baseline_chisq_a4,5,baseline,5,0.05578763061822343,0.0009712171081556707,5,0.008983470879284746,0.006226185518718632,5,0.12148070921153889,0.0009126784115811523,True,0,,,5,5,0.034759573080085975,0.013573196832228912,chisq,5,0.07541753213606786,0.018835008723996627,5,0.037352638400482266,0.00538679250868961,5,1.0,0.0,5,0.037352638400482266,0.00538679250868961,4,selection,5,1.0,1.2412670766236366e-16,0,,
feature,upper,baseline_hellinger_a0p5,5,baseline,5,0.05989854937928307,0.0002322238733409839,5,0.018144496372113676,0.004062088253999619,5,0.12114285449413709,0.0030458638142502135,True,0,,,5,5,0.051644797028961256,0.006463410247996239,hellinger,5,0.08956970963509019,0.04056840685410769,5,0.0340502662513815,0.005169943212155365,5,1.0,0.0,5,0.0340502662513815,0.005169943212155365,0.5,selection,5,1.0,1.5700924586837752e-16,0,,
feature,upper,baseline_hellinger_a1,5,baseline,5,0.05929702441228474,0.0011469988957873347,5,0.014548660210134448,0.0034752286069552017,5,0.12167273256884217,0.004434427910949458,True,0,,,5,5,0.042158234047887384,0.007442599496810399,hellinger,5,0.10543548981134532,0.07715732400021007,5,0.036368577313372855,0.011417794705775936,5,1.0,0.0,5,0.036368577313372855,0.011417794705775936,1,selection,5,0.9999999999999998,1.5700924586837752e-16,0,,
feature,upper,baseline_hellinger_a2,5,baseline,5,0.05967617007035074,0.0010424492114106125,5,0.016009462967496217,0.0034114893984956095,5,0.12202460640785324,0.0013784431712216604,True,0,,,5,5,0.04748471247308249,0.0047095627140574655,hellinger,5,0.08488930618985924,0.02059994148368768,5,0.039940041193609964,0.006855566828235037,5,1.0,0.0,5,0.039940041193609964,0.006855566828235037,2,selection,5,1.0,1.6653345369377348e-16,0,,
feature,upper,baseline_hellinger_a4,5,baseline,5,0.060467583973172964,0.00038750537420872955,5,0.017090628136467004,0.008312982032640122,5,0.12235189380743734,0.003011908421870298,True,0,,,5,5,0.0476848728590842,0.013041235559379291,hellinger,5,0.10402556112271197,0.050482931078503365,5,0.043057502260624936,0.009539636906892624,5,1.0,0.0,5,0.043057502260624936,0.009539636906892624,4,selection,5,1.0,1.2412670766236366e-16,0,,
feature,upper,baseline_js_a0p5,5,baseline,5,0.05435069525721575,0.0006661552392992493,5,0.004028469633644609,0.001614873938539879,5,0.1216268938515757,0.002170875137639517,True,0,,,5,5,0.02911053637955886,0.003247340755902538,js,5,0.11110146883806689,0.021363060479700977,5,0.04166992163166884,0.003687369047247809,5,1.0,0.0,5,0.04166992163166884,0.003687369047247809,0.5,selection,5,1.0,1.3597399555105182e-16,0,,
feature,upper,baseline_js_a1,5,baseline,5,0.05437858911074626,0.0007617227738797944,5,0.005831464727635004,0.005835806028264611,5,0.12093568334523841,0.0026990959605739575,True,0,,,5,5,0.029510422956734374,0.01168647851666884,js,5,0.08924404533967494,0.038548441393502865,5,0.04134977996583945,0.005056216348068022,5,1.0,0.0,5,0.04134977996583945,0.005056216348068022,1,selection,5,1.0,5.551115123125783e-17,0,,
feature,upper,baseline_js_a2,5,baseline,5,0.054639104508944235,0.000721315567806196,5,0.004940069872794029,0.004458320886973489,5,0.12139330368099262,0.003070645939479013,True,0,,,5,5,0.02900590539454872,0.007464046246914524,js,5,0.10752570309803762,0.028643189474638266,5,0.04022576610067317,0.0050212744492814515,5,1.0,0.0,5,0.04022576610067317,0.0050212744492814515,2,selection,5,1.0,1.6653345369377348e-16,0,,
feature,upper,baseline_js_a4,5,baseline,5,0.054709114238929324,0.0007917688182504254,5,0.006666158120445191,0.007698415177848276,5,0.12092521765854769,0.003596089046546007,True,0,,,5,5,0.031233965558732257,0.011757463338328495,js,5,0.07988330212656476,0.036312259319295964,5,0.03838976891389531,0.005668050785272094,5,1.0,0.0,5,0.03838976891389531,0.005668050785272094,4,selection,5,1.0,1.1102230246251565e-16,0,,
feature,upper,baseline_kl_a0p5,5,baseline,5,0.055811967747018874,0.0006023027539773428,5,0.01084162539985049,0.006381870959966734,5,0.1200850950171389,0.003063212387913736,True,0,,,5,5,0.03738139193636283,0.012040553570507203,kl,5,0.09682994365136532,0.016311686954313807,5,0.03656513011152416,0.007613708463230705,5,1.0,0.0,5,0.03656513011152416,0.007613708463230705,0.5,selection,5,1.0,1.2412670766236366e-16,0,,
feature,upper,baseline_kl_a1,5,baseline,5,0.0561290094237205,0.0015555524904495928,5,0.013674062300521483,0.012050952294665846,5,0.12032013407061892,0.004799661332243386,True,0,,,5,5,0.04278671961194925,0.01619261354287541,kl,5,0.08481726694237728,0.03113011091457158,5,0.03504716065507887,0.009933347753878965,5,1.0,0.0,5,0.03504716065507887,0.009933347753878965,1,selection,5,1.0,1.2412670766236366e-16,0,,
feature,upper,baseline_kl_a2,5,baseline,5,0.05602386343691799,0.000883325985771355,5,0.009685776902803239,0.006770774421880006,5,0.12171307687058996,0.0033039096730379533,True,0,,,5,5,0.03790653745812332,0.012739030558209758,kl,5,0.10663211058175652,0.03630476216494663,5,0.03870197729327841,0.00564057432460927,5,1.0,0.0,5,0.03870197729327841,0.00564057432460927,2,selection,5,1.0,1.1102230246251565e-16,0,,
feature,upper,baseline_kl_a4,5,baseline,5,0.056509286802455594,0.0008643580767619904,5,0.012292012283562612,0.00869860407756798,5,0.12092756766747555,0.0045601977111249725,True,0,,,5,5,0.04066272170879857,0.013021250389233813,kl,5,0.08728750904476604,0.015093279082047403,5,0.03563046619109816,0.005800699020433497,5,1.0,0.0,5,0.03563046619109816,0.005800699020433497,4,selection,5,1.0,0.0,0,,
pixel,lower,baseline_chisq_a0p5,5,baseline,5,0.00042457030359949085,0.0001533048951063356,5,8.984050288757355e-05,0.00013296621582992236,5,0.00427438728012961,0.0009208670884915786,True,0,,,5,5,0.0010087334249824689,0.0003440672144809302,chisq,3,,,5,0.00010009444388626547,7.91689645821778e-05,4,,,5,7.004722194313274e-05,8.375773564917872e-05,0.5,selection,5,0.9997995277805686,0.00011201525369535309,0,,
pixel,lower,baseline_chisq_a1,5,baseline,5,0.0006872641501373825,0.0002133978781464125,5,0.00017375114360205064,0.00011768997223982019,5,0.005427082363783922,0.0015410970102434655,True,0,,,5,5,0.0015912804678911174,0.0004472217569465353,chisq,4,,,5,0.00017023610971566363,0.00018588485800038194,5,0.6599433871356299,0.4218769980960713,5,0.00012009444388626545,0.00016056372874150506,1,selection,5,0.9997494805586256,0.00015833801718457503,0,,
pixel,lower,baseline_chisq_a2,5,baseline,5,0.0010273143877954553,0.0004055482121364517,5,0.0007637713708218889,0.00030026158493086635,5,0.005218036827185707,0.0010383857593499364,True,0,,,5,5,0.0023562265459237995,0.0005921618399632803,chisq,1,,,5,5.009444388626546e-05,5.005915967363955e-05,3,,,5,1e-05,2.23606797749979e-05,2,selection,5,0.9998398111122274,8.935034118268473e-05,0,,
pixel,lower,baseline_chisq_a4,5,baseline,5,0.0013999465580656664,0.0007153011336285065,5,0.001215690199003646,0.0005085266787801239,5,0.00614438414158211,0.0012546224774073035,True,0,,,5,5,0.0033080299936917635,0.0008716478927698162,chisq,2,,,5,0.00010014166582939818,9.35416730566557e-05,4,,,5,4.004722194313273e-05,5.4836980597307464e-05,4,selection,5,0.9998295750025118,0.00018303220803550925,0,,
pixel,lower,baseline_hellinger_a0p5,5,baseline,5,0.0005182870015029413,0.0002466563024084742,5,0.0002520813016512263,0.00011637029341453144,5,0.004059629675185558,0.0004104596133100387,True,0,,,5,5,0.0012916300129891343,0.0002892255158388593,hellinger,1,,,5,6.01888877725309e-05,6.542752601461917e-05,3,,,5,1.0047221943132725e-05,2.24662712498723e-05,0.5,selection,5,0.9998496694463981,0.00013266688630927167,0,,
pixel,lower,baseline_hellinger_a1,5,baseline,5,0.0006391697644535383,0.0002102352466932725,5,0.00023262492220992473,0.0001710059942881554,5,0.004085993787786868,0.0012798292669589908,True,0,,,5,5,0.0012672611448667486,0.0004484151894094656,hellinger,2,,,5,6.009444388626545e-05,8.228787561146533e-05,2,,,5,4.009444388626545e-05,5.4901832220592436e-05,1,selection,5,0.9998497166683411,0.0001416720982895208,0,,
pixel,lower,baseline_hellinger_a2,5,baseline,5,0.10058421581129973,0.223280211952835,5,0.20026729982000524,0.4468579317809093,5,0.0032482427775801944,0.0014410019848470948,True,0,,,5,5,0.20119461651031859,0.44654575882722675,hellinger,0,,,5,1e-05,2.23606797749979e-05,1,,,5,0.0,0.0,2,selection,5,0.9999199527780569,0.00013039314493757477,0,,
pixel,lower,baseline_hellinger_a4,4,baseline,4,,,4,,,4,,,False,0,,,5,4,,,hellinger,0,,,4,,,0,,,4,,,4,selection,4,,,0,,
pixel,lower,baseline_js_a0p5,5,baseline,5,0.00018284371608008964,1.81548784224114e-05,5,4.921264021337338e-05,5.567002295853247e-05,5,0.003317918571651192,0.0003235482210100745,True,0,,,5,5,0.0006879495675351331,0.00021482620814056383,js,2,,,5,7.028333165879635e-05,7.612460585929098e-05,3,,,5,4.01888877725309e-05,5.50309009851468e-05,0.5,selection,5,0.9998494333366825,9.410951377610508e-05,0,,
pixel,lower,baseline_js_a1,5,baseline,5,0.00020502777453053502,7.392156520451452e-05,5,0.00010186038075556009,0.0001124985628599928,5,0.0029807299163709493,0.00039648464811866324,True,0,,,5,5,0.0006858340008267597,0.00034142362761789005,js,0,,,5,2e-05,2.7386127875258307e-05,2,,,5,0.0,0.0,1,selection,5,0.9998898583341707,0.00012460332577050236,0,,
pixel,lower,baseline_js_a2,5,baseline,5,0.00015889945627068662,5.223953362238794e-05,5,3.865626009709392e-05,2.428031581699862e-05,5,0.002636386935781679,0.0005658864938643356,True,0,,,5,5,0.0005194841028138154,0.00023776267704171607,js,0,,,5,1.0047221943132725e-05,2.24662712498723e-05,1,,,5,0.0,0.0,2,selection,5,0.9999397166683412,8.2546351477718e-05,0,,
pixel,lower,baseline_js_a4,5,baseline,5,0.0003264244504379162,0.00015719920926535253,5,0.00012975287234585328,9.351980139609148e-05,5,0.0036247343024560564,0.0009216986304083649,True,0,,,5,5,0.0009584686836389668,0.0003433302488274571,js,1,,,5,5.023610971566362e-05,6.15264177329242e-05,3,,,5,1.0047221943132725e-05,2.24662712498723e-05,4,selection,5,0.9998594333366825,0.0001824128873531222,0,,
pixel,lower,baseline_kl_a0p5,5,baseline,5,0.0004373964559234494,0.00011978193481593763,5,0.00013628912005315518,3.260974507911708e-05,5,0.003874653811827478,0.00047584026364559336,True,0,,,5,5,0.0010851911183925769,0.0001805182698285433,kl,1,,,5,4.009444388626545e-05,4.186141208196381e-05,3,,,5,1.0047221943132725e-05,2.24662712498723e-05,0.5,selection,5,0.999849622224455,7.905739985691287e-05,0,,
pixel,lower,baseline_kl_a1,5,baseline,5,0.000543371830903437,0.00021259156202450816,5,0.0003165826409699168,0.00019420655609078309,5,0.0038420459157961066,0.0002306613185018156,True,0,,,5,5,0.0014432479638385775,0.00021122994533607839,kl,0,,,5,0.0,0.0,0,,,5,0.0,0.0,1,selection,5,0.9999499055561138,3.535557557640774e-05,0,,
pixel,lower,baseline_kl_a2,5,baseline,5,0.0006843910456679278,0.00012621720224237086,5,0.0003411391980652258,0.00019740219028834086,5,0.003870623366844224,0.0008057196506124835,True,0,,,5,5,0.001384319820407885,0.0005483564632303076,kl,1,,,5,6.0047221943132725e-05,8.215126658172259e-05,3,,,5,1e-05,2.23606797749979e-05,2,selection,5,0.9998798583341706,0.00013042485062876921,0,,
pixel,lower,baseline_kl_a4,5,baseline,5,0.20045228970078358,0.2734484171512809,5,0.40015554440615403,0.5472438572028344,5,0.002636921977465183,0.001801416172400782,True,0,,,5,5,0.40098019427488635,0.5468279320403034,kl,0,,,5,0.0,0.0,0,,,5,0.0,0.0,4,selection,5,0.9999699527780569,6.718763079986257e-05,0,,
pixel,upper,baseline_chisq_a0p5,5,baseline,5,0.004690300342527963,0.0001810047560881332,5,0.0019151312173046318,0.0007476723287096032,5,0.022402126369663593,0.0034984099552280283,True,0,,,5,5,0.00795484884455969,0.0012814175861789012,chisq,5,0.48296023159930546,0.21257272062939087,5,0.0017636833115643523,0.0006417784109166233,5,1.0,0.0,5,0.0017636833115643523,0.0006417784109166233,0.5,selection,5,1.0,1.6653345369377348e-16,0,,
pixel,upper,baseline_chisq_a1,5,baseline,5,0.005764420103714449,0.0005099908827013664,5,0.004550953613424033,0.0013576817527440577,5,0.021942817055067898,0.0032462300763082506,True,0,,,5,5,0.011502639069724822,0.0016503606899810304,chisq,5,0.6058944254653067,0.21230073758766402,5,0.0011931166482467598,0.00046644758054255564,5,0.9176861764844599,0.18405930486866864,5,0.0011229749824173615,0.000549515167786792,1,selection,5,0.9999298583341705,0.0001568415328496465,0,,
pixel,upper,baseline_chisq_a2,5,baseline,5,0.010143995060496801,0.0008771146811955169,5,0.01169468740079945,0.0028397309971856426,5,0.024169397193530822,0.009068941532699137,True,0,,,5,5,0.020258440562369893,0.0016025662062323534,chisq,5,0.528572639505483,0.3980776127673164,5,0.0012524083190997687,0.001018043017282393,5,0.8499410421736622,0.3355420303324655,5,0.0012223610971566362,0.0010582829926415425,2,selection,5,0.999869669446398,0.0002642420280641737,0,,
pixel,upper,baseline_chisq_a4,5,baseline,5,0.014195021007345276,0.0011625398667076,5,0.02246499817404628,0.002124463396334598,5,0.018812313733502922,0.0013688508363618656,True,0,,,5,5,0.03053272066284904,0.0025209421975245943,chisq,5,0.7627856828008358,0.28779976468704915,5,0.0002805666633175927,0.00017922879517498835,5,0.6980105359878872,0.2736586091383237,5,0.00023047221943132723,0.00020836379704319307,4,selection,5,0.9996691500050237,0.00020251262662493514,0,,
pixel,upper,baseline_hellinger_a0p5,5,baseline,5,0.005701723751077591,0.0007681275394217623,5,0.004665398215680047,0.0017558414806386983,5,0.019634854598821104,0.004337777331236826,True,0,,,5,5,0.011225567819021683,0.0014390881506697116,hellinger,5,0.5719743649392045,0.13374753264052108,5,0.0010123610971566363,0.0006412767406793853,5,0.8825398352123072,0.18429568771265462,5,0.0009221722093841053,0.0006867755428255465,0.5,selection,5,0.9998797638902841,0.00017928143538246234,0,,
pixel,upper,baseline_hellinger_a1,5,baseline,5,0.006724715110933105,0.0007426970337618192,5,0.006014919820348944,0.0019172522284361573,5,0.018434461883608654,0.006079412011716372,True,0,,,5,5,0.01241544282679326,0.0012840962413077873,hellinger,5,0.6258107457172792,0.3271716736800484,5,0.0009524555410429017,0.0006274581457066208,5,0.809600802694761,0.2935123479274547,5,0.0008923610971566361,0.0007050989970855704,1,selection,5,0.9998897638902842,0.00019545068942648097,0,,
pixel,upper,baseline_hellinger_a2,5,baseline,5,0.007476929519695609,0.0007360932262520596,5,0.010224361475169698,0.0017151582831991677,5,0.018628413846690218,0.0056843115324514415,True,0,,,5,5,0.017309733900677055,0.0004995606498149694,hellinger,5,0.6690782880360618,0.28801934373308025,5,0.0007710388827489199,0.000603506674623651,5,0.7133448258834328,0.40111742766889985,5,0.0006909444388626545,0.0006895712715603514,2,selection,5,0.9997896222244549,0.0002047674558452292,0,,
pixel,upper,baseline_hellinger_a4,5,baseline,5,0.008073011830998691,0.0006696042025570102,5,0.010997129513360316,0.0012945851651891037,5,0.017490430655476275,0.005285598558673248,True,0,,,5,5,0.01773219131529575,0.0009132787774636929,hellinger,4,,,5,0.00045094443886265455,0.0004713260530182706,4,,,5,0.0004208972169195218,0.00048393384627925943,4,selection,5,0.9998998583341706,9.363627943754428e-05,0,,
pixel,upper,baseline_js_a0p5,5,baseline,5,0.003152583733491446,0.000354610939675063,5,0.0016534098874597097,0.0007086129796733678,5,0.015222770720574933,0.0031334375229997787,True,0,,,5,5,0.0061224887713950595,0.0008472466497863619,js,5,0.5453924946223613,0.25554249486638564,5,0.0006511805485783181,0.0001662764183860084,5,0.9001179156526756,0.22334313033498493,5,0.0006111805485783181,0.00024641160732801935,0.5,selection,5,0.99996,8.944271909990727e-05,0,,
pixel,upper,baseline_js_a1,5,baseline,5,0.0037762638335769568,0.0005073914352226693,5,0.0010315575107077049,0.0010890172009065525,5,0.020940596574952456,0.004876621349190254,True,0,,,5,5,0.005509408993611191,0.0016812154969101246,js,5,0.3097945594340618,0.08447662200917724,5,0.0014331166482467598,0.000579039902236328,5,0.9800000000000001,0.04472135954999578,5,0.001413069426303627,0.0005990703583552543,1,selection,5,0.9999799527780567,4.482695102487954e-05,0,,
pixel,upper,baseline_js_a2,5,baseline,5,0.0033313224492559175,0.0009365577208858163,5,0.0017944730424234692,0.0012773882401880831,5,0.01650269784186328,0.008214031189330005,True,0,,,5,5,0.005763428014538134,0.0015327536984263233,js,4,,,5,0.001182219431327238,0.0011013170933056229,4,,,5,0.001152219431327238,0.0011296308234802594,2,selection,5,0.999839622224455,0.00023060750739928927,0,,
pixel,upper,baseline_js_a4,5,baseline,5,0.0035585525488058605,0.0008438662075777015,5,0.002052632627917138,0.0007806127366091103,5,0.01755822829597177,0.006882730219593753,True,0,,,5,5,0.006730766321386997,0.0008405887217215336,js,5,0.5413750573357556,0.2744177771025098,5,0.0009524555410429017,0.0005868238439880231,5,0.9,0.22360679774997896,5,0.000932408319099769,0.0006197254398326483,4,selection,5,0.999909716668341,0.00013458644454937836,0,,
pixel,upper,baseline_kl_a0p5,5,baseline,5,0.0042600348846746254,0.00015174672036912215,5,0.0021983147715498785,0.001253798517571099,5,0.018544334322144633,0.00338537915144092,True,0,,,5,5,0.007211594837240637,0.0013848815014370415,kl,5,0.38733105930993,0.16156215582380556,5,0.0010319833216115744,0.0005040301058129373,5,0.9778359239299871,0.049560380751025264,5,0.0010219833216115744,0.0005187161236086962,0.5,selection,5,0.99999,2.236067977502026e-05,0,,
pixel,upper,baseline_kl_a1,5,baseline,5,0.005120604064128454,0.00041730344593118363,5,0.002650866050546113,0.0010637672975561592,5,0.02319547662113537,0.0026617724452659454,True,0,,,5,5,0.009339121842213291,0.0016317348477599357,kl,5,0.3869919719044211,0.3111598460577578,5,0.0016632110921330253,0.0005956136467189302,5,1.0,0.0,5,0.0016632110921330253,0.0005956136467189302,1,selection,5,1.0,1.2412670766236366e-16,0,,
pixel,upper,baseline_kl_a2,5,baseline,5,0.005703289886492254,0.00019391570191346273,5,0.0049624177804150175,0.0012943425110559478,5,0.01922215463840298,0.0034784170658440105,True,0,,,5,5,0.011308171421074964,0.0014234739174637941,kl,5,0.5806238224678237,0.12795857100809577,5,0.0011324555410429018,0.0004398702511607145,5,1.0,0.0,5,0.0011324555410429018,0.0004398702511607145,2,selection,5,0.9999398583341705,0.0001344808530746138,0,,
pixel,upper,baseline_kl_a4,5,baseline,5,0.006707088338733749,0.00041537519088324964,5,0.008081575786706294,0.0013302653116907177,5,0.013737039655902394,0.0009325065133444626,True,0,,,5,5,0.01358818884197085,0.0013659961717598728,kl,5,0.8466723775517672,0.1582793570390915,5,0.00035066110720385815,0.0001771273782332295,5,0.8622098680599299,0.2363595361617861,5,0.00028047221943132726,0.0001353984855752749,4,selection,5,0.9996292444489099,0.00016854466129034843,0,,
