case,dimension,noise_sd,train_n,candidate,loss,architecture,output_alpha,n_parameters,timing_repeats,wall_seconds_mean,wall_seconds_sd,cpu_seconds_mean,cpu_seconds_sd,epochs_mean,epochs_sd
D2_noise0.00,2,0.0,100,hellinger__bottleneck8_residual64__a2,hellinger,bottleneck8_residual64,2,25223,10,2.23156292992644,0.1334076744368832,2.2104774344000004,0.12976353364971863,330.0,0.0
D2_noise0.00,2,0.0,100,kl__bottleneck8_residual64__a2,kl,bottleneck8_residual64,2,25223,10,2.1955661229323598,0.165426663951115,2.1747136641000004,0.1614645310404726,330.2,0.6324555320336759
D2_noise0.00,2,0.0,100,chisq__bottleneck8_residual64__a2,chisq,bottleneck8_residual64,2,25223,10,2.2668257761280985,0.13801301390190224,2.2452908418999997,0.1342590895822124,330.3,0.9486832980505138
D2_noise0.00,2,0.0,100,js__bottleneck8_residual64__a2,js,bottleneck8_residual64,2,25223,10,2.2804318979382514,0.16355358452631524,2.2586213196,0.15972121597711914,330.0,0.0
D2_noise0.00,2,0.0,200,hellinger__bottleneck8_residual64__a2,hellinger,bottleneck8_residual64,2,25223,10,2.3575516660697757,0.20829595093779973,2.3352270052999997,0.2033747624513187,330.0,0.0
D2_noise0.00,2,0.0,200,kl__bottleneck8_residual64__a2,kl,bottleneck8_residual64,2,25223,10,3.2339436480775476,1.3848353667324327,3.2052307568000002,1.3763913227995026,450.1,201.81259183267585
D2_noise0.00,2,0.0,200,chisq__bottleneck8_residual64__a2,chisq,bottleneck8_residual64,2,25223,10,2.6472827533259986,0.47035631689893703,2.6212493492999998,0.46522377523181946,356.3,47.6982412906621
D2_noise0.00,2,0.0,200,js__bottleneck8_residual64__a2,js,bottleneck8_residual64,2,25223,10,2.9318728597834705,1.1944871332991291,2.9045486225000006,1.1844872386490817,395.3,165.00373733141117
D2_noise0.00,2,0.0,500,hellinger__bottleneck8_residual64__a2,hellinger,bottleneck8_residual64,2,25223,10,2.957459979131818,0.19143724800410086,2.9292859491999996,0.1851939607399289,330.7,2.2135943621178655
D2_noise0.00,2,0.0,500,kl__bottleneck8_residual64__a2,kl,bottleneck8_residual64,2,25223,10,3.010523113515228,0.29506558396627214,2.9816706384,0.2891538697172709,336.9,15.365545873804809
D2_noise0.00,2,0.0,500,chisq__bottleneck8_residual64__a2,chisq,bottleneck8_residual64,2,25223,10,3.3873910035938026,0.5833551428770037,3.3548644543000004,0.5789813751802607,371.6,60.23693957107125
D2_noise0.00,2,0.0,500,js__bottleneck8_residual64__a2,js,bottleneck8_residual64,2,25223,10,3.3163442004006356,0.5620694266519192,3.2836283541,0.5543132002690184,364.4,60.384324676745926
D2_noise0.00,2,0.0,1000,hellinger__bottleneck8_residual64__a2,hellinger,bottleneck8_residual64,2,25223,10,4.525687719834968,1.379870451717867,4.4798734786,1.364869178001948,364.0,107.16653706575886
D2_noise0.00,2,0.0,1000,kl__bottleneck8_residual64__a2,kl,bottleneck8_residual64,2,25223,10,4.1962776517495515,0.3396839763965614,4.1541535201999995,0.3362973936804777,340.1,21.512012148254907
D2_noise0.00,2,0.0,1000,chisq__bottleneck8_residual64__a2,chisq,bottleneck8_residual64,2,25223,10,4.387967950385064,0.9429767686445408,4.3453472137,0.9359768382923053,358.3,79.45096321351653
D2_noise0.00,2,0.0,1000,js__bottleneck8_residual64__a2,js,bottleneck8_residual64,2,25223,10,4.25415868787095,0.3779172249116558,4.2124531291,0.3755170938289861,340.3,32.57145989973431
D2_noise0.00,2,0.0,2000,hellinger__bottleneck8_residual64__a2,hellinger,bottleneck8_residual64,2,25223,10,6.430390626238659,0.7896627382816677,6.361115310200001,0.7837150591459201,343.7,43.3232039443068
D2_noise0.00,2,0.0,2000,kl__bottleneck8_residual64__a2,kl,bottleneck8_residual64,2,25223,10,7.7955506952479485,2.8929846398113277,7.7162982638000015,2.8670929863707566,424.5,155.01774092019275
D2_noise0.00,2,0.0,2000,chisq__bottleneck8_residual64__a2,chisq,bottleneck8_residual64,2,25223,10,7.433876422001049,2.0209909599789917,7.3520746625,2.0002484883189147,393.2,101.3780603045408
D2_noise0.00,2,0.0,2000,js__bottleneck8_residual64__a2,js,bottleneck8_residual64,2,25223,10,6.961389510985464,1.3122051727863169,6.883502268399999,1.2912125989997938,364.6,60.164958424503396
D2_noise0.00,2,0.0,5000,hellinger__bottleneck8_residual64__a2,hellinger,bottleneck8_residual64,2,25223,10,15.900976175349205,7.47280909377657,15.740911424300004,7.398196694436133,407.8,199.5488244348569
D2_noise0.00,2,0.0,5000,kl__bottleneck8_residual64__a2,kl,bottleneck8_residual64,2,25223,10,14.471927437651903,3.060572263258099,14.315794001799997,3.0191477363596717,359.6,67.63332511910579
D2_noise0.00,2,0.0,5000,chisq__bottleneck8_residual64__a2,chisq,bottleneck8_residual64,2,25223,10,13.83520848415792,2.2925270231674797,13.690564217599999,2.2640824765491496,363.9,53.57538821345322
D2_noise0.00,2,0.0,5000,js__bottleneck8_residual64__a2,js,bottleneck8_residual64,2,25223,10,13.02858686428517,1.0297387772518694,12.8907033939,1.0107457054374624,336.5,15.529541740394874
D20_noise0.10,20,0.1,100,hellinger__bottleneck8_residual64__a2,hellinger,bottleneck8_residual64,2,25769,10,2.323746335087344,0.09612993695956919,2.2996436014999992,0.09419975812001773,330.0,0.0
D20_noise0.10,20,0.1,100,kl__bottleneck8_residual64__a2,kl,bottleneck8_residual64,2,25769,10,2.2831841986626387,0.06550286795751405,2.2603181003,0.0647669695351628,330.0,0.0
D20_noise0.10,20,0.1,100,chisq__bottleneck8_residual64__a2,chisq,bottleneck8_residual64,2,25769,10,2.3515286488924176,0.07289385796570455,2.3276654218,0.07048253926521364,330.0,0.0
D20_noise0.10,20,0.1,100,js__bottleneck8_residual64__a2,js,bottleneck8_residual64,2,25769,10,2.3164018874056636,0.07027949843147656,2.2930350476,0.06934261559345775,330.0,0.0
D20_noise0.10,20,0.1,200,hellinger__bottleneck8_residual64__a2,hellinger,bottleneck8_residual64,2,25769,10,2.4391382100991903,0.13781077033468206,2.4152100157999996,0.13460987504655683,330.0,0.0
D20_noise0.10,20,0.1,200,kl__bottleneck8_residual64__a2,kl,bottleneck8_residual64,2,25769,10,2.3915897600352762,0.13825284838356422,2.3689322542,0.13415070613052865,330.0,0.0
D20_noise0.10,20,0.1,200,chisq__bottleneck8_residual64__a2,chisq,bottleneck8_residual64,2,25769,10,2.4390138294547796,0.12110941581579888,2.4154407829,0.11731718949020688,330.0,0.0
D20_noise0.10,20,0.1,200,js__bottleneck8_residual64__a2,js,bottleneck8_residual64,2,25769,10,2.4838825355283918,0.11066657568407229,2.4578328643000003,0.10642622141244786,330.0,0.0
D20_noise0.10,20,0.1,500,hellinger__bottleneck8_residual64__a2,hellinger,bottleneck8_residual64,2,25769,10,3.705278822686523,1.094718569837623,3.6647883318000005,1.083998341630456,379.4,107.09933084135805
D20_noise0.10,20,0.1,500,kl__bottleneck8_residual64__a2,kl,bottleneck8_residual64,2,25769,10,3.1099976487457752,0.08799942275528129,3.0756781766,0.0844531601662271,330.0,0.0
D20_noise0.10,20,0.1,500,chisq__bottleneck8_residual64__a2,chisq,bottleneck8_residual64,2,25769,10,3.14473121589981,0.0732329091538462,3.1108631666999997,0.06958541502655215,330.0,0.0
D20_noise0.10,20,0.1,500,js__bottleneck8_residual64__a2,js,bottleneck8_residual64,2,25769,10,3.19098934228532,0.10007475075737131,3.1565871887,0.096180589695928,330.1,0.31622776601683794
D20_noise0.10,20,0.1,1000,hellinger__bottleneck8_residual64__a2,hellinger,bottleneck8_residual64,2,25769,10,4.164035349851474,0.13948760089635426,4.1193139805,0.1340346345027364,330.0,0.0
D20_noise0.10,20,0.1,1000,kl__bottleneck8_residual64__a2,kl,bottleneck8_residual64,2,25769,10,5.072213241271674,3.016790407479975,5.0168855755,2.980496518123646,397.5,211.7027528294225
D20_noise0.10,20,0.1,1000,chisq__bottleneck8_residual64__a2,chisq,bottleneck8_residual64,2,25769,10,4.178960777213797,0.16018807385034073,4.132196903799999,0.1517130766967344,330.0,0.0
D20_noise0.10,20,0.1,1000,js__bottleneck8_residual64__a2,js,bottleneck8_residual64,2,25769,10,4.214391023013741,0.1583016129545484,4.1682544571,0.15083359703478583,330.0,0.0
D20_noise0.10,20,0.1,2000,hellinger__bottleneck8_residual64__a2,hellinger,bottleneck8_residual64,2,25769,10,6.838503624824807,1.6835143077925006,6.760795616199999,1.667685708549905,358.2,88.82542178653337
D20_noise0.10,20,0.1,2000,kl__bottleneck8_residual64__a2,kl,bottleneck8_residual64,2,25769,10,6.473070909641683,0.5075163742161514,6.3968428819000005,0.4960221283609918,336.5,19.52349012514583
D20_noise0.10,20,0.1,2000,chisq__bottleneck8_residual64__a2,chisq,bottleneck8_residual64,2,25769,10,6.489156146533787,0.16659776956925498,6.411279761700001,0.15879085242651395,331.8,3.9101008796307144
D20_noise0.10,20,0.1,2000,js__bottleneck8_residual64__a2,js,bottleneck8_residual64,2,25769,10,6.429633240634575,0.2388164832407288,6.3535019459,0.22992499608875955,331.6,5.059644256269406
D20_noise0.10,20,0.1,5000,hellinger__bottleneck8_residual64__a2,hellinger,bottleneck8_residual64,2,25769,10,18.36754365465604,8.412627388232384,18.171973952,8.333685457141469,462.6,206.09986791736563
D20_noise0.10,20,0.1,5000,kl__bottleneck8_residual64__a2,kl,bottleneck8_residual64,2,25769,10,15.468469310039655,3.9513881730617006,15.294271153300002,3.911312727728421,385.5,103.00620261798693
D20_noise0.10,20,0.1,5000,chisq__bottleneck8_residual64__a2,chisq,bottleneck8_residual64,2,25769,10,14.155529098259285,1.8475866534390795,13.993496814299998,1.818269455751728,353.6,42.08509897286159
D20_noise0.10,20,0.1,5000,js__bottleneck8_residual64__a2,js,bottleneck8_residual64,2,25769,10,17.748914225772022,7.87482091806367,17.5485120293,7.788891162776519,434.4,189.2019497198107
D40_noise0.10,40,0.1,100,hellinger__bottleneck8_residual64__a2,hellinger,bottleneck8_residual64,2,25929,10,2.3095408881083133,0.07277199747989346,2.2871194398,0.07095739389956214,330.0,0.0
D40_noise0.10,40,0.1,100,kl__bottleneck8_residual64__a2,kl,bottleneck8_residual64,2,25929,10,2.2709778118878603,0.05477293665147396,2.2496765125000002,0.05335842500793579,330.0,0.0
D40_noise0.10,40,0.1,100,chisq__bottleneck8_residual64__a2,chisq,bottleneck8_residual64,2,25929,10,2.3243268135469406,0.0770521745003746,2.3014048768,0.0744655600148024,330.0,0.0
D40_noise0.10,40,0.1,100,js__bottleneck8_residual64__a2,js,bottleneck8_residual64,2,25929,10,2.320186342205852,0.07972145107439624,2.2977642574,0.07757457315094829,330.0,0.0
D40_noise0.10,40,0.1,200,hellinger__bottleneck8_residual64__a2,hellinger,bottleneck8_residual64,2,25929,10,2.484768203040585,0.07195731780693933,2.4596715503,0.07177174041014006,330.0,0.0
D40_noise0.10,40,0.1,200,kl__bottleneck8_residual64__a2,kl,bottleneck8_residual64,2,25929,10,2.458843142678961,0.059015821060966714,2.4345916994,0.057657280540221775,330.0,0.0
D40_noise0.10,40,0.1,200,chisq__bottleneck8_residual64__a2,chisq,bottleneck8_residual64,2,25929,10,2.478584082657471,0.05278680495921856,2.454297619300001,0.050130613580413916,330.0,0.0
D40_noise0.10,40,0.1,200,js__bottleneck8_residual64__a2,js,bottleneck8_residual64,2,25929,10,2.4955844118725508,0.03318355489994873,2.4705681375,0.032620180215973814,330.0,0.0
D40_noise0.10,40,0.1,500,hellinger__bottleneck8_residual64__a2,hellinger,bottleneck8_residual64,2,25929,10,3.121997795812786,0.06915485867860244,3.0890490839,0.06758736297322336,330.0,0.0
D40_noise0.10,40,0.1,500,kl__bottleneck8_residual64__a2,kl,bottleneck8_residual64,2,25929,10,3.1018100631888954,0.06757651956077114,3.0688979291999994,0.06633458432550897,330.0,0.0
D40_noise0.10,40,0.1,500,chisq__bottleneck8_residual64__a2,chisq,bottleneck8_residual64,2,25929,10,3.2016714855562896,0.35395302545072177,3.1694656604,0.3484263982753938,338.3,26.24690457939755
D40_noise0.10,40,0.1,500,js__bottleneck8_residual64__a2,js,bottleneck8_residual64,2,25929,10,3.1867115091066807,0.24722987951269992,3.1541107666999997,0.2425449034413889,334.5,14.230249470757707
D40_noise0.10,40,0.1,1000,hellinger__bottleneck8_residual64__a2,hellinger,bottleneck8_residual64,2,25929,10,4.169784227572381,0.12692018202530078,4.1242418698000005,0.12314689669132817,330.4,1.2649110640673518
D40_noise0.10,40,0.1,1000,kl__bottleneck8_residual64__a2,kl,bottleneck8_residual64,2,25929,10,4.177683861879632,0.12013970205128849,4.1324344737,0.1147218341418433,330.0,0.0
D40_noise0.10,40,0.1,1000,chisq__bottleneck8_residual64__a2,chisq,bottleneck8_residual64,2,25929,10,4.306019616127014,0.43013757263866326,4.2605470447,0.42290469495237787,337.8,24.66576574931336
D40_noise0.10,40,0.1,1000,js__bottleneck8_residual64__a2,js,bottleneck8_residual64,2,25929,10,4.211364809237421,0.08198669799799192,4.165176936200001,0.07924575333922214,330.0,0.0
D40_noise0.10,40,0.1,2000,hellinger__bottleneck8_residual64__a2,hellinger,bottleneck8_residual64,2,25929,10,6.282831790810451,0.14165914557696793,6.2163735589,0.13787900564799424,330.0,0.0
D40_noise0.10,40,0.1,2000,kl__bottleneck8_residual64__a2,kl,bottleneck8_residual64,2,25929,10,6.218528633983806,0.24125464454341955,6.151028767999999,0.23186044612502085,330.0,0.0
D40_noise0.10,40,0.1,2000,chisq__bottleneck8_residual64__a2,chisq,bottleneck8_residual64,2,25929,10,6.525393629912287,0.8358294928756861,6.4578884842,0.8274101252826853,346.3,50.15542509705871
D40_noise0.10,40,0.1,2000,js__bottleneck8_residual64__a2,js,bottleneck8_residual64,2,25929,10,6.26014022375457,0.2614355413717326,6.1940960653,0.25332398608015216,330.0,0.0
D40_noise0.10,40,0.1,5000,hellinger__bottleneck8_residual64__a2,hellinger,bottleneck8_residual64,2,25929,10,13.239230617880821,0.6127654565382176,13.092580038699998,0.5928520070284057,330.0,0.0
D40_noise0.10,40,0.1,5000,kl__bottleneck8_residual64__a2,kl,bottleneck8_residual64,2,25929,10,14.122936412366107,1.7691540328312816,13.9655386588,1.752479995550537,355.4,58.132415894901335
D40_noise0.10,40,0.1,5000,chisq__bottleneck8_residual64__a2,chisq,bottleneck8_residual64,2,25929,10,14.28177614393644,1.9788574982791436,14.1255712491,1.950276759346009,358.2,48.8280429443755
D40_noise0.10,40,0.1,5000,js__bottleneck8_residual64__a2,js,bottleneck8_residual64,2,25929,10,13.919143062550575,1.6264679899075045,13.7690905047,1.5950251583093324,352.2,41.26015026632841
D40_noise0.30,40,0.3,100,hellinger__bottleneck8_residual64__a2,hellinger,bottleneck8_residual64,2,25929,10,2.32323264144361,0.09961366211815861,2.3000587787,0.0973467771215374,330.0,0.0
D40_noise0.30,40,0.3,100,kl__bottleneck8_residual64__a2,kl,bottleneck8_residual64,2,25929,10,2.2394847120624037,0.07047097384993317,2.2178025953000002,0.06656635317635796,330.0,0.0
D40_noise0.30,40,0.3,100,chisq__bottleneck8_residual64__a2,chisq,bottleneck8_residual64,2,25929,10,2.2624849424231797,0.06020219227024979,2.2401897484999997,0.05722855810757756,330.0,0.0
D40_noise0.30,40,0.3,100,js__bottleneck8_residual64__a2,js,bottleneck8_residual64,2,25929,10,2.286877097329125,0.05562350006186353,2.2643651319,0.05229155534171087,330.0,0.0
D40_noise0.30,40,0.3,200,hellinger__bottleneck8_residual64__a2,hellinger,bottleneck8_residual64,2,25929,10,2.4081047770567237,0.038055749001281655,2.3842008914999995,0.03699449786486757,330.0,0.0
D40_noise0.30,40,0.3,200,kl__bottleneck8_residual64__a2,kl,bottleneck8_residual64,2,25929,10,2.392903261864558,0.03455595455574179,2.3679941763,0.03385142578012246,330.0,0.0
D40_noise0.30,40,0.3,200,chisq__bottleneck8_residual64__a2,chisq,bottleneck8_residual64,2,25929,10,2.3932326483540236,0.06379512542822945,2.37072344,0.06209698091726678,330.0,0.0
D40_noise0.30,40,0.3,200,js__bottleneck8_residual64__a2,js,bottleneck8_residual64,2,25929,10,2.4343250948935746,0.06829758774200675,2.4107264377999997,0.06537797709611694,330.0,0.0
D40_noise0.30,40,0.3,500,hellinger__bottleneck8_residual64__a2,hellinger,bottleneck8_residual64,2,25929,10,3.027317216619849,0.0797001913172883,2.9957368281,0.07748960770070341,330.0,0.0
D40_noise0.30,40,0.3,500,kl__bottleneck8_residual64__a2,kl,bottleneck8_residual64,2,25929,10,3.007825078908354,0.06640436857885977,2.976375106,0.06476365077747251,330.0,0.0
D40_noise0.30,40,0.3,500,chisq__bottleneck8_residual64__a2,chisq,bottleneck8_residual64,2,25929,10,3.0041279192548247,0.1174908804093347,2.9738155179000003,0.11437548934701948,330.0,0.0
D40_noise0.30,40,0.3,500,js__bottleneck8_residual64__a2,js,bottleneck8_residual64,2,25929,10,3.0221126980613917,0.07611057339007254,2.9913124757999996,0.07401818576601879,330.0,0.0
D40_noise0.30,40,0.3,1000,hellinger__bottleneck8_residual64__a2,hellinger,bottleneck8_residual64,2,25929,10,4.130958619853482,0.08731272817238107,4.086274722799999,0.08657486826215832,330.0,0.0
D40_noise0.30,40,0.3,1000,kl__bottleneck8_residual64__a2,kl,bottleneck8_residual64,2,25929,10,4.100811619870365,0.11318582450883068,4.0585386860999995,0.10859651541796977,330.0,0.0
D40_noise0.30,40,0.3,1000,chisq__bottleneck8_residual64__a2,chisq,bottleneck8_residual64,2,25929,10,4.105660971067846,0.11188912150244593,4.0627745984,0.10861802033982483,330.0,0.0
D40_noise0.30,40,0.3,1000,js__bottleneck8_residual64__a2,js,bottleneck8_residual64,2,25929,10,4.184176470106467,0.10391235002776139,4.1395500828000005,0.09966368556238737,330.0,0.0
D40_noise0.30,40,0.3,2000,hellinger__bottleneck8_residual64__a2,hellinger,bottleneck8_residual64,2,25929,10,6.3548903370276095,0.1272740082346817,6.280477878400001,0.1257097828477974,330.0,0.0
D40_noise0.30,40,0.3,2000,kl__bottleneck8_residual64__a2,kl,bottleneck8_residual64,2,25929,10,6.245803322875872,0.1440840214168375,6.174036439299999,0.14135709783256176,330.0,0.0
D40_noise0.30,40,0.3,2000,chisq__bottleneck8_residual64__a2,chisq,bottleneck8_residual64,2,25929,10,6.255427005048841,0.23067479539985727,6.185342335900001,0.22434671239803755,330.0,0.0
D40_noise0.30,40,0.3,2000,js__bottleneck8_residual64__a2,js,bottleneck8_residual64,2,25929,10,6.2278776684775945,0.16733517614370225,6.159412206499999,0.16396259760713633,330.0,0.0
D40_noise0.30,40,0.3,5000,hellinger__bottleneck8_residual64__a2,hellinger,bottleneck8_residual64,2,25929,10,13.195181118138134,0.6503397229863981,13.0535341113,0.6377667914132668,330.0,0.0
D40_noise0.30,40,0.3,5000,kl__bottleneck8_residual64__a2,kl,bottleneck8_residual64,2,25929,10,13.523172693978996,0.7984314104243944,13.368017492499998,0.7840924544632646,334.1,12.965338406690355
D40_noise0.30,40,0.3,5000,chisq__bottleneck8_residual64__a2,chisq,bottleneck8_residual64,2,25929,10,13.918710069078951,1.6554593266829216,13.764226015600002,1.6451161916702997,346.1,48.15126628079935
D40_noise0.30,40,0.3,5000,js__bottleneck8_residual64__a2,js,bottleneck8_residual64,2,25929,10,13.253195765521378,0.4122999060785276,13.1073948013,0.3999715450477855,330.0,0.0
D100_noise0.30,100,0.3,100,hellinger__bottleneck8_residual64__a2,hellinger,bottleneck8_residual64,2,26409,10,2.256887893099338,0.21473813490010232,2.2350272145,0.209477789342597,330.0,0.0
D100_noise0.30,100,0.3,100,kl__bottleneck8_residual64__a2,kl,bottleneck8_residual64,2,26409,10,2.188348372792825,0.22906736954981288,2.1676430094999994,0.2239177910428716,330.0,0.0
D100_noise0.30,100,0.3,100,chisq__bottleneck8_residual64__a2,chisq,bottleneck8_residual64,2,26409,10,2.2481665051542223,0.19917834147800922,2.2266626521,0.19396073073502162,330.0,0.0
D100_noise0.30,100,0.3,100,js__bottleneck8_residual64__a2,js,bottleneck8_residual64,2,26409,10,2.259149358700961,0.21067679127723016,2.2322924131,0.19957284835731176,330.0,0.0
D100_noise0.30,100,0.3,200,hellinger__bottleneck8_residual64__a2,hellinger,bottleneck8_residual64,2,26409,10,2.35750225931406,0.3011335074393136,2.3277714434,0.2881229210409055,330.0,0.0
D100_noise0.30,100,0.3,200,kl__bottleneck8_residual64__a2,kl,bottleneck8_residual64,2,26409,10,2.3135708494111897,0.2950008344900681,2.2923687768,0.28938121665777594,330.0,0.0
D100_noise0.30,100,0.3,200,chisq__bottleneck8_residual64__a2,chisq,bottleneck8_residual64,2,26409,10,2.3491181291174144,0.3070928109163765,2.3227743910000003,0.29679969697175906,330.0,0.0
D100_noise0.30,100,0.3,200,js__bottleneck8_residual64__a2,js,bottleneck8_residual64,2,26409,10,2.3812381220050156,0.30658296740983526,2.3502956877,0.2928269166672376,330.0,0.0
D100_noise0.30,100,0.3,500,hellinger__bottleneck8_residual64__a2,hellinger,bottleneck8_residual64,2,26409,10,2.929408447211608,0.3637970505324841,2.8979232317000005,0.3532495696945738,330.0,0.0
D100_noise0.30,100,0.3,500,kl__bottleneck8_residual64__a2,kl,bottleneck8_residual64,2,26409,10,2.849647471588105,0.3700715027342061,2.8151763681000004,0.3549548327683333,330.0,0.0
D100_noise0.30,100,0.3,500,chisq__bottleneck8_residual64__a2,chisq,bottleneck8_residual64,2,26409,10,2.90381976547651,0.3848543324929483,2.8683197301,0.36997066046340843,330.0,0.0
D100_noise0.30,100,0.3,500,js__bottleneck8_residual64__a2,js,bottleneck8_residual64,2,26409,10,2.915628092549741,0.38462005077197187,2.8826959069,0.3724450480152375,330.0,0.0
D100_noise0.30,100,0.3,1000,hellinger__bottleneck8_residual64__a2,hellinger,bottleneck8_residual64,2,26409,10,3.8850755776744337,0.52894628192245,3.845394755,0.5151158941099537,330.0,0.0
D100_noise0.30,100,0.3,1000,kl__bottleneck8_residual64__a2,kl,bottleneck8_residual64,2,26409,10,3.9357328069861977,0.45839471254788944,3.886066451,0.43680815613902757,330.0,0.0
D100_noise0.30,100,0.3,1000,chisq__bottleneck8_residual64__a2,chisq,bottleneck8_residual64,2,26409,10,3.942722830362618,0.468811486926828,3.893510593,0.4507159064597931,330.0,0.0
D100_noise0.30,100,0.3,1000,js__bottleneck8_residual64__a2,js,bottleneck8_residual64,2,26409,10,3.9458938629366456,0.5283923961534299,3.9103847807000003,0.5183135986687681,330.0,0.0
D100_noise0.30,100,0.3,2000,hellinger__bottleneck8_residual64__a2,hellinger,bottleneck8_residual64,2,26409,10,5.962173183495179,0.5765053288092737,5.8992394327,0.5562770826578931,330.0,0.0
D100_noise0.30,100,0.3,2000,kl__bottleneck8_residual64__a2,kl,bottleneck8_residual64,2,26409,10,5.924393881112337,0.5447463548941114,5.8515649878,0.5180705332515656,330.0,0.0
D100_noise0.30,100,0.3,2000,chisq__bottleneck8_residual64__a2,chisq,bottleneck8_residual64,2,26409,10,6.03871627850458,0.5458658682552747,5.9820833999000005,0.5279340777836807,330.0,0.0
D100_noise0.30,100,0.3,2000,js__bottleneck8_residual64__a2,js,bottleneck8_residual64,2,26409,10,5.976874194014817,0.4993264144191454,5.9207853494,0.4819760297138871,330.0,0.0
D100_noise0.30,100,0.3,5000,hellinger__bottleneck8_residual64__a2,hellinger,bottleneck8_residual64,2,26409,10,14.18723361105658,7.635120006989524,14.065945353399997,7.574926053047096,397.0,211.8726032312814
D100_noise0.30,100,0.3,5000,kl__bottleneck8_residual64__a2,kl,bottleneck8_residual64,2,26409,10,11.969061519159004,1.1960983285395834,11.8642873523,1.1620782596846213,332.3,7.273238618387273
D100_noise0.30,100,0.3,5000,chisq__bottleneck8_residual64__a2,chisq,bottleneck8_residual64,2,26409,10,11.831037031905726,1.2984515212659322,11.728857038400001,1.2619982710864166,330.0,0.0
D100_noise0.30,100,0.3,5000,js__bottleneck8_residual64__a2,js,bottleneck8_residual64,2,26409,10,12.151246058475227,1.2138565425575931,12.039794045499999,1.1739769024153928,330.0,0.0
