generator,role,selection,rank,test_position,rdr,official_test_index,digit
vae,p,smallest,0,6568,0.07822995632886887,6568,9
vae,p,smallest,1,6561,0.08932757377624512,6561,7
vae,p,smallest,2,8713,0.1163092851638794,8713,3
vae,p,smallest,3,6618,0.19879920780658722,6618,1
vae,p,smallest,4,8845,0.6027771830558777,8845,0
vae,p,smallest,5,4369,0.8073973059654236,4369,9
vae,p,smallest,6,9573,0.8088955879211426,9573,7
vae,p,smallest,7,340,0.8501220345497131,340,5
vae,p,smallest,8,5540,0.9524034857749939,5540,7
vae,p,smallest,9,8481,1.0476092100143433,8481,0
vae,p,smallest,10,7659,1.1919926404953003,7659,5
vae,p,smallest,11,6599,1.2474205493927002,6599,7
vae,p,smallest,12,6742,1.2988356351852417,6742,4
vae,p,smallest,13,9832,1.3006236553192139,9832,2
vae,p,smallest,14,111,1.330850601196289,111,7
vae,p,smallest,15,3463,1.3371074199676514,3463,4
vae,p,smallest,16,2377,1.3942797183990479,2377,7
vae,p,smallest,17,9946,1.409870982170105,9946,1
vae,p,smallest,18,6720,1.446566104888916,6720,1
vae,p,smallest,19,5499,1.5088913440704346,5499,1
vae,p,smallest,20,5564,1.52203369140625,5564,4
vae,p,smallest,21,7077,1.5259082317352295,7077,5
vae,p,smallest,22,7555,1.53251051902771,7555,0
vae,p,smallest,23,4475,1.5442253351211548,4475,4
vae,p,smallest,24,9534,1.5510385036468506,9534,7
vae,p,smallest,25,4764,1.554020881652832,4764,1
vae,p,smallest,26,8750,1.5751599073410034,8750,9
vae,p,smallest,27,1831,1.590937852859497,1831,6
vae,p,smallest,28,8510,1.5965383052825928,8510,7
vae,p,smallest,29,7311,1.59781014919281,7311,3
vae,p,smallest,30,6276,1.6085976362228394,6276,1
vae,p,smallest,31,2390,1.6185294389724731,2390,2
vae,p,smallest,32,8304,1.6537830829620361,8304,7
vae,p,smallest,33,6571,1.6555774211883545,6571,9
vae,p,smallest,34,1214,1.6592954397201538,1214,1
vae,p,smallest,35,6107,1.6654963493347168,6107,3
vae,p,smallest,36,7148,1.6704403162002563,7148,9
vae,p,smallest,37,6630,1.686445951461792,6630,6
vae,p,smallest,38,1838,1.7011150121688843,1838,1
vae,p,smallest,39,8791,1.7021903991699219,8791,7
vae,p,closest_to_one,0,5540,0.9524034857749939,5540,7
vae,p,closest_to_one,1,8481,1.0476092100143433,8481,0
vae,p,closest_to_one,2,340,0.8501220345497131,340,5
vae,p,closest_to_one,3,9573,0.8088955879211426,9573,7
vae,p,closest_to_one,4,7659,1.1919926404953003,7659,5
vae,p,closest_to_one,5,4369,0.8073973059654236,4369,9
vae,p,closest_to_one,6,6599,1.2474205493927002,6599,7
vae,p,closest_to_one,7,6742,1.2988356351852417,6742,4
vae,p,closest_to_one,8,9832,1.3006236553192139,9832,2
vae,p,closest_to_one,9,111,1.330850601196289,111,7
vae,p,closest_to_one,10,3463,1.3371074199676514,3463,4
vae,p,closest_to_one,11,2377,1.3942797183990479,2377,7
vae,p,closest_to_one,12,8845,0.6027771830558777,8845,0
vae,p,closest_to_one,13,9946,1.409870982170105,9946,1
vae,p,closest_to_one,14,6720,1.446566104888916,6720,1
vae,p,closest_to_one,15,5499,1.5088913440704346,5499,1
vae,p,closest_to_one,16,5564,1.52203369140625,5564,4
vae,p,closest_to_one,17,7077,1.5259082317352295,7077,5
vae,p,closest_to_one,18,7555,1.53251051902771,7555,0
vae,p,closest_to_one,19,4475,1.5442253351211548,4475,4
vae,p,closest_to_one,20,9534,1.5510385036468506,9534,7
vae,p,closest_to_one,21,4764,1.554020881652832,4764,1
vae,p,closest_to_one,22,8750,1.5751599073410034,8750,9
vae,p,closest_to_one,23,1831,1.590937852859497,1831,6
vae,p,closest_to_one,24,8510,1.5965383052825928,8510,7
vae,p,closest_to_one,25,7311,1.59781014919281,7311,3
vae,p,closest_to_one,26,6276,1.6085976362228394,6276,1
vae,p,closest_to_one,27,2390,1.6185294389724731,2390,2
vae,p,closest_to_one,28,8304,1.6537830829620361,8304,7
vae,p,closest_to_one,29,6571,1.6555774211883545,6571,9
vae,p,closest_to_one,30,1214,1.6592954397201538,1214,1
vae,p,closest_to_one,31,6107,1.6654963493347168,6107,3
vae,p,closest_to_one,32,7148,1.6704403162002563,7148,9
vae,p,closest_to_one,33,6630,1.686445951461792,6630,6
vae,p,closest_to_one,34,1838,1.7011150121688843,1838,1
vae,p,closest_to_one,35,8791,1.7021903991699219,8791,7
vae,p,closest_to_one,36,5641,1.7231652736663818,5641,2
vae,p,closest_to_one,37,5508,1.7278376817703247,5508,3
vae,p,closest_to_one,38,7384,1.736589789390564,7384,9
vae,p,closest_to_one,39,6596,1.7525744438171387,6596,6
vae,p,largest,0,3,2.0,3,0
vae,p,largest,1,8,2.0,8,5
vae,p,largest,2,11,2.0,11,6
vae,p,largest,3,15,2.0,15,5
vae,p,largest,4,16,2.0,16,9
vae,p,largest,5,18,2.0,18,3
vae,p,largest,6,22,2.0,22,6
vae,p,largest,7,25,2.0,25,0
vae,p,largest,8,35,2.0,35,2
vae,p,largest,9,36,2.0,36,7
vae,p,largest,10,43,2.0,43,2
vae,p,largest,11,45,2.0,45,5
vae,p,largest,12,47,2.0,47,2
vae,p,largest,13,53,2.0,53,5
vae,p,largest,14,54,2.0,54,6
vae,p,largest,15,55,2.0,55,0
vae,p,largest,16,60,2.0,60,7
vae,p,largest,17,61,2.0,61,8
vae,p,largest,18,62,2.0,62,9
vae,p,largest,19,64,2.0,64,7
vae,p,largest,20,66,2.0,66,6
vae,p,largest,21,68,2.0,68,3
vae,p,largest,22,69,2.0,69,0
vae,p,largest,23,72,2.0,72,2
vae,p,largest,24,75,2.0,75,7
vae,p,largest,25,76,2.0,76,3
vae,p,largest,26,84,2.0,84,8
vae,p,largest,27,87,2.0,87,3
vae,p,largest,28,88,2.0,88,6
vae,p,largest,29,92,2.0,92,9
vae,p,largest,30,96,2.0,96,1
vae,p,largest,31,98,2.0,98,6
vae,p,largest,32,100,2.0,100,6
vae,p,largest,33,102,2.0,102,5
vae,p,largest,34,106,2.0,106,2
vae,p,largest,35,109,2.0,109,4
vae,p,largest,36,110,2.0,110,8
vae,p,largest,37,112,2.0,112,3
vae,p,largest,38,119,2.0,119,2
vae,p,largest,39,123,2.0,123,6
vae,q,smallest,0,2324,5.859936684475031e-33,,
vae,q,smallest,1,7466,7.451501595406286e-32,,
vae,q,smallest,2,7289,8.111827906267425e-32,,
vae,q,smallest,3,776,1.1112620481091754e-31,,
vae,q,smallest,4,380,1.3239120324582394e-31,,
vae,q,smallest,5,8270,1.9106776700864465e-31,,
vae,q,smallest,6,5206,2.0625964440968875e-31,,
vae,q,smallest,7,9955,2.984005340000236e-31,,
vae,q,smallest,8,6496,5.059222831843032e-31,,
vae,q,smallest,9,2187,5.279737578695708e-31,,
vae,q,smallest,10,2067,7.304788968326201e-31,,
vae,q,smallest,11,5824,1.0127390705498081e-30,,
vae,q,smallest,12,7425,1.4162336190401826e-30,,
vae,q,smallest,13,8044,1.611588084807858e-30,,
vae,q,smallest,14,3369,1.6450170752751863e-30,,
vae,q,smallest,15,7410,2.966562179328384e-30,,
vae,q,smallest,16,6374,4.491827601384737e-30,,
vae,q,smallest,17,580,7.031036082324784e-30,,
vae,q,smallest,18,637,8.143833137977038e-30,,
vae,q,smallest,19,6911,1.2891762778349436e-29,,
vae,q,smallest,20,2896,1.682095778218767e-29,,
vae,q,smallest,21,9735,1.9460173937071947e-29,,
vae,q,smallest,22,7062,2.0165717307339444e-29,,
vae,q,smallest,23,3721,2.3346640379534627e-29,,
vae,q,smallest,24,5030,3.034493414817206e-29,,
vae,q,smallest,25,8479,3.0409594236789323e-29,,
vae,q,smallest,26,8649,3.8249997864344536e-29,,
vae,q,smallest,27,1208,3.93199271800901e-29,,
vae,q,smallest,28,1280,4.061762780441483e-29,,
vae,q,smallest,29,9145,4.236312218713729e-29,,
vae,q,smallest,30,3342,4.717770630686233e-29,,
vae,q,smallest,31,1689,5.808891796204239e-29,,
vae,q,smallest,32,9137,6.016284358559363e-29,,
vae,q,smallest,33,166,6.609310086650897e-29,,
vae,q,smallest,34,1267,7.268827342366185e-29,,
vae,q,smallest,35,6463,7.690191323395838e-29,,
vae,q,smallest,36,3445,8.044507664530296e-29,,
vae,q,smallest,37,1153,8.123204773176604e-29,,
vae,q,smallest,38,8932,8.358585310595429e-29,,
vae,q,smallest,39,8824,8.889932530364854e-29,,
vae,q,closest_to_one,0,696,0.8510436415672302,,
vae,q,closest_to_one,1,6642,0.802676796913147,,
vae,q,closest_to_one,2,3199,1.227669358253479,,
vae,q,closest_to_one,3,920,0.6786407232284546,,
vae,q,closest_to_one,4,238,1.3805030584335327,,
vae,q,closest_to_one,5,6743,0.46632298827171326,,
vae,q,closest_to_one,6,3352,0.3917347192764282,,
vae,q,closest_to_one,7,3229,0.35918453335762024,,
vae,q,closest_to_one,8,7989,0.3243221938610077,,
vae,q,closest_to_one,9,1851,1.6831775903701782,,
vae,q,closest_to_one,10,6832,0.28167304396629333,,
vae,q,closest_to_one,11,6070,0.26777881383895874,,
vae,q,closest_to_one,12,1109,0.17615777254104614,,
vae,q,closest_to_one,13,285,0.15474432706832886,,
vae,q,closest_to_one,14,1639,0.14849147200584412,,
vae,q,closest_to_one,15,9409,0.13266050815582275,,
vae,q,closest_to_one,16,6707,0.13121776282787323,,
vae,q,closest_to_one,17,1635,0.1254720836877823,,
vae,q,closest_to_one,18,9698,0.11943230777978897,,
vae,q,closest_to_one,19,5857,1.9059650897979736,,
vae,q,closest_to_one,20,1640,0.09035877138376236,,
vae,q,closest_to_one,21,2313,0.08218065649271011,,
vae,q,closest_to_one,22,2422,0.064344622194767,,
vae,q,closest_to_one,23,8576,0.06275759637355804,,
vae,q,closest_to_one,24,1467,0.05776755511760712,,
vae,q,closest_to_one,25,2391,0.05725420266389847,,
vae,q,closest_to_one,26,7272,0.052086975425481796,,
vae,q,closest_to_one,27,9304,1.9532651901245117,,
vae,q,closest_to_one,28,989,0.0466029979288578,,
vae,q,closest_to_one,29,7144,1.9618126153945923,,
vae,q,closest_to_one,30,3797,0.03709622845053673,,
vae,q,closest_to_one,31,6820,0.03687113896012306,,
vae,q,closest_to_one,32,5399,0.03371917083859444,,
vae,q,closest_to_one,33,9073,0.03221553936600685,,
vae,q,closest_to_one,34,8595,0.027802810072898865,,
vae,q,closest_to_one,35,724,0.026498643681406975,,
vae,q,closest_to_one,36,4483,0.02540002018213272,,
vae,q,closest_to_one,37,611,0.019458146765828133,,
vae,q,closest_to_one,38,8235,0.015637444332242012,,
vae,q,closest_to_one,39,7424,0.01551506482064724,,
vae,q,largest,0,3587,1.9994003772735596,,
vae,q,largest,1,424,1.9984931945800781,,
vae,q,largest,2,7144,1.9618126153945923,,
vae,q,largest,3,9304,1.9532651901245117,,
vae,q,largest,4,5857,1.9059650897979736,,
vae,q,largest,5,1851,1.6831775903701782,,
vae,q,largest,6,238,1.3805030584335327,,
vae,q,largest,7,3199,1.227669358253479,,
vae,q,largest,8,696,0.8510436415672302,,
vae,q,largest,9,6642,0.802676796913147,,
vae,q,largest,10,920,0.6786407232284546,,
vae,q,largest,11,6743,0.46632298827171326,,
vae,q,largest,12,3352,0.3917347192764282,,
vae,q,largest,13,3229,0.35918453335762024,,
vae,q,largest,14,7989,0.3243221938610077,,
vae,q,largest,15,6832,0.28167304396629333,,
vae,q,largest,16,6070,0.26777881383895874,,
vae,q,largest,17,1109,0.17615777254104614,,
vae,q,largest,18,285,0.15474432706832886,,
vae,q,largest,19,1639,0.14849147200584412,,
vae,q,largest,20,9409,0.13266050815582275,,
vae,q,largest,21,6707,0.13121776282787323,,
vae,q,largest,22,1635,0.1254720836877823,,
vae,q,largest,23,9698,0.11943230777978897,,
vae,q,largest,24,1640,0.09035877138376236,,
vae,q,largest,25,2313,0.08218065649271011,,
vae,q,largest,26,2422,0.064344622194767,,
vae,q,largest,27,8576,0.06275759637355804,,
vae,q,largest,28,1467,0.05776755511760712,,
vae,q,largest,29,2391,0.05725420266389847,,
vae,q,largest,30,7272,0.052086975425481796,,
vae,q,largest,31,989,0.0466029979288578,,
vae,q,largest,32,3797,0.03709622845053673,,
vae,q,largest,33,6820,0.03687113896012306,,
vae,q,largest,34,5399,0.03371917083859444,,
vae,q,largest,35,9073,0.03221553936600685,,
vae,q,largest,36,8595,0.027802810072898865,,
vae,q,largest,37,724,0.026498643681406975,,
vae,q,largest,38,4483,0.02540002018213272,,
vae,q,largest,39,611,0.019458146765828133,,
dcgan,p,smallest,0,3222,0.00014978497347328812,3222,6
dcgan,p,smallest,1,6111,0.0024993617553263903,6111,2
dcgan,p,smallest,2,2042,0.0031635756604373455,2042,0
dcgan,p,smallest,3,7085,0.00422273762524128,7085,4
dcgan,p,smallest,4,8563,0.0061303614638745785,8563,5
dcgan,p,smallest,5,9693,0.008728728629648685,9693,6
dcgan,p,smallest,6,9106,0.009657124988734722,9106,3
dcgan,p,smallest,7,8263,0.010086099617183208,8263,3
dcgan,p,smallest,8,7565,0.013641641475260258,7565,7
dcgan,p,smallest,9,6783,0.014770729467272758,6783,1
dcgan,p,smallest,10,2547,0.0157636646181345,2547,7
dcgan,p,smallest,11,2005,0.015955500304698944,2005,4
dcgan,p,smallest,12,1772,0.016482731327414513,1772,7
dcgan,p,smallest,13,2575,0.016787096858024597,2575,3
dcgan,p,smallest,14,3016,0.016910968348383904,3016,0
dcgan,p,smallest,15,803,0.01696113310754299,803,4
dcgan,p,smallest,16,1218,0.017708731815218925,1218,0
dcgan,p,smallest,17,4449,0.01897750422358513,4449,6
dcgan,p,smallest,18,4696,0.020665518939495087,4696,5
dcgan,p,smallest,19,2995,0.02285200171172619,2995,6
dcgan,p,smallest,20,7860,0.02393784373998642,7860,6
dcgan,p,smallest,21,1758,0.024468878284096718,1758,8
dcgan,p,smallest,22,2013,0.025530654937028885,2013,1
dcgan,p,smallest,23,9797,0.025587361305952072,9797,3
dcgan,p,smallest,24,6522,0.025755461305379868,6522,5
dcgan,p,smallest,25,4559,0.026336152106523514,4559,2
dcgan,p,smallest,26,8499,0.02700270153582096,8499,6
dcgan,p,smallest,27,1055,0.027016306295990944,1055,7
dcgan,p,smallest,28,5720,0.027115201577544212,5720,4
dcgan,p,smallest,29,9534,0.02785559557378292,9534,7
dcgan,p,smallest,30,6796,0.02885502390563488,6796,2
dcgan,p,smallest,31,5829,0.029741588979959488,5829,2
dcgan,p,smallest,32,8234,0.02993093989789486,8234,7
dcgan,p,smallest,33,4053,0.032430440187454224,4053,7
dcgan,p,smallest,34,7101,0.03286990150809288,7101,4
dcgan,p,smallest,35,5067,0.0340140238404274,5067,3
dcgan,p,smallest,36,1340,0.03528788685798645,1340,5
dcgan,p,smallest,37,7094,0.03629382327198982,7094,8
dcgan,p,smallest,38,3870,0.040720134973526,3870,0
dcgan,p,smallest,39,8191,0.041124336421489716,8191,6
dcgan,p,closest_to_one,0,2129,0.9992623925209045,2129,9
dcgan,p,closest_to_one,1,4637,0.9989105463027954,4637,5
dcgan,p,closest_to_one,2,7190,0.9987236857414246,7190,0
dcgan,p,closest_to_one,3,7511,1.0018084049224854,7511,5
dcgan,p,closest_to_one,4,3808,1.0018606185913086,3808,7
dcgan,p,closest_to_one,5,2433,1.0019381046295166,2433,2
dcgan,p,closest_to_one,6,2216,0.9978943467140198,2216,9
dcgan,p,closest_to_one,7,9910,0.9975851774215698,9910,8
dcgan,p,closest_to_one,8,7056,1.0024257898330688,7056,4
dcgan,p,closest_to_one,9,5916,0.9974578022956848,5916,6
dcgan,p,closest_to_one,10,8509,0.9967156648635864,8509,1
dcgan,p,closest_to_one,11,5821,0.9966822266578674,5821,5
dcgan,p,closest_to_one,12,7182,1.0040032863616943,7182,9
dcgan,p,closest_to_one,13,288,1.0045651197433472,288,1
dcgan,p,closest_to_one,14,6696,0.9952143430709839,6696,4
dcgan,p,closest_to_one,15,6826,1.0050334930419922,6826,8
dcgan,p,closest_to_one,16,1783,0.9947010278701782,1783,7
dcgan,p,closest_to_one,17,8112,1.0053973197937012,8112,2
dcgan,p,closest_to_one,18,2705,1.0057475566864014,2705,1
dcgan,p,closest_to_one,19,6800,0.9930028319358826,6800,2
dcgan,p,closest_to_one,20,5667,1.0075496435165405,5667,2
dcgan,p,closest_to_one,21,4387,1.0078351497650146,4387,2
dcgan,p,closest_to_one,22,7049,1.0080100297927856,7049,0
dcgan,p,closest_to_one,23,7876,0.991843044757843,7876,2
dcgan,p,closest_to_one,24,7664,1.0084470510482788,7664,4
dcgan,p,closest_to_one,25,3942,1.008543848991394,3942,0
dcgan,p,closest_to_one,26,8115,1.0085586309432983,8115,3
dcgan,p,closest_to_one,27,6650,0.9912593960762024,6650,9
dcgan,p,closest_to_one,28,5284,1.0092558860778809,5284,4
dcgan,p,closest_to_one,29,2195,1.0092800855636597,2195,7
dcgan,p,closest_to_one,30,1435,0.9906308054924011,1435,9
dcgan,p,closest_to_one,31,8146,0.9900457262992859,8146,9
dcgan,p,closest_to_one,32,8434,1.0100791454315186,8434,4
dcgan,p,closest_to_one,33,9323,1.0108834505081177,9323,7
dcgan,p,closest_to_one,34,2539,0.9889441728591919,2539,7
dcgan,p,closest_to_one,35,1639,0.9885793924331665,1639,5
dcgan,p,closest_to_one,36,5893,0.9881172776222229,5893,1
dcgan,p,closest_to_one,37,2975,0.9876707792282104,2975,8
dcgan,p,closest_to_one,38,2312,1.012798547744751,2312,3
dcgan,p,closest_to_one,39,6048,0.9872002601623535,6048,7
dcgan,p,largest,0,5139,1.999999761581421,5139,0
dcgan,p,largest,1,3445,1.9999992847442627,3445,0
dcgan,p,largest,2,6580,1.9999988079071045,6580,0
dcgan,p,largest,3,4999,1.9999985694885254,4999,0
dcgan,p,largest,4,8572,1.9999985694885254,8572,6
dcgan,p,largest,5,4429,1.9999969005584717,4429,8
dcgan,p,largest,6,2031,1.9999966621398926,2031,3
dcgan,p,largest,7,9220,1.9999966621398926,9220,0
dcgan,p,largest,8,981,1.9999957084655762,981,0
dcgan,p,largest,9,1479,1.9999957084655762,1479,3
dcgan,p,largest,10,4067,1.999995470046997,4067,5
dcgan,p,largest,11,9250,1.9999947547912598,9250,9
dcgan,p,largest,12,2329,1.9999940395355225,2329,0
dcgan,p,largest,13,8455,1.9999933242797852,8455,7
dcgan,p,largest,14,2918,1.9999926090240479,2918,2
dcgan,p,largest,15,5865,1.9999926090240479,5865,0
dcgan,p,largest,16,3317,1.999990701675415,3317,0
dcgan,p,largest,17,5653,1.999990701675415,5653,0
dcgan,p,largest,18,4218,1.999990463256836,4218,8
dcgan,p,largest,19,6382,1.999990463256836,6382,3
dcgan,p,largest,20,8133,1.9999902248382568,8133,6
dcgan,p,largest,21,9957,1.9999899864196777,9957,7
dcgan,p,largest,22,8991,1.9999890327453613,8991,0
dcgan,p,largest,23,4611,1.9999887943267822,4611,0
dcgan,p,largest,24,6309,1.9999887943267822,6309,0
dcgan,p,largest,25,1379,1.999988317489624,1379,0
dcgan,p,largest,26,6795,1.999988317489624,6795,0
dcgan,p,largest,27,6299,1.9999866485595703,6299,3
dcgan,p,largest,28,7566,1.9999866485595703,7566,0
dcgan,p,largest,29,4351,1.999985933303833,4351,0
dcgan,p,largest,30,5516,1.9999821186065674,5516,3
dcgan,p,largest,31,1348,1.99998140335083,1348,2
dcgan,p,largest,32,9508,1.9999804496765137,9508,0
dcgan,p,largest,33,4064,1.9999802112579346,4064,7
dcgan,p,largest,34,2486,1.9999785423278809,2486,6
dcgan,p,largest,35,8824,1.9999773502349854,8824,6
dcgan,p,largest,36,3178,1.9999759197235107,3178,0
dcgan,p,largest,37,4865,1.9999749660491943,4865,7
dcgan,p,largest,38,8374,1.9999749660491943,8374,9
dcgan,p,largest,39,8140,1.9999744892120361,8140,3
dcgan,q,smallest,0,1276,7.241450248329784e-07,,
dcgan,q,smallest,1,9692,1.2728218052870943e-06,,
dcgan,q,smallest,2,3090,1.2963906783625134e-06,,
dcgan,q,smallest,3,3552,1.3255917110654991e-06,,
dcgan,q,smallest,4,8959,3.066586714339792e-06,,
dcgan,q,smallest,5,6345,4.24143854615977e-06,,
dcgan,q,smallest,6,2768,4.31590933658299e-06,,
dcgan,q,smallest,7,5850,4.806815468327841e-06,,
dcgan,q,smallest,8,2804,6.219498118298361e-06,,
dcgan,q,smallest,9,882,6.453274181694724e-06,,
dcgan,q,smallest,10,1121,7.529781214543618e-06,,
dcgan,q,smallest,11,2875,7.583757906104438e-06,,
dcgan,q,smallest,12,7780,8.153053386195097e-06,,
dcgan,q,smallest,13,7956,1.1811057447630446e-05,,
dcgan,q,smallest,14,483,1.3362794561544433e-05,,
dcgan,q,smallest,15,4800,1.4487566659227014e-05,,
dcgan,q,smallest,16,5698,1.518146109447116e-05,,
dcgan,q,smallest,17,703,1.536237687105313e-05,,
dcgan,q,smallest,18,7934,1.784642881830223e-05,,
dcgan,q,smallest,19,6970,1.8235610696137883e-05,,
dcgan,q,smallest,20,3082,1.934117972268723e-05,,
dcgan,q,smallest,21,5558,2.057633719232399e-05,,
dcgan,q,smallest,22,8035,2.2962265575188212e-05,,
dcgan,q,smallest,23,340,2.5321098291897215e-05,,
dcgan,q,smallest,24,7483,2.6898911528405733e-05,,
dcgan,q,smallest,25,6979,3.244018807890825e-05,,
dcgan,q,smallest,26,4522,3.28642017848324e-05,,
dcgan,q,smallest,27,809,3.3075113606173545e-05,,
dcgan,q,smallest,28,187,3.3597338187973946e-05,,
dcgan,q,smallest,29,7393,3.5221772122895345e-05,,
dcgan,q,smallest,30,4788,3.546959123923443e-05,,
dcgan,q,smallest,31,3952,3.6491397622739896e-05,,
dcgan,q,smallest,32,9954,3.85121711587999e-05,,
dcgan,q,smallest,33,1062,3.8544028939213604e-05,,
dcgan,q,smallest,34,8858,3.873368405038491e-05,,
dcgan,q,smallest,35,6558,3.8916408811928704e-05,,
dcgan,q,smallest,36,3068,4.375178468762897e-05,,
dcgan,q,smallest,37,931,4.437769530341029e-05,,
dcgan,q,smallest,38,4236,4.768485450767912e-05,,
dcgan,q,smallest,39,6492,4.773676846525632e-05,,
dcgan,q,closest_to_one,0,3978,0.9995703101158142,,
dcgan,q,closest_to_one,1,9274,0.9991564750671387,,
dcgan,q,closest_to_one,2,5227,0.9981538653373718,,
dcgan,q,closest_to_one,3,4805,1.0020928382873535,,
dcgan,q,closest_to_one,4,1522,0.9978916049003601,,
dcgan,q,closest_to_one,5,6489,0.997865617275238,,
dcgan,q,closest_to_one,6,9107,1.0022954940795898,,
dcgan,q,closest_to_one,7,8983,0.9976884126663208,,
dcgan,q,closest_to_one,8,6141,1.0024381875991821,,
dcgan,q,closest_to_one,9,9043,1.0028107166290283,,
dcgan,q,closest_to_one,10,2061,1.0028128623962402,,
dcgan,q,closest_to_one,11,6608,0.9971160888671875,,
dcgan,q,closest_to_one,12,694,0.9960505366325378,,
dcgan,q,closest_to_one,13,4824,1.0041861534118652,,
dcgan,q,closest_to_one,14,7567,1.004270315170288,,
dcgan,q,closest_to_one,15,4747,0.995502769947052,,
dcgan,q,closest_to_one,16,7783,0.9948187470436096,,
dcgan,q,closest_to_one,17,6298,0.9945929646492004,,
dcgan,q,closest_to_one,18,4084,0.9945191740989685,,
dcgan,q,closest_to_one,19,2264,1.006638526916504,,
dcgan,q,closest_to_one,20,5095,0.9933250546455383,,
dcgan,q,closest_to_one,21,3943,1.0068838596343994,,
dcgan,q,closest_to_one,22,8030,1.0070061683654785,,
dcgan,q,closest_to_one,23,7392,1.0077167749404907,,
dcgan,q,closest_to_one,24,9720,0.9918935298919678,,
dcgan,q,closest_to_one,25,4966,0.9917231202125549,,
dcgan,q,closest_to_one,26,496,0.9914076924324036,,
dcgan,q,closest_to_one,27,2619,0.9914069175720215,,
dcgan,q,closest_to_one,28,5,0.9910509586334229,,
dcgan,q,closest_to_one,29,9657,0.990022599697113,,
dcgan,q,closest_to_one,30,8811,1.010082721710205,,
dcgan,q,closest_to_one,31,7531,0.9898540377616882,,
dcgan,q,closest_to_one,32,3004,1.0104557275772095,,
dcgan,q,closest_to_one,33,5145,1.0108191967010498,,
dcgan,q,closest_to_one,34,7499,0.9890163540840149,,
dcgan,q,closest_to_one,35,5477,0.9890151619911194,,
dcgan,q,closest_to_one,36,1123,0.988370418548584,,
dcgan,q,closest_to_one,37,2175,1.0117672681808472,,
dcgan,q,closest_to_one,38,8982,1.012043833732605,,
dcgan,q,closest_to_one,39,3174,0.9878355860710144,,
dcgan,q,largest,0,7823,1.9953900575637817,,
dcgan,q,largest,1,7180,1.9949618577957153,,
dcgan,q,largest,2,7648,1.9939837455749512,,
dcgan,q,largest,3,5281,1.9931764602661133,,
dcgan,q,largest,4,1026,1.9929027557373047,,
dcgan,q,largest,5,349,1.9922784566879272,,
dcgan,q,largest,6,7524,1.992031455039978,,
dcgan,q,largest,7,9684,1.991681694984436,,
dcgan,q,largest,8,8542,1.9892059564590454,,
dcgan,q,largest,9,9806,1.9888575077056885,,
dcgan,q,largest,10,523,1.9872140884399414,,
dcgan,q,largest,11,6364,1.9871606826782227,,
dcgan,q,largest,12,3532,1.986546277999878,,
dcgan,q,largest,13,7889,1.9858087301254272,,
dcgan,q,largest,14,4019,1.9847538471221924,,
dcgan,q,largest,15,7381,1.9839553833007812,,
dcgan,q,largest,16,234,1.982197880744934,,
dcgan,q,largest,17,9348,1.9798526763916016,,
dcgan,q,largest,18,3658,1.9781653881072998,,
dcgan,q,largest,19,3857,1.9778491258621216,,
dcgan,q,largest,20,7068,1.9773284196853638,,
dcgan,q,largest,21,3571,1.9756863117218018,,
dcgan,q,largest,22,4342,1.9751996994018555,,
dcgan,q,largest,23,8898,1.9745615720748901,,
dcgan,q,largest,24,7340,1.9732698202133179,,
dcgan,q,largest,25,382,1.9726285934448242,,
dcgan,q,largest,26,4237,1.9711726903915405,,
dcgan,q,largest,27,719,1.9699223041534424,,
dcgan,q,largest,28,601,1.9688212871551514,,
dcgan,q,largest,29,1998,1.966994047164917,,
dcgan,q,largest,30,8195,1.9662351608276367,,
dcgan,q,largest,31,6371,1.964105486869812,,
dcgan,q,largest,32,3071,1.9625163078308105,,
dcgan,q,largest,33,2693,1.9623695611953735,,
dcgan,q,largest,34,2672,1.9616678953170776,,
dcgan,q,largest,35,7258,1.9608118534088135,,
dcgan,q,largest,36,1809,1.9606819152832031,,
dcgan,q,largest,37,5329,1.958206057548523,,
dcgan,q,largest,38,4460,1.957983374595642,,
dcgan,q,largest,39,8840,1.9568346738815308,,
