representation,source,repeat,display_repeat,n_a,n_b,central95_lower,central95_upper,rdr_rmse_one
feature,lower,0,1,20000,20000,0.9699328541755676,1.0201703310012817,0.012921168166381529
feature,lower,1,2,20000,20000,0.964624285697937,1.0169711112976074,0.012851569790375212
feature,lower,2,3,20000,20000,0.9720841646194458,1.0328245162963867,0.01600605824070297
feature,lower,3,4,20000,20000,0.983364462852478,1.0105677843093872,0.007517482754119773
feature,lower,4,5,20000,20000,0.9902663826942444,1.0304604768753052,0.010419712573442538
feature,upper,0,1,20000,20000,0.9880775213241577,1.0192028284072876,0.009565779473799395
feature,upper,1,2,20000,20000,0.9641355872154236,1.0384100675582886,0.019504028584616574
feature,upper,2,3,20000,20000,0.9655047059059143,1.0204083919525146,0.013450738924203502
feature,upper,3,4,20000,20000,0.9759485721588135,1.0216147899627686,0.011868932432934999
feature,upper,4,5,20000,20000,0.959357738494873,1.0362247228622437,0.020033469538531114
pixel,lower,0,1,20000,20000,0.9229744076728821,1.086281657218933,0.04181971699028146
pixel,lower,1,2,20000,20000,0.9517024755477905,1.0285327434539795,0.024090162115981282
pixel,lower,2,3,20000,20000,0.9620808362960815,1.056052565574646,0.025555468856520106
pixel,lower,3,4,20000,20000,0.9504263997077942,1.0477677583694458,0.024216892257116568
pixel,lower,4,5,20000,20000,0.9126631021499634,1.073908805847168,0.04114779094262468
pixel,upper,0,1,20000,20000,0.8811044692993164,1.131415605545044,0.06297090853595869
pixel,upper,1,2,20000,20000,0.8991838097572327,1.1064667701721191,0.05232710036113719
pixel,upper,2,3,20000,20000,0.8907083868980408,1.120863437652588,0.05910136142598663
pixel,upper,3,4,20000,20000,0.9274665117263794,1.0811387300491333,0.03939116312541577
pixel,upper,4,5,20000,20000,0.8908029794692993,1.1220688819885254,0.060156863415618815
pixel,real,0,1,19911,19918,0.8995093107223511,1.1299920082092285,0.06050489256333065
pixel,real,1,2,19911,19918,0.8569104075431824,1.1489537954330444,0.0740967634168577
pixel,real,2,3,19911,19918,0.8730637431144714,1.137571930885315,0.06742039933545675
pixel,real,3,4,19911,19918,0.865227222442627,1.1396043300628662,0.0688628917884928
pixel,real,4,5,19911,19918,0.8762171864509583,1.125379204750061,0.06321365533150138
