case,repeat,train_n,candidate,partition,evaluation_mass_with_estimable_gap,mass_weighted_absolute_gap,mass_weighted_c2_width
D2_noise0.00,0,1000,hellinger__bottleneck8_residual64__a2,fixed,1.0,0.044309945683437636,0.29132539249220607
D2_noise0.00,1,1000,hellinger__bottleneck8_residual64__a2,fixed,1.0,0.12816052969564318,0.28419278758829924
D2_noise0.00,2,1000,hellinger__bottleneck8_residual64__a2,fixed,1.0,0.061864893680003766,0.28953374367449847
D2_noise0.00,3,1000,hellinger__bottleneck8_residual64__a2,fixed,1.0000000000000002,0.05602884564341268,0.2875345976826622
D2_noise0.00,4,1000,hellinger__bottleneck8_residual64__a2,fixed,1.0000000000000002,0.05857527646055043,0.2872310260034208
D2_noise0.00,5,1000,hellinger__bottleneck8_residual64__a2,fixed,1.0,0.06195445160206484,0.2696696894542246
D2_noise0.00,6,1000,hellinger__bottleneck8_residual64__a2,fixed,1.0000000000000002,0.09458264471808955,0.2983259019895387
D2_noise0.00,7,1000,hellinger__bottleneck8_residual64__a2,fixed,1.0,0.05818226610017107,0.28561906782840113
D2_noise0.00,8,1000,hellinger__bottleneck8_residual64__a2,fixed,1.0,0.05543666018969362,0.280386128971257
D2_noise0.00,9,1000,hellinger__bottleneck8_residual64__a2,fixed,1.0,0.08604020652061765,0.2974194972592386
D20_noise0.10,0,1000,hellinger__bottleneck8_residual64__a2,fixed,0.9999999999999998,0.07407845247985678,0.30188210611744726
D20_noise0.10,1,1000,hellinger__bottleneck8_residual64__a2,fixed,0.9999999999999999,0.06240802178841046,0.29971922134740775
D20_noise0.10,2,1000,hellinger__bottleneck8_residual64__a2,fixed,0.9999999999999999,0.11945892527534892,0.2836617063166944
D20_noise0.10,3,1000,hellinger__bottleneck8_residual64__a2,fixed,1.0,0.06926199271960927,0.2842611663544358
D20_noise0.10,4,1000,hellinger__bottleneck8_residual64__a2,fixed,1.0000000000000002,0.07882635768435779,0.2912386511390044
D20_noise0.10,5,1000,hellinger__bottleneck8_residual64__a2,fixed,0.9999999999999999,0.11155476319654963,0.29800661996749017
D20_noise0.10,6,1000,hellinger__bottleneck8_residual64__a2,fixed,1.0,0.08757400671617106,0.28355786586682474
D20_noise0.10,7,1000,hellinger__bottleneck8_residual64__a2,fixed,0.9999999999999999,0.0695112869367259,0.29516131757561764
D20_noise0.10,8,1000,hellinger__bottleneck8_residual64__a2,fixed,0.9999999999999999,0.1003769891479496,0.30600887329911336
D20_noise0.10,9,1000,hellinger__bottleneck8_residual64__a2,fixed,1.0,0.05789868779305608,0.2823442316358761
D40_noise0.10,0,1000,hellinger__bottleneck8_residual64__a2,fixed,1.0000000000000002,0.07438738542815483,0.2995645295589478
D40_noise0.10,1,1000,hellinger__bottleneck8_residual64__a2,fixed,0.9999999999999999,0.05374333113711654,0.2751044094291217
D40_noise0.10,2,1000,hellinger__bottleneck8_residual64__a2,fixed,0.9999999999999998,0.06158470287734032,0.29822849611557595
D40_noise0.10,3,1000,hellinger__bottleneck8_residual64__a2,fixed,1.0000000000000002,0.0584517979642607,0.2993278797495997
D40_noise0.10,4,1000,hellinger__bottleneck8_residual64__a2,fixed,1.0,0.06050423642426703,0.28075661086005893
D40_noise0.10,5,1000,hellinger__bottleneck8_residual64__a2,fixed,0.9999999999999999,0.07411743506823495,0.3057264714199637
D40_noise0.10,6,1000,hellinger__bottleneck8_residual64__a2,fixed,0.9999999999999998,0.06417974055781889,0.2940742800091262
D40_noise0.10,7,1000,hellinger__bottleneck8_residual64__a2,fixed,1.0,0.06771475174840019,0.2855451474153661
D40_noise0.10,8,1000,hellinger__bottleneck8_residual64__a2,fixed,0.9999999999999998,0.0696447215335029,0.3003553668047894
D40_noise0.10,9,1000,hellinger__bottleneck8_residual64__a2,fixed,0.9999999999999999,0.06901258392348243,0.2924798879380522
D40_noise0.30,0,1000,hellinger__bottleneck8_residual64__a2,fixed,1.0,0.06645942034048427,0.30906685382852445
D40_noise0.30,1,1000,hellinger__bottleneck8_residual64__a2,fixed,0.9999999999999999,0.07174561903312283,0.3059593447076749
D40_noise0.30,2,1000,hellinger__bottleneck8_residual64__a2,fixed,1.0,0.12107460043877193,0.2980666564847864
D40_noise0.30,3,1000,hellinger__bottleneck8_residual64__a2,fixed,1.0,0.07535355640731174,0.2920557907863075
D40_noise0.30,4,1000,hellinger__bottleneck8_residual64__a2,fixed,1.0,0.06895713930255395,0.3061024944793711
D40_noise0.30,5,1000,hellinger__bottleneck8_residual64__a2,fixed,1.0,0.08510467692621194,0.3083939709890562
D40_noise0.30,6,1000,hellinger__bottleneck8_residual64__a2,fixed,1.0,0.09761919263675993,0.3124961622176301
D40_noise0.30,7,1000,hellinger__bottleneck8_residual64__a2,fixed,1.0000000000000002,0.07880135891323155,0.3004970738855116
D40_noise0.30,8,1000,hellinger__bottleneck8_residual64__a2,fixed,0.9999999999999999,0.0816725044437371,0.2926493476115172
D40_noise0.30,9,1000,hellinger__bottleneck8_residual64__a2,fixed,0.9999999999999999,0.12623215108077068,0.3222456527665709
D100_noise0.30,0,1000,hellinger__bottleneck8_residual64__a2,fixed,1.0,0.0849082871745107,0.30048118560140963
D100_noise0.30,1,1000,hellinger__bottleneck8_residual64__a2,fixed,0.9999999999999998,0.10879456488902627,0.26767823264073337
D100_noise0.30,2,1000,hellinger__bottleneck8_residual64__a2,fixed,1.0,0.1463875071605491,0.31239001116752857
D100_noise0.30,3,1000,hellinger__bottleneck8_residual64__a2,fixed,0.9999999999999999,0.12509642792696674,0.3082352601084568
D100_noise0.30,4,1000,hellinger__bottleneck8_residual64__a2,fixed,1.0,0.06448564043268812,0.2949028656106147
D100_noise0.30,5,1000,hellinger__bottleneck8_residual64__a2,fixed,1.0,0.06516394621728852,0.29324883154553194
D100_noise0.30,6,1000,hellinger__bottleneck8_residual64__a2,fixed,1.0,0.14321907502442935,0.3197102456856703
D100_noise0.30,7,1000,hellinger__bottleneck8_residual64__a2,fixed,0.9999999999999998,0.14704633599180106,0.31454172027529836
D100_noise0.30,8,1000,hellinger__bottleneck8_residual64__a2,fixed,1.0,0.16923854262507568,0.3182689631041494
D100_noise0.30,9,1000,hellinger__bottleneck8_residual64__a2,fixed,1.0,0.16727378240581936,0.32536765345822316
D2_noise0.00,0,1000,kl__bottleneck8_residual64__a2,fixed,1.0,0.03931560637606804,0.2806695976503697
D2_noise0.00,0,1000,chisq__bottleneck8_residual64__a2,fixed,1.0,0.04283199498906056,0.28397914643978345
D2_noise0.00,0,1000,js__bottleneck8_residual64__a2,fixed,0.9999999999999999,0.04462913076935003,0.283555837607078
D2_noise0.00,1,1000,kl__bottleneck8_residual64__a2,fixed,1.0,0.06929261866803012,0.2956133648024015
D2_noise0.00,1,1000,chisq__bottleneck8_residual64__a2,fixed,1.0,0.08176228589941169,0.29666010200390824
D2_noise0.00,1,1000,js__bottleneck8_residual64__a2,fixed,1.0000000000000002,0.13846779695709188,0.22425457984960087
D2_noise0.00,2,1000,kl__bottleneck8_residual64__a2,fixed,1.0,0.029999513632286656,0.28199354109236324
D2_noise0.00,2,1000,chisq__bottleneck8_residual64__a2,fixed,1.0,0.03645113716252661,0.28940044508037815
D2_noise0.00,2,1000,js__bottleneck8_residual64__a2,fixed,1.0,0.03415234123654024,0.2859744278606709
D2_noise0.00,3,1000,kl__bottleneck8_residual64__a2,fixed,1.0,0.04658748790985832,0.29012969377808695
D2_noise0.00,3,1000,chisq__bottleneck8_residual64__a2,fixed,1.0,0.052874032432274294,0.29289367898999524
D2_noise0.00,3,1000,js__bottleneck8_residual64__a2,fixed,1.0,0.04966458854487527,0.2907153237705219
D2_noise0.00,4,1000,kl__bottleneck8_residual64__a2,fixed,1.0,0.061416796203215995,0.2940358753233119
D2_noise0.00,4,1000,chisq__bottleneck8_residual64__a2,fixed,1.0,0.057277722339250006,0.2909171673421162
D2_noise0.00,4,1000,js__bottleneck8_residual64__a2,fixed,1.0,0.06249332529273749,0.29617515340877765
D2_noise0.00,5,1000,kl__bottleneck8_residual64__a2,fixed,1.0000000000000002,0.03201176403766829,0.2776346648957351
D2_noise0.00,5,1000,chisq__bottleneck8_residual64__a2,fixed,1.0,0.03646829471394271,0.27978503951258077
D2_noise0.00,5,1000,js__bottleneck8_residual64__a2,fixed,1.0,0.03156742430364477,0.27463692844777793
D2_noise0.00,6,1000,kl__bottleneck8_residual64__a2,fixed,1.0,0.050488066018538426,0.29061709127475727
D2_noise0.00,6,1000,chisq__bottleneck8_residual64__a2,fixed,1.0,0.04082633901765137,0.2878662285980521
D2_noise0.00,6,1000,js__bottleneck8_residual64__a2,fixed,0.9999999999999999,0.046861221738728503,0.29040057102416805
D2_noise0.00,7,1000,kl__bottleneck8_residual64__a2,fixed,1.0,0.059901006718605605,0.27677760830868164
D2_noise0.00,7,1000,chisq__bottleneck8_residual64__a2,fixed,1.0,0.04636158871017533,0.274948682795877
D2_noise0.00,7,1000,js__bottleneck8_residual64__a2,fixed,1.0,0.05408140198259019,0.27366561390039906
D2_noise0.00,8,1000,kl__bottleneck8_residual64__a2,fixed,1.0,0.032482531585821164,0.2824150428412515
D2_noise0.00,8,1000,chisq__bottleneck8_residual64__a2,fixed,1.0000000000000002,0.06163755947652916,0.2710782448570307
D2_noise0.00,8,1000,js__bottleneck8_residual64__a2,fixed,1.0,0.04161167185150817,0.28689682062380645
D2_noise0.00,9,1000,kl__bottleneck8_residual64__a2,fixed,1.0000000000000002,0.06644139586868807,0.29762236407761544
D2_noise0.00,9,1000,chisq__bottleneck8_residual64__a2,fixed,1.0,0.04843240227772247,0.2939210219275722
D2_noise0.00,9,1000,js__bottleneck8_residual64__a2,fixed,1.0,0.047520508980007745,0.2954503204578155
D20_noise0.10,0,1000,kl__bottleneck8_residual64__a2,fixed,0.9999999999999999,0.06385067724900347,0.30093084242975915
D20_noise0.10,0,1000,chisq__bottleneck8_residual64__a2,fixed,0.9999999999999999,0.055375588860786557,0.29972976644852944
D20_noise0.10,0,1000,js__bottleneck8_residual64__a2,fixed,0.9999999999999999,0.05987102448603153,0.301882928106441
D20_noise0.10,1,1000,kl__bottleneck8_residual64__a2,fixed,1.0,0.06878523372369526,0.29902654513757404
D20_noise0.10,1,1000,chisq__bottleneck8_residual64__a2,fixed,1.0,0.061768882710781035,0.2969999495162961
D20_noise0.10,1,1000,js__bottleneck8_residual64__a2,fixed,0.9999999999999999,0.06556618669583997,0.2987407265069721
D20_noise0.10,2,1000,kl__bottleneck8_residual64__a2,fixed,1.0,0.050525103001239115,0.291263463345014
D20_noise0.10,2,1000,chisq__bottleneck8_residual64__a2,fixed,1.0,0.049710425485194616,0.29709707324009177
D20_noise0.10,2,1000,js__bottleneck8_residual64__a2,fixed,1.0,0.05058277701891219,0.2971656639903265
D20_noise0.10,3,1000,kl__bottleneck8_residual64__a2,fixed,1.0,0.04474556649148923,0.28544066067987783
D20_noise0.10,3,1000,chisq__bottleneck8_residual64__a2,fixed,1.0000000000000002,0.054753075162340153,0.2923830378298395
D20_noise0.10,3,1000,js__bottleneck8_residual64__a2,fixed,1.0,0.054403092683347753,0.2904130407823692
D20_noise0.10,4,1000,kl__bottleneck8_residual64__a2,fixed,1.0,0.06119890589263055,0.2918136853497614
D20_noise0.10,4,1000,chisq__bottleneck8_residual64__a2,fixed,1.0,0.0687864471555425,0.29826870165690006
D20_noise0.10,4,1000,js__bottleneck8_residual64__a2,fixed,0.9999999999999998,0.06401857209935961,0.29969473574319316
D20_noise0.10,5,1000,kl__bottleneck8_residual64__a2,fixed,1.0000000000000002,0.08898557903841658,0.30619056384263527
D20_noise0.10,5,1000,chisq__bottleneck8_residual64__a2,fixed,0.9999999999999998,0.08854360538338085,0.3044406075433062
D20_noise0.10,5,1000,js__bottleneck8_residual64__a2,fixed,0.9999999999999999,0.08188722291000536,0.30405394925953677
D20_noise0.10,6,1000,kl__bottleneck8_residual64__a2,fixed,0.9999999999999999,0.04766007482163694,0.2878578607352559
D20_noise0.10,6,1000,chisq__bottleneck8_residual64__a2,fixed,0.9999999999999999,0.04217693272384007,0.28922087054985085
D20_noise0.10,6,1000,js__bottleneck8_residual64__a2,fixed,1.0000000000000002,0.04097428673039332,0.2893796322742259
D20_noise0.10,7,1000,kl__bottleneck8_residual64__a2,fixed,1.0000000000000002,0.06379739192631749,0.29239841451460863
D20_noise0.10,7,1000,chisq__bottleneck8_residual64__a2,fixed,1.0,0.050642221546047264,0.2872392806772579
D20_noise0.10,7,1000,js__bottleneck8_residual64__a2,fixed,1.0,0.04470200359909461,0.2872667453442412
D20_noise0.10,8,1000,kl__bottleneck8_residual64__a2,fixed,1.0,0.08990539752040821,0.3073448402538655
D20_noise0.10,8,1000,chisq__bottleneck8_residual64__a2,fixed,1.0000000000000002,0.07641810031955751,0.3085275995419217
D20_noise0.10,8,1000,js__bottleneck8_residual64__a2,fixed,1.0,0.08292023083441805,0.3079375455891766
D20_noise0.10,9,1000,kl__bottleneck8_residual64__a2,fixed,0.9999999999999999,0.050475676254039765,0.28812144801826445
D20_noise0.10,9,1000,chisq__bottleneck8_residual64__a2,fixed,1.0,0.054148556668733805,0.2884280055161478
D20_noise0.10,9,1000,js__bottleneck8_residual64__a2,fixed,1.0,0.04676698790254704,0.2913428779586586
D40_noise0.10,0,1000,kl__bottleneck8_residual64__a2,fixed,1.0,0.06792045031316232,0.3029771129016673
D40_noise0.10,0,1000,chisq__bottleneck8_residual64__a2,fixed,1.0,0.06657837506974457,0.3002678321006473
D40_noise0.10,0,1000,js__bottleneck8_residual64__a2,fixed,1.0,0.06044274776319435,0.3026838155669289
D40_noise0.10,1,1000,kl__bottleneck8_residual64__a2,fixed,0.9999999999999999,0.061280992516529166,0.2967521180077327
D40_noise0.10,1,1000,chisq__bottleneck8_residual64__a2,fixed,1.0,0.07299241180374805,0.3015733979385871
D40_noise0.10,1,1000,js__bottleneck8_residual64__a2,fixed,1.0,0.06790505483583802,0.2976563890864868
D40_noise0.10,2,1000,kl__bottleneck8_residual64__a2,fixed,0.9999999999999999,0.058842923194356266,0.3036254534309533
D40_noise0.10,2,1000,chisq__bottleneck8_residual64__a2,fixed,0.9999999999999999,0.0637046722695648,0.3016406185541566
D40_noise0.10,2,1000,js__bottleneck8_residual64__a2,fixed,1.0,0.054747267034065,0.2982236026691548
D40_noise0.10,3,1000,kl__bottleneck8_residual64__a2,fixed,1.0,0.04535715703779045,0.2976155118865322
D40_noise0.10,3,1000,chisq__bottleneck8_residual64__a2,fixed,1.0000000000000002,0.036764416880850755,0.29434562259742
D40_noise0.10,3,1000,js__bottleneck8_residual64__a2,fixed,1.0,0.037218118928423964,0.2950191949249746
D40_noise0.10,4,1000,kl__bottleneck8_residual64__a2,fixed,1.0,0.07827550762207995,0.3042740846848811
D40_noise0.10,4,1000,chisq__bottleneck8_residual64__a2,fixed,1.0,0.05301527234229229,0.30005142208641
D40_noise0.10,4,1000,js__bottleneck8_residual64__a2,fixed,1.0,0.05624908434702949,0.29973483560528985
D40_noise0.10,5,1000,kl__bottleneck8_residual64__a2,fixed,0.9999999999999999,0.05007625252906064,0.3015012411730363
D40_noise0.10,5,1000,chisq__bottleneck8_residual64__a2,fixed,1.0,0.052051894639329764,0.2981163202182355
D40_noise0.10,5,1000,js__bottleneck8_residual64__a2,fixed,1.0,0.05575491489700849,0.3009699217617911
D40_noise0.10,6,1000,kl__bottleneck8_residual64__a2,fixed,1.0,0.06566179038787752,0.29894390777971674
D40_noise0.10,6,1000,chisq__bottleneck8_residual64__a2,fixed,1.0,0.05270807498579305,0.29378409565087305
D40_noise0.10,6,1000,js__bottleneck8_residual64__a2,fixed,1.0,0.05191196500801858,0.29460957746369154
D40_noise0.10,7,1000,kl__bottleneck8_residual64__a2,fixed,1.0,0.05244698414225221,0.2895943503749497
D40_noise0.10,7,1000,chisq__bottleneck8_residual64__a2,fixed,1.0,0.04705265368664494,0.29412984372124895
D40_noise0.10,7,1000,js__bottleneck8_residual64__a2,fixed,1.0000000000000002,0.04469227704209614,0.28556236093392595
D40_noise0.10,8,1000,kl__bottleneck8_residual64__a2,fixed,1.0,0.06198540021131188,0.2998973558588575
D40_noise0.10,8,1000,chisq__bottleneck8_residual64__a2,fixed,1.0,0.04638501747200023,0.29545615187053476
D40_noise0.10,8,1000,js__bottleneck8_residual64__a2,fixed,1.0,0.04429983330671565,0.2993676121180425
D40_noise0.10,9,1000,kl__bottleneck8_residual64__a2,fixed,1.0,0.04574434754073244,0.2872249311101373
D40_noise0.10,9,1000,chisq__bottleneck8_residual64__a2,fixed,0.9999999999999999,0.03734260513836776,0.28887666124610667
D40_noise0.10,9,1000,js__bottleneck8_residual64__a2,fixed,1.0,0.04232849352508149,0.28777592278338976
D40_noise0.30,0,1000,kl__bottleneck8_residual64__a2,fixed,1.0,0.10775272596422934,0.32560707748428835
D40_noise0.30,0,1000,chisq__bottleneck8_residual64__a2,fixed,1.0,0.08432831743418057,0.32573292203877996
D40_noise0.30,0,1000,js__bottleneck8_residual64__a2,fixed,1.0,0.09875533085817992,0.32472110784623487
D40_noise0.30,1,1000,kl__bottleneck8_residual64__a2,fixed,1.0,0.09267214748047725,0.3099083836140276
D40_noise0.30,1,1000,chisq__bottleneck8_residual64__a2,fixed,0.9999999999999999,0.07659936950349837,0.3114185682537338
D40_noise0.30,1,1000,js__bottleneck8_residual64__a2,fixed,1.0,0.09077927586103639,0.3148799461382341
D40_noise0.30,2,1000,kl__bottleneck8_residual64__a2,fixed,1.0,0.07030708091241047,0.3125197770980271
D40_noise0.30,2,1000,chisq__bottleneck8_residual64__a2,fixed,0.9999999999999998,0.06070322066231495,0.3097382168336501
D40_noise0.30,2,1000,js__bottleneck8_residual64__a2,fixed,1.0000000000000002,0.06633335376324921,0.30852982000590057
D40_noise0.30,3,1000,kl__bottleneck8_residual64__a2,fixed,0.9999999999999998,0.09474945512800247,0.30929477471172195
D40_noise0.30,3,1000,chisq__bottleneck8_residual64__a2,fixed,1.0,0.07974872891765984,0.30860018233090114
D40_noise0.30,3,1000,js__bottleneck8_residual64__a2,fixed,0.9999999999999999,0.08435758551913902,0.30278455555574596
D40_noise0.30,4,1000,kl__bottleneck8_residual64__a2,fixed,1.0,0.11163775878864202,0.32681430878460926
D40_noise0.30,4,1000,chisq__bottleneck8_residual64__a2,fixed,0.9999999999999999,0.11926001657137683,0.3301240510934283
D40_noise0.30,4,1000,js__bottleneck8_residual64__a2,fixed,0.9999999999999999,0.09298710578301382,0.3214638617015736
D40_noise0.30,5,1000,kl__bottleneck8_residual64__a2,fixed,0.9999999999999999,0.11524180244819128,0.3182268471761981
D40_noise0.30,5,1000,chisq__bottleneck8_residual64__a2,fixed,1.0000000000000002,0.10611255293302808,0.31902604402624657
D40_noise0.30,5,1000,js__bottleneck8_residual64__a2,fixed,1.0,0.1099894044091295,0.31886618621513113
D40_noise0.30,6,1000,kl__bottleneck8_residual64__a2,fixed,1.0,0.0913383799296435,0.3128133078660459
D40_noise0.30,6,1000,chisq__bottleneck8_residual64__a2,fixed,0.9999999999999999,0.06795164578339051,0.31231849906311066
D40_noise0.30,6,1000,js__bottleneck8_residual64__a2,fixed,1.0000000000000002,0.07349733068609586,0.3091166165504151
D40_noise0.30,7,1000,kl__bottleneck8_residual64__a2,fixed,1.0,0.09280378002587623,0.31762818106737756
D40_noise0.30,7,1000,chisq__bottleneck8_residual64__a2,fixed,1.0000000000000002,0.10423745814265112,0.3239930683297701
D40_noise0.30,7,1000,js__bottleneck8_residual64__a2,fixed,1.0000000000000002,0.08238129783450704,0.31939859384492986
D40_noise0.30,8,1000,kl__bottleneck8_residual64__a2,fixed,0.9999999999999999,0.07086120286612636,0.30502037181107705
D40_noise0.30,8,1000,chisq__bottleneck8_residual64__a2,fixed,0.9999999999999999,0.08186490306844395,0.30783933412229114
D40_noise0.30,8,1000,js__bottleneck8_residual64__a2,fixed,1.0,0.09227608561010016,0.3131341728532508
D40_noise0.30,9,1000,kl__bottleneck8_residual64__a2,fixed,1.0,0.11802375142854113,0.3235510639944301
D40_noise0.30,9,1000,chisq__bottleneck8_residual64__a2,fixed,1.0,0.08637578967259331,0.31664374652067423
D40_noise0.30,9,1000,js__bottleneck8_residual64__a2,fixed,1.0000000000000002,0.07442678099070821,0.30949063494678797
D100_noise0.30,0,1000,kl__bottleneck8_residual64__a2,fixed,1.0,0.07849087209238861,0.3110160655061564
D100_noise0.30,0,1000,chisq__bottleneck8_residual64__a2,fixed,1.0,0.07362921244017945,0.31789963362450974
D100_noise0.30,0,1000,js__bottleneck8_residual64__a2,fixed,0.9999999999999999,0.06857520477904516,0.31585871468352694
D100_noise0.30,1,1000,kl__bottleneck8_residual64__a2,fixed,0.9999999999999999,0.09909815475761787,0.26352456194813895
D100_noise0.30,1,1000,chisq__bottleneck8_residual64__a2,fixed,0.9999999999999999,0.04854905256024355,0.2820864421833989
D100_noise0.30,1,1000,js__bottleneck8_residual64__a2,fixed,1.0,0.04435952752946638,0.27851384341111407
D100_noise0.30,2,1000,kl__bottleneck8_residual64__a2,fixed,0.9999999999999998,0.09772027906649092,0.3051575641520539
D100_noise0.30,2,1000,chisq__bottleneck8_residual64__a2,fixed,1.0,0.07931668499002183,0.3103551154066885
D100_noise0.30,2,1000,js__bottleneck8_residual64__a2,fixed,0.9999999999999999,0.0837576530257027,0.308673295165513
D100_noise0.30,3,1000,kl__bottleneck8_residual64__a2,fixed,1.0,0.11704112102933062,0.3206847372093518
D100_noise0.30,3,1000,chisq__bottleneck8_residual64__a2,fixed,0.9999999999999998,0.09317115027207974,0.3143960172340369
D100_noise0.30,3,1000,js__bottleneck8_residual64__a2,fixed,1.0,0.10430576574545092,0.3203704561017262
D100_noise0.30,4,1000,kl__bottleneck8_residual64__a2,fixed,0.9999999999999998,0.08030851392493078,0.30350080926683215
D100_noise0.30,4,1000,chisq__bottleneck8_residual64__a2,fixed,1.0000000000000002,0.05645068888174767,0.28679800699669056
D100_noise0.30,4,1000,js__bottleneck8_residual64__a2,fixed,1.0,0.05103082859678773,0.2836373127932705
D100_noise0.30,5,1000,kl__bottleneck8_residual64__a2,fixed,1.0,0.08305248096358049,0.3163982378473604
D100_noise0.30,5,1000,chisq__bottleneck8_residual64__a2,fixed,1.0,0.10678483896271748,0.32559830433187925
D100_noise0.30,5,1000,js__bottleneck8_residual64__a2,fixed,0.9999999999999999,0.0686644238545434,0.31275681542318623
D100_noise0.30,6,1000,kl__bottleneck8_residual64__a2,fixed,1.0000000000000002,0.11806906011217606,0.3167763646541743
D100_noise0.30,6,1000,chisq__bottleneck8_residual64__a2,fixed,1.0000000000000002,0.08376144770532426,0.3072716379200418
D100_noise0.30,6,1000,js__bottleneck8_residual64__a2,fixed,0.9999999999999999,0.08557955676730017,0.30815669298556686
D100_noise0.30,7,1000,kl__bottleneck8_residual64__a2,fixed,1.0,0.07601997545818637,0.3004968788103862
D100_noise0.30,7,1000,chisq__bottleneck8_residual64__a2,fixed,1.0,0.10277632963871396,0.3172727214258544
D100_noise0.30,7,1000,js__bottleneck8_residual64__a2,fixed,1.0000000000000002,0.08174505346500492,0.31223469150744787
D100_noise0.30,8,1000,kl__bottleneck8_residual64__a2,fixed,0.9999999999999999,0.1436970737961342,0.3150003427704791
D100_noise0.30,8,1000,chisq__bottleneck8_residual64__a2,fixed,1.0000000000000002,0.12151053331548535,0.32255325807259877
D100_noise0.30,8,1000,js__bottleneck8_residual64__a2,fixed,0.9999999999999999,0.1018617457566543,0.3099682777880234
D100_noise0.30,9,1000,kl__bottleneck8_residual64__a2,fixed,1.0,0.14481077421730199,0.31860471624897846
D100_noise0.30,9,1000,chisq__bottleneck8_residual64__a2,fixed,0.9999999999999999,0.11167336330367762,0.29776929692014925
D100_noise0.30,9,1000,js__bottleneck8_residual64__a2,fixed,1.0,0.1191018420148518,0.31976959955636963
