architecture,candidate,case,evaluation_brier,evaluation_mse,loss,output_alpha,repeat,train_n,validation_brier,origin,local_gap,c2_width,estimable_mass
bottleneck8_residual64,hellinger__bottleneck8_residual64__a2,D2_noise0.00,0.17226041288718902,0.017039525991236017,hellinger,2,0,1000,0.1664167616409309,reused_Hellinger,0.044309945683437636,0.29132539249220607,1.0
bottleneck8_residual64,hellinger__bottleneck8_residual64__a2,D2_noise0.00,0.19982410017832902,0.1334630078094455,hellinger,2,1,1000,0.19525194698887824,reused_Hellinger,0.12816052969564318,0.28419278758829924,1.0
bottleneck8_residual64,hellinger__bottleneck8_residual64__a2,D2_noise0.00,0.1792039651312013,0.04719200507066511,hellinger,2,2,1000,0.1796815281817181,reused_Hellinger,0.061864893680003766,0.28953374367449847,1.0
bottleneck8_residual64,hellinger__bottleneck8_residual64__a2,D2_noise0.00,0.16949225073830346,0.01822418661628704,hellinger,2,3,1000,0.18225330908072968,reused_Hellinger,0.05602884564341268,0.2875345976826622,1.0000000000000002
bottleneck8_residual64,hellinger__bottleneck8_residual64__a2,D2_noise0.00,0.175102565742433,0.03173561594850404,hellinger,2,4,1000,0.17344123076198367,reused_Hellinger,0.05857527646055043,0.2872310260034208,1.0000000000000002
bottleneck8_residual64,hellinger__bottleneck8_residual64__a2,D2_noise0.00,0.1734800575288677,0.02796857667072309,hellinger,2,5,1000,0.1714043237050002,reused_Hellinger,0.06195445160206484,0.2696696894542246,1.0
bottleneck8_residual64,hellinger__bottleneck8_residual64__a2,D2_noise0.00,0.19590255769240023,0.11743094522650933,hellinger,2,6,1000,0.19925868607318836,reused_Hellinger,0.09458264471808955,0.2983259019895387,1.0000000000000002
bottleneck8_residual64,hellinger__bottleneck8_residual64__a2,D2_noise0.00,0.17173105250781928,0.019721853180815048,hellinger,2,7,1000,0.18909725339267303,reused_Hellinger,0.05818226610017107,0.28561906782840113,1.0
bottleneck8_residual64,hellinger__bottleneck8_residual64__a2,D2_noise0.00,0.18040083299779697,0.0493733859823709,hellinger,2,8,1000,0.17240550258612064,reused_Hellinger,0.05543666018969362,0.280386128971257,1.0
bottleneck8_residual64,hellinger__bottleneck8_residual64__a2,D2_noise0.00,0.17573543512344542,0.028702774465227017,hellinger,2,9,1000,0.17549615752403472,reused_Hellinger,0.08604020652061765,0.2974194972592386,1.0
bottleneck8_residual64,hellinger__bottleneck8_residual64__a2,D20_noise0.10,0.17851680535019282,0.03176943666047825,hellinger,2,0,1000,0.17410312368466452,reused_Hellinger,0.07407845247985678,0.30188210611744726,0.9999999999999998
bottleneck8_residual64,hellinger__bottleneck8_residual64__a2,D20_noise0.10,0.17827566044759263,0.039425597759988294,hellinger,2,1,1000,0.1727339237951698,reused_Hellinger,0.06240802178841046,0.29971922134740775,0.9999999999999999
bottleneck8_residual64,hellinger__bottleneck8_residual64__a2,D20_noise0.10,0.19932250836628523,0.13134442688209869,hellinger,2,2,1000,0.19417925303389894,reused_Hellinger,0.11945892527534892,0.2836617063166944,0.9999999999999999
bottleneck8_residual64,hellinger__bottleneck8_residual64__a2,D20_noise0.10,0.19542863530114188,0.11153606947577221,hellinger,2,3,1000,0.1951245542369704,reused_Hellinger,0.06926199271960927,0.2842611663544358,1.0
bottleneck8_residual64,hellinger__bottleneck8_residual64__a2,D20_noise0.10,0.1783353211765063,0.0355763122226905,hellinger,2,4,1000,0.1804739971602865,reused_Hellinger,0.07882635768435779,0.2912386511390044,1.0000000000000002
bottleneck8_residual64,hellinger__bottleneck8_residual64__a2,D20_noise0.10,0.19968650818672368,0.1158268663456716,hellinger,2,5,1000,0.19951924822187458,reused_Hellinger,0.11155476319654963,0.29800661996749017,0.9999999999999999
bottleneck8_residual64,hellinger__bottleneck8_residual64__a2,D20_noise0.10,0.18462816463469958,0.06591940483577007,hellinger,2,6,1000,0.17972216220950593,reused_Hellinger,0.08757400671617106,0.28355786586682474,1.0
bottleneck8_residual64,hellinger__bottleneck8_residual64__a2,D20_noise0.10,0.17860234234365718,0.03919622732326096,hellinger,2,7,1000,0.16925835200481634,reused_Hellinger,0.0695112869367259,0.29516131757561764,0.9999999999999999
bottleneck8_residual64,hellinger__bottleneck8_residual64__a2,D20_noise0.10,0.18205910974393125,0.046968494674192035,hellinger,2,8,1000,0.18243234926002455,reused_Hellinger,0.1003769891479496,0.30600887329911336,0.9999999999999999
bottleneck8_residual64,hellinger__bottleneck8_residual64__a2,D20_noise0.10,0.17454089621053498,0.02830507643105625,hellinger,2,9,1000,0.1763991694142714,reused_Hellinger,0.05789868779305608,0.2823442316358761,1.0
bottleneck8_residual64,hellinger__bottleneck8_residual64__a2,D40_noise0.10,0.18097715872830406,0.04159720775727327,hellinger,2,0,1000,0.18224519229468092,reused_Hellinger,0.07438738542815483,0.2995645295589478,1.0000000000000002
bottleneck8_residual64,hellinger__bottleneck8_residual64__a2,D40_noise0.10,0.18035639502009804,0.04415802982613253,hellinger,2,1,1000,0.16853199330649482,reused_Hellinger,0.05374333113711654,0.2751044094291217,0.9999999999999999
bottleneck8_residual64,hellinger__bottleneck8_residual64__a2,D40_noise0.10,0.17498874490594807,0.034050864639655225,hellinger,2,2,1000,0.1753439934080413,reused_Hellinger,0.06158470287734032,0.29822849611557595,0.9999999999999998
bottleneck8_residual64,hellinger__bottleneck8_residual64__a2,D40_noise0.10,0.1793873370463402,0.03574234491374068,hellinger,2,3,1000,0.1846139634255996,reused_Hellinger,0.0584517979642607,0.2993278797495997,1.0000000000000002
bottleneck8_residual64,hellinger__bottleneck8_residual64__a2,D40_noise0.10,0.19551373513525536,0.10324384919422024,hellinger,2,4,1000,0.19524539277504607,reused_Hellinger,0.06050423642426703,0.28075661086005893,1.0
bottleneck8_residual64,hellinger__bottleneck8_residual64__a2,D40_noise0.10,0.18130056382386475,0.050360442399568356,hellinger,2,5,1000,0.18091331520164275,reused_Hellinger,0.07411743506823495,0.3057264714199637,0.9999999999999999
bottleneck8_residual64,hellinger__bottleneck8_residual64__a2,D40_noise0.10,0.1748491777450406,0.029059662017900976,hellinger,2,6,1000,0.17726305850932178,reused_Hellinger,0.06417974055781889,0.2940742800091262,0.9999999999999998
bottleneck8_residual64,hellinger__bottleneck8_residual64__a2,D40_noise0.10,0.18242575041393322,0.06248560686039102,hellinger,2,7,1000,0.18787379613901375,reused_Hellinger,0.06771475174840019,0.2855451474153661,1.0
bottleneck8_residual64,hellinger__bottleneck8_residual64__a2,D40_noise0.10,0.17609604042591484,0.03059438257711957,hellinger,2,8,1000,0.1807294824256097,reused_Hellinger,0.0696447215335029,0.3003553668047894,0.9999999999999998
bottleneck8_residual64,hellinger__bottleneck8_residual64__a2,D40_noise0.10,0.17578186664527973,0.027790818105606067,hellinger,2,9,1000,0.17403929428490533,reused_Hellinger,0.06901258392348243,0.2924798879380522,0.9999999999999999
bottleneck8_residual64,hellinger__bottleneck8_residual64__a2,D40_noise0.30,0.20254621855641794,0.10677498733782928,hellinger,2,0,1000,0.20210598402142554,reused_Hellinger,0.06645942034048427,0.30906685382852445,1.0
bottleneck8_residual64,hellinger__bottleneck8_residual64__a2,D40_noise0.30,0.19452574104658032,0.07611882453107084,hellinger,2,1,1000,0.20141740857383345,reused_Hellinger,0.07174561903312283,0.3059593447076749,0.9999999999999999
bottleneck8_residual64,hellinger__bottleneck8_residual64__a2,D40_noise0.30,0.20353884669410022,0.1181858345372771,hellinger,2,2,1000,0.2121320268711931,reused_Hellinger,0.12107460043877193,0.2980666564847864,1.0
bottleneck8_residual64,hellinger__bottleneck8_residual64__a2,D40_noise0.30,0.20261319592930493,0.11563202120615845,hellinger,2,3,1000,0.2014036310269155,reused_Hellinger,0.07535355640731174,0.2920557907863075,1.0
bottleneck8_residual64,hellinger__bottleneck8_residual64__a2,D40_noise0.30,0.197714165487481,0.09166599107615422,hellinger,2,4,1000,0.19451189590527912,reused_Hellinger,0.06895713930255395,0.3061024944793711,1.0
bottleneck8_residual64,hellinger__bottleneck8_residual64__a2,D40_noise0.30,0.19955515770581228,0.09178069211184967,hellinger,2,5,1000,0.20363581162432368,reused_Hellinger,0.08510467692621194,0.3083939709890562,1.0
bottleneck8_residual64,hellinger__bottleneck8_residual64__a2,D40_noise0.30,0.1925273766832513,0.07044252930711246,hellinger,2,6,1000,0.19535358279891937,reused_Hellinger,0.09761919263675993,0.3124961622176301,1.0
bottleneck8_residual64,hellinger__bottleneck8_residual64__a2,D40_noise0.30,0.19464700366451843,0.0781108624539594,hellinger,2,7,1000,0.2054548769993648,reused_Hellinger,0.07880135891323155,0.3004970738855116,1.0000000000000002
bottleneck8_residual64,hellinger__bottleneck8_residual64__a2,D40_noise0.30,0.20397219973204095,0.12213883189047652,hellinger,2,8,1000,0.20580043415357732,reused_Hellinger,0.0816725044437371,0.2926493476115172,0.9999999999999999
bottleneck8_residual64,hellinger__bottleneck8_residual64__a2,D40_noise0.30,0.1973276857977509,0.09472107483062474,hellinger,2,9,1000,0.18830906343263512,reused_Hellinger,0.12623215108077068,0.3222456527665709,0.9999999999999999
bottleneck8_residual64,hellinger__bottleneck8_residual64__a2,D100_noise0.30,0.20085578812596627,0.11049923419725317,hellinger,2,0,1000,0.19730005253067,reused_Hellinger,0.0849082871745107,0.30048118560140963,1.0
bottleneck8_residual64,hellinger__bottleneck8_residual64__a2,D100_noise0.30,0.20863472369742342,0.13264257046696903,hellinger,2,1,1000,0.2187659188025829,reused_Hellinger,0.10879456488902627,0.26767823264073337,0.9999999999999998
bottleneck8_residual64,hellinger__bottleneck8_residual64__a2,D100_noise0.30,0.2138184264835661,0.14964746958218594,hellinger,2,2,1000,0.2157623142139895,reused_Hellinger,0.1463875071605491,0.31239001116752857,1.0
bottleneck8_residual64,hellinger__bottleneck8_residual64__a2,D100_noise0.30,0.20918899717037137,0.14025968525655325,hellinger,2,3,1000,0.2078644830530986,reused_Hellinger,0.12509642792696674,0.3082352601084568,0.9999999999999999
bottleneck8_residual64,hellinger__bottleneck8_residual64__a2,D100_noise0.30,0.20299494461862996,0.1155195297647556,hellinger,2,4,1000,0.1983275938701864,reused_Hellinger,0.06448564043268812,0.2949028656106147,1.0
bottleneck8_residual64,hellinger__bottleneck8_residual64__a2,D100_noise0.30,0.2042734379137519,0.11863923671255061,hellinger,2,5,1000,0.20339184742291072,reused_Hellinger,0.06516394621728852,0.29324883154553194,1.0
bottleneck8_residual64,hellinger__bottleneck8_residual64__a2,D100_noise0.30,0.21182456368614377,0.1446087407618428,hellinger,2,6,1000,0.21445368455364072,reused_Hellinger,0.14321907502442935,0.3197102456856703,1.0
bottleneck8_residual64,hellinger__bottleneck8_residual64__a2,D100_noise0.30,0.21253114859580663,0.14900635359410552,hellinger,2,7,1000,0.20519889407414602,reused_Hellinger,0.14704633599180106,0.31454172027529836,0.9999999999999998
bottleneck8_residual64,hellinger__bottleneck8_residual64__a2,D100_noise0.30,0.21612794489564804,0.1575673486236378,hellinger,2,8,1000,0.21358305438451036,reused_Hellinger,0.16923854262507568,0.3182689631041494,1.0
bottleneck8_residual64,hellinger__bottleneck8_residual64__a2,D100_noise0.30,0.21204981149600996,0.15161661996179082,hellinger,2,9,1000,0.20742256952254856,reused_Hellinger,0.16727378240581936,0.32536765345822316,1.0
bottleneck8_residual64,kl__bottleneck8_residual64__a2,D2_noise0.00,0.17028732071403346,0.011029780077747808,kl,2,0,1000,0.16639374836278947,new_followup,0.03931560637606804,0.2806695976503697,1.0
bottleneck8_residual64,chisq__bottleneck8_residual64__a2,D2_noise0.00,0.17120208366850054,0.013645706993618549,chisq,2,0,1000,0.16689145861540813,new_followup,0.04283199498906056,0.28397914643978345,1.0
bottleneck8_residual64,js__bottleneck8_residual64__a2,D2_noise0.00,0.17057392843329292,0.012636262849098235,js,2,0,1000,0.16703568612367092,new_followup,0.04462913076935003,0.283555837607078,0.9999999999999999
bottleneck8_residual64,kl__bottleneck8_residual64__a2,D2_noise0.00,0.17359887756796052,0.024942066802403816,kl,2,1,1000,0.17146539293104746,new_followup,0.06929261866803012,0.2956133648024015,1.0
bottleneck8_residual64,chisq__bottleneck8_residual64__a2,D2_noise0.00,0.17492467564973374,0.028808331714500465,chisq,2,1,1000,0.17207654522455051,new_followup,0.08176228589941169,0.29666010200390824,1.0
bottleneck8_residual64,js__bottleneck8_residual64__a2,D2_noise0.00,0.21200468092773211,0.18121991911525512,js,2,1,1000,0.2068306033865166,new_followup,0.13846779695709188,0.22425457984960087,1.0000000000000002
bottleneck8_residual64,kl__bottleneck8_residual64__a2,D2_noise0.00,0.17517674198606858,0.03128983112751872,kl,2,2,1000,0.17309356297745176,new_followup,0.029999513632286656,0.28199354109236324,1.0
bottleneck8_residual64,chisq__bottleneck8_residual64__a2,D2_noise0.00,0.17473623478923928,0.029802826217905313,chisq,2,2,1000,0.17410346910435542,new_followup,0.03645113716252661,0.28940044508037815,1.0
bottleneck8_residual64,js__bottleneck8_residual64__a2,D2_noise0.00,0.17597186477730342,0.03482735516358909,js,2,2,1000,0.17473454967854013,new_followup,0.03415234123654024,0.2859744278606709,1.0
bottleneck8_residual64,kl__bottleneck8_residual64__a2,D2_noise0.00,0.16920058288829273,0.017855719994254136,kl,2,3,1000,0.18269419310459062,new_followup,0.04658748790985832,0.29012969377808695,1.0
bottleneck8_residual64,chisq__bottleneck8_residual64__a2,D2_noise0.00,0.16897248688594085,0.017047572197562776,chisq,2,3,1000,0.18258003079302215,new_followup,0.052874032432274294,0.29289367898999524,1.0
bottleneck8_residual64,js__bottleneck8_residual64__a2,D2_noise0.00,0.16885759567342065,0.01568609673921179,js,2,3,1000,0.1822999760235815,new_followup,0.04966458854487527,0.2907153237705219,1.0
bottleneck8_residual64,kl__bottleneck8_residual64__a2,D2_noise0.00,0.1709428111709744,0.016486130314390078,kl,2,4,1000,0.16859695627800014,new_followup,0.061416796203215995,0.2940358753233119,1.0
bottleneck8_residual64,chisq__bottleneck8_residual64__a2,D2_noise0.00,0.17059657158220065,0.015236270112531359,chisq,2,4,1000,0.16743539539220403,new_followup,0.057277722339250006,0.2909171673421162,1.0
bottleneck8_residual64,js__bottleneck8_residual64__a2,D2_noise0.00,0.17089296444448565,0.01627042342256484,js,2,4,1000,0.16839960141512908,new_followup,0.06249332529273749,0.29617515340877765,1.0
bottleneck8_residual64,kl__bottleneck8_residual64__a2,D2_noise0.00,0.16913108477730388,0.013237977662222981,kl,2,5,1000,0.16693134250253758,new_followup,0.03201176403766829,0.2776346648957351,1.0000000000000002
bottleneck8_residual64,chisq__bottleneck8_residual64__a2,D2_noise0.00,0.16915065115614214,0.013582510737153986,chisq,2,5,1000,0.16650828142590862,new_followup,0.03646829471394271,0.27978503951258077,1.0
bottleneck8_residual64,js__bottleneck8_residual64__a2,D2_noise0.00,0.16895623974449103,0.01169961002630188,js,2,5,1000,0.16659325532103803,new_followup,0.03156742430364477,0.27463692844777793,1.0
bottleneck8_residual64,kl__bottleneck8_residual64__a2,D2_noise0.00,0.1772044484468347,0.03913366357931636,kl,2,6,1000,0.18131267418133237,new_followup,0.050488066018538426,0.29061709127475727,1.0
bottleneck8_residual64,chisq__bottleneck8_residual64__a2,D2_noise0.00,0.17461996965447332,0.028732669011785526,chisq,2,6,1000,0.17982872300566777,new_followup,0.04082633901765137,0.2878662285980521,1.0
bottleneck8_residual64,js__bottleneck8_residual64__a2,D2_noise0.00,0.17492435529615794,0.028371325684153417,js,2,6,1000,0.17919139760841885,new_followup,0.046861221738728503,0.29040057102416805,0.9999999999999999
bottleneck8_residual64,kl__bottleneck8_residual64__a2,D2_noise0.00,0.17108746169646827,0.016727882896553,kl,2,7,1000,0.19048362996388268,new_followup,0.059901006718605605,0.27677760830868164,1.0
bottleneck8_residual64,chisq__bottleneck8_residual64__a2,D2_noise0.00,0.17229191029429242,0.02221331179561863,chisq,2,7,1000,0.19209960086514144,new_followup,0.04636158871017533,0.274948682795877,1.0
bottleneck8_residual64,js__bottleneck8_residual64__a2,D2_noise0.00,0.1710869693030247,0.017054049621509495,js,2,7,1000,0.1910049291532161,new_followup,0.05408140198259019,0.27366561390039906,1.0
bottleneck8_residual64,kl__bottleneck8_residual64__a2,D2_noise0.00,0.17424694720865133,0.021421752395897678,kl,2,8,1000,0.16592610050136994,new_followup,0.032482531585821164,0.2824150428412515,1.0
bottleneck8_residual64,chisq__bottleneck8_residual64__a2,D2_noise0.00,0.18153742433442133,0.05216183170188368,chisq,2,8,1000,0.1742241157806787,new_followup,0.06163755947652916,0.2710782448570307,1.0000000000000002
bottleneck8_residual64,js__bottleneck8_residual64__a2,D2_noise0.00,0.17432791497344458,0.0209115113774434,js,2,8,1000,0.1654177146627594,new_followup,0.04161167185150817,0.28689682062380645,1.0
bottleneck8_residual64,kl__bottleneck8_residual64__a2,D2_noise0.00,0.17404178572769646,0.021763801007773673,kl,2,9,1000,0.17287426464073968,new_followup,0.06644139586868807,0.29762236407761544,1.0000000000000002
bottleneck8_residual64,chisq__bottleneck8_residual64__a2,D2_noise0.00,0.1734759640022227,0.019181451529676343,chisq,2,9,1000,0.17185411908622555,new_followup,0.04843240227772247,0.2939210219275722,1.0
bottleneck8_residual64,js__bottleneck8_residual64__a2,D2_noise0.00,0.1740072979979695,0.021554171983241742,js,2,9,1000,0.17292074555589626,new_followup,0.047520508980007745,0.2954503204578155,1.0
bottleneck8_residual64,kl__bottleneck8_residual64__a2,D20_noise0.10,0.1780773699664327,0.02989017993333208,kl,2,0,1000,0.17271697537487152,new_followup,0.06385067724900347,0.30093084242975915,0.9999999999999999
bottleneck8_residual64,chisq__bottleneck8_residual64__a2,D20_noise0.10,0.17794081465769224,0.029612941691477723,chisq,2,0,1000,0.17412337851948656,new_followup,0.055375588860786557,0.29972976644852944,0.9999999999999999
bottleneck8_residual64,js__bottleneck8_residual64__a2,D20_noise0.10,0.17796756198493358,0.029102817555625698,js,2,0,1000,0.17333880178277478,new_followup,0.05987102448603153,0.301882928106441,0.9999999999999999
bottleneck8_residual64,kl__bottleneck8_residual64__a2,D20_noise0.10,0.17689258312501135,0.03377982363986584,kl,2,1,1000,0.1722914028565416,new_followup,0.06878523372369526,0.29902654513757404,1.0
bottleneck8_residual64,chisq__bottleneck8_residual64__a2,D20_noise0.10,0.17574603556312982,0.02980629114426338,chisq,2,1,1000,0.1713492077448914,new_followup,0.061768882710781035,0.2969999495162961,1.0
bottleneck8_residual64,js__bottleneck8_residual64__a2,D20_noise0.10,0.17554778342994637,0.028591778349290844,js,2,1,1000,0.17118972635207558,new_followup,0.06556618669583997,0.2987407265069721,0.9999999999999999
bottleneck8_residual64,kl__bottleneck8_residual64__a2,D20_noise0.10,0.17749057443195598,0.04462450163986552,kl,2,2,1000,0.17611728441290259,new_followup,0.050525103001239115,0.291263463345014,1.0
bottleneck8_residual64,chisq__bottleneck8_residual64__a2,D20_noise0.10,0.17868222987688853,0.04990539862754319,chisq,2,2,1000,0.17574821192433088,new_followup,0.049710425485194616,0.29709707324009177,1.0
bottleneck8_residual64,js__bottleneck8_residual64__a2,D20_noise0.10,0.17605415106279426,0.03919289631699764,js,2,2,1000,0.17338306179461516,new_followup,0.05058277701891219,0.2971656639903265,1.0
bottleneck8_residual64,kl__bottleneck8_residual64__a2,D20_noise0.10,0.17441268877645152,0.028657533622646315,kl,2,3,1000,0.17493091853620696,new_followup,0.04474556649148923,0.28544066067987783,1.0
bottleneck8_residual64,chisq__bottleneck8_residual64__a2,D20_noise0.10,0.1737897224629574,0.027469394668574957,chisq,2,3,1000,0.17592612041582267,new_followup,0.054753075162340153,0.2923830378298395,1.0000000000000002
bottleneck8_residual64,js__bottleneck8_residual64__a2,D20_noise0.10,0.1739801000208423,0.027547230835920124,js,2,3,1000,0.17445459823023546,new_followup,0.054403092683347753,0.2904130407823692,1.0
bottleneck8_residual64,kl__bottleneck8_residual64__a2,D20_noise0.10,0.17547514240050255,0.023289192955866095,kl,2,4,1000,0.17536335539337883,new_followup,0.06119890589263055,0.2918136853497614,1.0
bottleneck8_residual64,chisq__bottleneck8_residual64__a2,D20_noise0.10,0.1768670740102099,0.02729421099129825,chisq,2,4,1000,0.1756676941354604,new_followup,0.0687864471555425,0.29826870165690006,1.0
bottleneck8_residual64,js__bottleneck8_residual64__a2,D20_noise0.10,0.1763088764688714,0.024959349532545288,js,2,4,1000,0.17571913269767675,new_followup,0.06401857209935961,0.29969473574319316,0.9999999999999998
bottleneck8_residual64,kl__bottleneck8_residual64__a2,D20_noise0.10,0.1791859020200473,0.03607987956311355,kl,2,5,1000,0.18420537171254253,new_followup,0.08898557903841658,0.30619056384263527,1.0000000000000002
bottleneck8_residual64,chisq__bottleneck8_residual64__a2,D20_noise0.10,0.17990896654178312,0.038697931580580235,chisq,2,5,1000,0.1842989918489985,new_followup,0.08854360538338085,0.3044406075433062,0.9999999999999998
bottleneck8_residual64,js__bottleneck8_residual64__a2,D20_noise0.10,0.17970244020456938,0.03882620494605478,js,2,5,1000,0.18359457429099715,new_followup,0.08188722291000536,0.30405394925953677,0.9999999999999999
bottleneck8_residual64,kl__bottleneck8_residual64__a2,D20_noise0.10,0.17623688628976628,0.028542741918186725,kl,2,6,1000,0.1725083883589843,new_followup,0.04766007482163694,0.2878578607352559,0.9999999999999999
bottleneck8_residual64,chisq__bottleneck8_residual64__a2,D20_noise0.10,0.17604822083970986,0.02811488663959708,chisq,2,6,1000,0.1724350961944106,new_followup,0.04217693272384007,0.28922087054985085,0.9999999999999999
bottleneck8_residual64,js__bottleneck8_residual64__a2,D20_noise0.10,0.17621882792139484,0.02939793352450063,js,2,6,1000,0.1730052802030061,new_followup,0.04097428673039332,0.2893796322742259,1.0000000000000002
bottleneck8_residual64,kl__bottleneck8_residual64__a2,D20_noise0.10,0.17719404047910173,0.033316391489414385,kl,2,7,1000,0.16801515369474923,new_followup,0.06379739192631749,0.29239841451460863,1.0000000000000002
bottleneck8_residual64,chisq__bottleneck8_residual64__a2,D20_noise0.10,0.1771354743650812,0.0340489491216398,chisq,2,7,1000,0.16644836853531653,new_followup,0.050642221546047264,0.2872392806772579,1.0
bottleneck8_residual64,js__bottleneck8_residual64__a2,D20_noise0.10,0.1764280214336203,0.03031395320854713,js,2,7,1000,0.1662834421044005,new_followup,0.04470200359909461,0.2872667453442412,1.0
bottleneck8_residual64,kl__bottleneck8_residual64__a2,D20_noise0.10,0.18083617260898252,0.04168494499817259,kl,2,8,1000,0.18141520662287874,new_followup,0.08990539752040821,0.3073448402538655,1.0
bottleneck8_residual64,chisq__bottleneck8_residual64__a2,D20_noise0.10,0.18078996349750764,0.03969389852409907,chisq,2,8,1000,0.18024499064982336,new_followup,0.07641810031955751,0.3085275995419217,1.0000000000000002
bottleneck8_residual64,js__bottleneck8_residual64__a2,D20_noise0.10,0.18044391332757942,0.03887692801503815,js,2,8,1000,0.1796145205273172,new_followup,0.08292023083441805,0.3079375455891766,1.0
bottleneck8_residual64,kl__bottleneck8_residual64__a2,D20_noise0.10,0.17423063706926567,0.02633335827802328,kl,2,9,1000,0.17471852646899316,new_followup,0.050475676254039765,0.28812144801826445,0.9999999999999999
bottleneck8_residual64,chisq__bottleneck8_residual64__a2,D20_noise0.10,0.17578202154881759,0.031082000166871675,chisq,2,9,1000,0.17423802892746604,new_followup,0.054148556668733805,0.2884280055161478,1.0
bottleneck8_residual64,js__bottleneck8_residual64__a2,D20_noise0.10,0.17543256684864578,0.030180111062457084,js,2,9,1000,0.17479225940015924,new_followup,0.04676698790254704,0.2913428779586586,1.0
bottleneck8_residual64,kl__bottleneck8_residual64__a2,D40_noise0.10,0.18006221770895214,0.03723447445422065,kl,2,0,1000,0.18115689881817904,new_followup,0.06792045031316232,0.3029771129016673,1.0
bottleneck8_residual64,chisq__bottleneck8_residual64__a2,D40_noise0.10,0.18088656238911474,0.04027052507428278,chisq,2,0,1000,0.18182337594604073,new_followup,0.06657837506974457,0.3002678321006473,1.0
bottleneck8_residual64,js__bottleneck8_residual64__a2,D40_noise0.10,0.17987885261148762,0.03682139510745878,js,2,0,1000,0.18171441827697565,new_followup,0.06044274776319435,0.3026838155669289,1.0
bottleneck8_residual64,kl__bottleneck8_residual64__a2,D40_noise0.10,0.17678113392718814,0.03170449658137052,kl,2,1,1000,0.16169742800500925,new_followup,0.061280992516529166,0.2967521180077327,0.9999999999999999
bottleneck8_residual64,chisq__bottleneck8_residual64__a2,D40_noise0.10,0.17832587810382966,0.038266368015124716,chisq,2,1,1000,0.16261794036703414,new_followup,0.07299241180374805,0.3015733979385871,1.0
bottleneck8_residual64,js__bottleneck8_residual64__a2,D40_noise0.10,0.17853400019275867,0.037718283629897376,js,2,1,1000,0.16340069227074613,new_followup,0.06790505483583802,0.2976563890864868,1.0
bottleneck8_residual64,kl__bottleneck8_residual64__a2,D40_noise0.10,0.1756027517143529,0.03646196454540163,kl,2,2,1000,0.1761412816100818,new_followup,0.058842923194356266,0.3036254534309533,0.9999999999999999
bottleneck8_residual64,chisq__bottleneck8_residual64__a2,D40_noise0.10,0.1748623880113542,0.033249577025947205,chisq,2,2,1000,0.17770814062228946,new_followup,0.0637046722695648,0.3016406185541566,0.9999999999999999
bottleneck8_residual64,js__bottleneck8_residual64__a2,D40_noise0.10,0.17356649775654703,0.02774852783839997,js,2,2,1000,0.17609082921693012,new_followup,0.054747267034065,0.2982236026691548,1.0
bottleneck8_residual64,kl__bottleneck8_residual64__a2,D40_noise0.10,0.17803857361323178,0.030883697630566625,kl,2,3,1000,0.18160154554221714,new_followup,0.04535715703779045,0.2976155118865322,1.0
bottleneck8_residual64,chisq__bottleneck8_residual64__a2,D40_noise0.10,0.1789135834657703,0.034605109526480216,chisq,2,3,1000,0.18053833227636912,new_followup,0.036764416880850755,0.29434562259742,1.0000000000000002
bottleneck8_residual64,js__bottleneck8_residual64__a2,D40_noise0.10,0.17880390995277923,0.0333350478857561,js,2,3,1000,0.18088271224325556,new_followup,0.037218118928423964,0.2950191949249746,1.0
bottleneck8_residual64,kl__bottleneck8_residual64__a2,D40_noise0.10,0.18554861569977177,0.060771911478201476,kl,2,4,1000,0.17970094814185536,new_followup,0.07827550762207995,0.3042740846848811,1.0
bottleneck8_residual64,chisq__bottleneck8_residual64__a2,D40_noise0.10,0.1828738477890426,0.05093368717832217,chisq,2,4,1000,0.17860348636219078,new_followup,0.05301527234229229,0.30005142208641,1.0
bottleneck8_residual64,js__bottleneck8_residual64__a2,D40_noise0.10,0.1829438115085551,0.05031017430347677,js,2,4,1000,0.180068997746419,new_followup,0.05624908434702949,0.29973483560528985,1.0
bottleneck8_residual64,kl__bottleneck8_residual64__a2,D40_noise0.10,0.1789261332163931,0.040282608976818096,kl,2,5,1000,0.17950488055490874,new_followup,0.05007625252906064,0.3015012411730363,0.9999999999999999
bottleneck8_residual64,chisq__bottleneck8_residual64__a2,D40_noise0.10,0.17771481360353397,0.035457342005900984,chisq,2,5,1000,0.1795521550872795,new_followup,0.052051894639329764,0.2981163202182355,1.0
bottleneck8_residual64,js__bottleneck8_residual64__a2,D40_noise0.10,0.1786873724123644,0.03927451531975576,js,2,5,1000,0.17973097029249924,new_followup,0.05575491489700849,0.3009699217617911,1.0
bottleneck8_residual64,kl__bottleneck8_residual64__a2,D40_noise0.10,0.17457249359323526,0.02830558502817291,kl,2,6,1000,0.17641495445814132,new_followup,0.06566179038787752,0.29894390777971674,1.0
bottleneck8_residual64,chisq__bottleneck8_residual64__a2,D40_noise0.10,0.1739039621097473,0.027363004159528713,chisq,2,6,1000,0.17331030807477493,new_followup,0.05270807498579305,0.29378409565087305,1.0
bottleneck8_residual64,js__bottleneck8_residual64__a2,D40_noise0.10,0.17358269463272166,0.026115681983307285,js,2,6,1000,0.1743183899719798,new_followup,0.05191196500801858,0.29460957746369154,1.0
bottleneck8_residual64,kl__bottleneck8_residual64__a2,D40_noise0.10,0.1767682696570381,0.03941694685907231,kl,2,7,1000,0.18230312112436442,new_followup,0.05244698414225221,0.2895943503749497,1.0
bottleneck8_residual64,chisq__bottleneck8_residual64__a2,D40_noise0.10,0.17638349198265785,0.03992270946922344,chisq,2,7,1000,0.18207865439896068,new_followup,0.04705265368664494,0.29412984372124895,1.0
bottleneck8_residual64,js__bottleneck8_residual64__a2,D40_noise0.10,0.17543774327328554,0.035807805475152985,js,2,7,1000,0.17992089002192696,new_followup,0.04469227704209614,0.28556236093392595,1.0000000000000002
bottleneck8_residual64,kl__bottleneck8_residual64__a2,D40_noise0.10,0.17550070522901434,0.029301970764337895,kl,2,8,1000,0.17985135666308982,new_followup,0.06198540021131188,0.2998973558588575,1.0
bottleneck8_residual64,chisq__bottleneck8_residual64__a2,D40_noise0.10,0.1752489421694299,0.028924829832069083,chisq,2,8,1000,0.17903475714222836,new_followup,0.04638501747200023,0.29545615187053476,1.0
bottleneck8_residual64,js__bottleneck8_residual64__a2,D40_noise0.10,0.17631054612024466,0.03269711209095439,js,2,8,1000,0.1809897466557463,new_followup,0.04429983330671565,0.2993676121180425,1.0
bottleneck8_residual64,kl__bottleneck8_residual64__a2,D40_noise0.10,0.1749226221794537,0.025585145537322183,kl,2,9,1000,0.1735837804482606,new_followup,0.04574434754073244,0.2872249311101373,1.0
bottleneck8_residual64,chisq__bottleneck8_residual64__a2,D40_noise0.10,0.17524261477415076,0.026716183573387203,chisq,2,9,1000,0.17405791385961072,new_followup,0.03734260513836776,0.28887666124610667,0.9999999999999999
bottleneck8_residual64,js__bottleneck8_residual64__a2,D40_noise0.10,0.1750641652484815,0.026196983892639192,js,2,9,1000,0.17309882918888142,new_followup,0.04232849352508149,0.28777592278338976,1.0
bottleneck8_residual64,kl__bottleneck8_residual64__a2,D40_noise0.30,0.19890433994957135,0.0900430745127092,kl,2,0,1000,0.195139100871148,new_followup,0.10775272596422934,0.32560707748428835,1.0
bottleneck8_residual64,chisq__bottleneck8_residual64__a2,D40_noise0.30,0.19803318641876377,0.0872689432429968,chisq,2,0,1000,0.19553467137119357,new_followup,0.08432831743418057,0.32573292203877996,1.0
bottleneck8_residual64,js__bottleneck8_residual64__a2,D40_noise0.30,0.19641122047875198,0.07957916209025717,js,2,0,1000,0.19338354912990918,new_followup,0.09875533085817992,0.32472110784623487,1.0
bottleneck8_residual64,kl__bottleneck8_residual64__a2,D40_noise0.30,0.1910664308672156,0.06359317437029288,kl,2,1,1000,0.1985747779815386,new_followup,0.09267214748047725,0.3099083836140276,1.0
bottleneck8_residual64,chisq__bottleneck8_residual64__a2,D40_noise0.30,0.19358849074392903,0.07269395479906864,chisq,2,1,1000,0.20226201949950284,new_followup,0.07659936950349837,0.3114185682537338,0.9999999999999999
bottleneck8_residual64,js__bottleneck8_residual64__a2,D40_noise0.30,0.19247168488541827,0.0697266499699375,js,2,1,1000,0.20147625437523717,new_followup,0.09077927586103639,0.3148799461382341,1.0
bottleneck8_residual64,kl__bottleneck8_residual64__a2,D40_noise0.30,0.1925473266861883,0.07367419610760506,kl,2,2,1000,0.2009278517446799,new_followup,0.07030708091241047,0.3125197770980271,1.0
bottleneck8_residual64,chisq__bottleneck8_residual64__a2,D40_noise0.30,0.19329278427277347,0.07705068087118722,chisq,2,2,1000,0.20083513208064857,new_followup,0.06070322066231495,0.3097382168336501,0.9999999999999998
bottleneck8_residual64,js__bottleneck8_residual64__a2,D40_noise0.30,0.1904620328583358,0.06547469422049332,js,2,2,1000,0.1985367644839771,new_followup,0.06633335376324921,0.30852982000590057,1.0000000000000002
bottleneck8_residual64,kl__bottleneck8_residual64__a2,D40_noise0.30,0.19671068332893277,0.09333812440171083,kl,2,3,1000,0.19718477012399593,new_followup,0.09474945512800247,0.30929477471172195,0.9999999999999998
bottleneck8_residual64,chisq__bottleneck8_residual64__a2,D40_noise0.30,0.19718904087401945,0.09444501685355966,chisq,2,3,1000,0.19906870210433372,new_followup,0.07974872891765984,0.30860018233090114,1.0
bottleneck8_residual64,js__bottleneck8_residual64__a2,D40_noise0.30,0.19712372931143934,0.09330520267221772,js,2,3,1000,0.19752192466574775,new_followup,0.08435758551913902,0.30278455555574596,0.9999999999999999
bottleneck8_residual64,kl__bottleneck8_residual64__a2,D40_noise0.30,0.19374829257459336,0.07517561507077875,kl,2,4,1000,0.18967748492249498,new_followup,0.11163775878864202,0.32681430878460926,1.0
bottleneck8_residual64,chisq__bottleneck8_residual64__a2,D40_noise0.30,0.19620632275621117,0.08507987008861098,chisq,2,4,1000,0.19239006978039458,new_followup,0.11926001657137683,0.3301240510934283,0.9999999999999999
bottleneck8_residual64,js__bottleneck8_residual64__a2,D40_noise0.30,0.19338080740582553,0.07297895475257682,js,2,4,1000,0.1905100528897375,new_followup,0.09298710578301382,0.3214638617015736,0.9999999999999999
bottleneck8_residual64,kl__bottleneck8_residual64__a2,D40_noise0.30,0.19526940550679348,0.07420558151430981,kl,2,5,1000,0.19948080320571993,new_followup,0.11524180244819128,0.3182268471761981,0.9999999999999999
bottleneck8_residual64,chisq__bottleneck8_residual64__a2,D40_noise0.30,0.1959007140055079,0.0764362554805176,chisq,2,5,1000,0.20261562227810365,new_followup,0.10611255293302808,0.31902604402624657,1.0000000000000002
bottleneck8_residual64,js__bottleneck8_residual64__a2,D40_noise0.30,0.1941332423943225,0.07011112263273708,js,2,5,1000,0.19912532147183187,new_followup,0.1099894044091295,0.31886618621513113,1.0
bottleneck8_residual64,kl__bottleneck8_residual64__a2,D40_noise0.30,0.19130371705178711,0.06575135581649927,kl,2,6,1000,0.19534557837290956,new_followup,0.0913383799296435,0.3128133078660459,1.0
bottleneck8_residual64,chisq__bottleneck8_residual64__a2,D40_noise0.30,0.1922766721566072,0.06908560518599474,chisq,2,6,1000,0.19457311069922645,new_followup,0.06795164578339051,0.31231849906311066,0.9999999999999999
bottleneck8_residual64,js__bottleneck8_residual64__a2,D40_noise0.30,0.19206866814452755,0.06784387240026415,js,2,6,1000,0.19543936208156795,new_followup,0.07349733068609586,0.3091166165504151,1.0000000000000002
bottleneck8_residual64,kl__bottleneck8_residual64__a2,D40_noise0.30,0.19004362483929943,0.06054366220290584,kl,2,7,1000,0.2013180907963858,new_followup,0.09280378002587623,0.31762818106737756,1.0
bottleneck8_residual64,chisq__bottleneck8_residual64__a2,D40_noise0.30,0.19611414906439387,0.08414908667757386,chisq,2,7,1000,0.20811378891351884,new_followup,0.10423745814265112,0.3239930683297701,1.0000000000000002
bottleneck8_residual64,js__bottleneck8_residual64__a2,D40_noise0.30,0.1961871936386679,0.0841176115118199,js,2,7,1000,0.20872665304843316,new_followup,0.08238129783450704,0.31939859384492986,1.0000000000000002
bottleneck8_residual64,kl__bottleneck8_residual64__a2,D40_noise0.30,0.19441099228790082,0.08077505687380748,kl,2,8,1000,0.19520589125046456,new_followup,0.07086120286612636,0.30502037181107705,0.9999999999999999
bottleneck8_residual64,chisq__bottleneck8_residual64__a2,D40_noise0.30,0.19736359790243146,0.09524372252633681,chisq,2,8,1000,0.1979148780034034,new_followup,0.08186490306844395,0.30783933412229114,0.9999999999999999
bottleneck8_residual64,js__bottleneck8_residual64__a2,D40_noise0.30,0.19807148381905348,0.096663490123376,js,2,8,1000,0.19779214466404912,new_followup,0.09227608561010016,0.3131341728532508,1.0
bottleneck8_residual64,kl__bottleneck8_residual64__a2,D40_noise0.30,0.1945869574120565,0.08526150877138874,kl,2,9,1000,0.1865386244963797,new_followup,0.11802375142854113,0.3235510639944301,1.0
bottleneck8_residual64,chisq__bottleneck8_residual64__a2,D40_noise0.30,0.19396973546128404,0.08280361306828393,chisq,2,9,1000,0.18593001532337758,new_followup,0.08637578967259331,0.31664374652067423,1.0
bottleneck8_residual64,js__bottleneck8_residual64__a2,D40_noise0.30,0.1937678388328422,0.08124716823667408,js,2,9,1000,0.1847065863685563,new_followup,0.07442678099070821,0.30949063494678797,1.0000000000000002
bottleneck8_residual64,kl__bottleneck8_residual64__a2,D100_noise0.30,0.19867200949254615,0.10213063977393305,kl,2,0,1000,0.19561208941045397,new_followup,0.07849087209238861,0.3110160655061564,1.0
bottleneck8_residual64,chisq__bottleneck8_residual64__a2,D100_noise0.30,0.20070708234194878,0.1084174555951835,chisq,2,0,1000,0.1998655406638527,new_followup,0.07362921244017945,0.31789963362450974,1.0
bottleneck8_residual64,js__bottleneck8_residual64__a2,D100_noise0.30,0.19861981203725204,0.10281009875537114,js,2,0,1000,0.19880775330814585,new_followup,0.06857520477904516,0.31585871468352694,0.9999999999999999
bottleneck8_residual64,kl__bottleneck8_residual64__a2,D100_noise0.30,0.20762556477834196,0.12871989958982885,kl,2,1,1000,0.21706353419225147,new_followup,0.09909815475761787,0.26352456194813895,0.9999999999999999
bottleneck8_residual64,chisq__bottleneck8_residual64__a2,D100_noise0.30,0.20377713863141056,0.11429050017984621,chisq,2,1,1000,0.21423867564941557,new_followup,0.04854905256024355,0.2820864421833989,0.9999999999999999
bottleneck8_residual64,js__bottleneck8_residual64__a2,D100_noise0.30,0.20518662978000646,0.11945676550797979,js,2,1,1000,0.2161473759612545,new_followup,0.04435952752946638,0.27851384341111407,1.0
bottleneck8_residual64,kl__bottleneck8_residual64__a2,D100_noise0.30,0.20847279349644013,0.12862921709520542,kl,2,2,1000,0.21027967726122632,new_followup,0.09772027906649092,0.3051575641520539,0.9999999999999998
bottleneck8_residual64,chisq__bottleneck8_residual64__a2,D100_noise0.30,0.20862913025260527,0.12884449205733606,chisq,2,2,1000,0.20992501117513857,new_followup,0.07931668499002183,0.3103551154066885,1.0
bottleneck8_residual64,js__bottleneck8_residual64__a2,D100_noise0.30,0.20848325884407412,0.12856498005449457,js,2,2,1000,0.2099779157239694,new_followup,0.0837576530257027,0.308673295165513,0.9999999999999999
bottleneck8_residual64,kl__bottleneck8_residual64__a2,D100_noise0.30,0.20415097469064883,0.1195928396724115,kl,2,3,1000,0.2010583336733628,new_followup,0.11704112102933062,0.3206847372093518,1.0
bottleneck8_residual64,chisq__bottleneck8_residual64__a2,D100_noise0.30,0.20277086293946578,0.1134184193909652,chisq,2,3,1000,0.20251522060873056,new_followup,0.09317115027207974,0.3143960172340369,0.9999999999999998
bottleneck8_residual64,js__bottleneck8_residual64__a2,D100_noise0.30,0.2032818813253709,0.11549227920170141,js,2,3,1000,0.2027289252502508,new_followup,0.10430576574545092,0.3203704561017262,1.0
bottleneck8_residual64,kl__bottleneck8_residual64__a2,D100_noise0.30,0.2007194298897652,0.10593298902600459,kl,2,4,1000,0.19464454199697662,new_followup,0.08030851392493078,0.30350080926683215,0.9999999999999998
bottleneck8_residual64,chisq__bottleneck8_residual64__a2,D100_noise0.30,0.202528701205507,0.1139558880864738,chisq,2,4,1000,0.1992275126056705,new_followup,0.05645068888174767,0.28679800699669056,1.0000000000000002
bottleneck8_residual64,js__bottleneck8_residual64__a2,D100_noise0.30,0.20288646356943973,0.11570839768725565,js,2,4,1000,0.19969940204990513,new_followup,0.05103082859678773,0.2836373127932705,1.0
bottleneck8_residual64,kl__bottleneck8_residual64__a2,D100_noise0.30,0.20106694197053732,0.10813075827718496,kl,2,5,1000,0.19840960894814508,new_followup,0.08305248096358049,0.3163982378473604,1.0
bottleneck8_residual64,chisq__bottleneck8_residual64__a2,D100_noise0.30,0.1999583688108202,0.10379346640899262,chisq,2,5,1000,0.19656136669005186,new_followup,0.10678483896271748,0.32559830433187925,1.0
bottleneck8_residual64,js__bottleneck8_residual64__a2,D100_noise0.30,0.19993693232737125,0.10159296314524971,js,2,5,1000,0.19743747966318606,new_followup,0.0686644238545434,0.31275681542318623,0.9999999999999999
bottleneck8_residual64,kl__bottleneck8_residual64__a2,D100_noise0.30,0.2088104954594962,0.1316511309874674,kl,2,6,1000,0.21191770052441983,new_followup,0.11806906011217606,0.3167763646541743,1.0000000000000002
bottleneck8_residual64,chisq__bottleneck8_residual64__a2,D100_noise0.30,0.20522324665550024,0.11626682804797839,chisq,2,6,1000,0.20888493840517583,new_followup,0.08376144770532426,0.3072716379200418,1.0000000000000002
bottleneck8_residual64,js__bottleneck8_residual64__a2,D100_noise0.30,0.20479381703273855,0.11435498013631915,js,2,6,1000,0.20762910709447308,new_followup,0.08557955676730017,0.30815669298556686,0.9999999999999999
bottleneck8_residual64,kl__bottleneck8_residual64__a2,D100_noise0.30,0.20493443872650274,0.11436338391841211,kl,2,7,1000,0.1960860208807545,new_followup,0.07601997545818637,0.3004968788103862,1.0
bottleneck8_residual64,chisq__bottleneck8_residual64__a2,D100_noise0.30,0.20332842280686975,0.10685124531907389,chisq,2,7,1000,0.19417131335097343,new_followup,0.10277632963871396,0.3172727214258544,1.0
bottleneck8_residual64,js__bottleneck8_residual64__a2,D100_noise0.30,0.20107501452442184,0.09757160343317184,js,2,7,1000,0.19157349506485244,new_followup,0.08174505346500492,0.31223469150744787,1.0000000000000002
bottleneck8_residual64,kl__bottleneck8_residual64__a2,D100_noise0.30,0.2127061294313636,0.14306845488426972,kl,2,8,1000,0.20919719871084924,new_followup,0.1436970737961342,0.3150003427704791,0.9999999999999999
bottleneck8_residual64,chisq__bottleneck8_residual64__a2,D100_noise0.30,0.2099512644053314,0.13168339660352413,chisq,2,8,1000,0.2054338087451698,new_followup,0.12151053331548535,0.32255325807259877,1.0000000000000002
bottleneck8_residual64,js__bottleneck8_residual64__a2,D100_noise0.30,0.20889768550398957,0.128647168325778,js,2,8,1000,0.20580172017035503,new_followup,0.1018617457566543,0.3099682777880234,0.9999999999999999
bottleneck8_residual64,kl__bottleneck8_residual64__a2,D100_noise0.30,0.20927045347481682,0.14026984481180035,kl,2,9,1000,0.205264871152535,new_followup,0.14481077421730199,0.31860471624897846,1.0
bottleneck8_residual64,chisq__bottleneck8_residual64__a2,D100_noise0.30,0.20725375078872002,0.13219837726694117,chisq,2,9,1000,0.2039810996292551,new_followup,0.11167336330367762,0.29776929692014925,0.9999999999999999
bottleneck8_residual64,js__bottleneck8_residual64__a2,D100_noise0.30,0.20735405826242886,0.13174560422603665,js,2,9,1000,0.20324712860132027,new_followup,0.1191018420148518,0.31976959955636963,1.0
