branch,response,kind,name,mean,std,min,max,positive_repeats,rank
lower,log_complement,attribute,Blurry,0.0032491711845181598,0.0003302876345530671,0.0028743929408787,0.0036941223237141,5,1
lower,log_complement,attribute,Brown_Hair,0.00278740148432592,0.0006362253193008939,0.0018194732007305,0.0034688855487438,5,2
lower,log_complement,attribute,Male,0.0027109465569284,0.0016189172290985664,0.0002628983874061,0.0046124645731575,5,3
lower,log_complement,attribute,Bags_Under_Eyes,0.00167671124121114,0.00022793595167603392,0.0014183005691754,0.0020061193815382,5,4
lower,log_complement,attribute,Smiling,0.00146108692042444,0.0014000792103885586,0.0001678732266088,0.0038355884487866,5,5
lower,log_complement,attribute,Wavy_Hair,0.0011598891476439599,0.0006266961148966949,0.0003946508747765,0.0020182789723302,5,6
lower,log_complement,attribute,Mouth_Slightly_Open,0.00099992312841416,0.0011388407811091556,-0.0009995985742874,0.0018738963356217,4,7
lower,log_complement,attribute,Wearing_Necklace,0.00086211599204786,0.0005329671727695045,0.0002239420948666,0.0014214733620354,5,8
lower,log_complement,attribute,Attractive,0.0006845509380693328,0.0006216143568908214,6.807325276736442e-05,0.0016085116344088,5,9
lower,log_complement,attribute,Blond_Hair,0.0005229715925817161,0.0012646281952634379,-0.0001502885064024,0.0027761315268304,3,10
lower,log_complement,attribute,Arched_Eyebrows,0.0003852859122862,0.0003615268895707549,-0.0001726243402268,0.0007575389516891,4,11
lower,log_complement,attribute,Bushy_Eyebrows,0.000362089697489619,0.00042856079786534105,-8.650981134350477e-05,0.0010651882157178,4,12
lower,log_complement,attribute,Oval_Face,0.00035691369545399207,0.00017589479875049823,8.72741003563604e-05,0.0005077722890444,5,13
lower,log_complement,attribute,Heavy_Makeup,0.00034980281346614,0.0003465563875172552,0.0001025877928482,0.0009282445688966,5,14
lower,log_complement,attribute,Straight_Hair,0.00032329040772763996,0.0003394091565303957,-0.0001118417146027,0.0006783453767835,4,15
lower,log_complement,attribute,Wearing_Earrings,0.0003150666616484912,0.0003105118414111728,1.2316387767663528e-05,0.0007576786986258,5,16
lower,log_complement,attribute,Eyeglasses,0.0003077255352735847,0.000554229601200138,-0.0002942718966942,0.001189129888647,4,17
lower,log_complement,attribute,Wearing_Lipstick,0.00026956540190082,0.0004971382623103677,-0.0005249139134665,0.0007818850269168,4,18
lower,log_complement,attribute,Pale_Skin,0.00026359893078122,0.00022558181328954488,-0.0001056414722442,0.0004394524747308,4,19
lower,log_complement,attribute,Gray_Hair,0.00023935064288620704,0.00039366109401692376,-0.0001352961780105,0.0008971153945545,4,20
lower,log_complement,attribute,Wearing_Necktie,0.00023464345439296969,0.00028009458746184164,-9.14596569752124e-05,0.0005424422570471,4,21
lower,log_complement,attribute,Double_Chin,0.00022424317763494755,0.000310866143353802,-3.8057492615317656e-05,0.0007391668104158,4,22
lower,log_complement,attribute,Pointy_Nose,0.00019238036638015568,0.00015951524147791603,-2.69795245749771e-05,0.0003514891109668,4,23
lower,log_complement,attribute,Receding_Hairline,0.0001607985843343557,0.00022417139894000837,-8.404360277114442e-05,0.0005192470476458,4,24
lower,log_complement,attribute,Rosy_Cheeks,0.00014338721254551718,0.0001510579043730754,-2.4695924628836963e-05,0.0003694113750967,4,25
lower,log_complement,attribute,Black_Hair,0.00012930112281304003,0.00021818852363607736,-0.0002498906561579,0.0003056416801727,4,26
lower,log_complement,attribute,Mustache,0.00012517653262265996,0.00017826956341470513,-7.081327534830262e-05,0.0003068844238005,3,27
lower,log_complement,attribute,Goatee,9.244601346614328e-05,0.0001061818580567788,-7.232710754734306e-05,0.0001986299569872,4,28
lower,log_complement,attribute,Bald,8.000656882780686e-05,0.00024441633273712546,-0.0001927870939651,0.0004740393658287,3,29
lower,log_complement,attribute,Narrow_Eyes,4.473851029008553e-05,0.00011305212343993181,-0.0001117215893498,0.0001437489283354,3,30
lower,log_complement,attribute,Wearing_Hat,3.634523890090855e-05,0.0005671372026444851,-0.000532363450983,0.0009541407233251,3,31
lower,log_complement,attribute,Chubby,2.646158312919967e-05,0.00015191452258489139,-0.0002033328084671,0.0002042774891113,4,32
lower,log_complement,attribute,Bangs,2.5212099332085182e-05,0.00016057348693867974,-0.000187171507298,0.0002108215534069,3,33
lower,log_complement,attribute,High_Cheekbones,2.2281089915600013e-05,0.0005648825693747478,-0.0009672667794867,0.0003910018869459,4,34
lower,log_complement,attribute,No_Beard,2.2547647956825822e-06,0.000276775573952402,-0.0003942055026686,0.0003686593769827,3,35
lower,log_complement,attribute,Young,-2.4135571094722186e-06,0.00024618940779731454,-0.000298353379035,0.0002985982623262,2,36
lower,log_complement,attribute,Big_Nose,-4.487649794834054e-05,0.00014292753523053792,-0.0002723540732196,6.202339106242682e-05,3,37
lower,log_complement,attribute,Sideburns,-0.00033757891634320905,0.0003732276877218862,-0.0009731476489229,-4.746067586558489e-05,0,38
lower,log_complement,attribute,Big_Lips,-0.00045777030153999266,0.00030316399272120213,-0.0008877349766294,-7.095070244156343e-05,0,39
lower,log_complement,attribute,5_o_Clock_Shadow,-0.00081894448210592,0.0010457810690857462,-0.0023493950644269,0.0003318294168757,1,40
lower,log_complement,group,hair,0.00585173124198052,0.002435526954054446,0.0043968686977384,0.0100711106747937,5,1
lower,log_complement,group,age_sex_annotations,0.00279461064256386,0.0014048899237090711,0.0007124772392397,0.0045951657582785,5,2
lower,log_complement,group,accessories,0.00222687989277664,0.0007568940594930187,0.0011991919242579,0.0031999570847417,5,3
lower,log_complement,group,expression,0.0019969382520321,0.0016822799642865684,-0.0002869482184595,0.0043143865473891,4,4
lower,log_complement,group,facial_structure,0.0011015572768763601,0.0009385887771462362,-0.0004031526260663,0.0018817481771232,4,5
lower,log_complement,group,cosmetics,0.0007501245828088847,0.0005844319645725945,3.8441579447323626e-05,0.001277050891111,5,6
lower,log_complement,group,facial_hair,-0.00015976726683777998,0.00035230791301643877,-0.000682444408857,0.0003087062254194,1,7
lower,rdr,attribute,Bags_Under_Eyes,0.00133320690300668,0.00027497482683527005,0.0010094570265705,0.0017573186623688,5,1
lower,rdr,attribute,Brown_Hair,0.0010641591301472002,0.0005865824096802938,0.0004390649774099,0.0020010629086091,5,2
lower,rdr,attribute,Male,0.000685588580780512,0.0005513533949076733,-6.078546696663967e-05,0.0012715175399793,4,3
lower,rdr,attribute,Blurry,0.00059361494993198,0.00015753313255861245,0.0004257447679832,0.0007978695104914,5,4
lower,rdr,attribute,Wearing_Necktie,0.0004679606919729077,0.000519356092204154,-9.216489207786172e-05,0.0012147902337936,4,5
lower,rdr,attribute,Smiling,0.00043842056252813114,0.0005139074983979849,-2.153592343634436e-05,0.0012931260492945,4,6
lower,rdr,attribute,Bushy_Eyebrows,0.00031693289630961997,0.00018450528407161954,0.0001291458289907,0.0005093314270608,5,7
lower,rdr,attribute,Arched_Eyebrows,0.00030935777848436,0.00017039508259897686,0.0001449874534472,0.0005813729209979,5,8
lower,rdr,attribute,Wavy_Hair,0.00029620073551982,0.0003087505184535999,-0.0001489214088622,0.0006754989032622,4,9
lower,rdr,attribute,Wearing_Necklace,0.000241920799616634,0.00014548254471671106,8.137978291467007e-05,0.0004550999748035,5,10
lower,rdr,attribute,Double_Chin,0.00020916858336118,0.00036194258715146923,-0.0002705794798708,0.0007266481887016,4,11
lower,rdr,attribute,Oval_Face,0.00012323986746010264,0.0002550423853661202,-0.0002275839019012,0.0004609729115415,4,12
lower,rdr,attribute,Receding_Hairline,0.00011136276125203555,0.00017579253325355712,-0.000170647243691,0.0002623008706127,4,13
lower,rdr,attribute,No_Beard,8.706014635766e-05,0.00028195953390452484,-0.0003862083922446,0.0003239770988248,4,14
lower,rdr,attribute,Blond_Hair,7.575643202926761e-05,0.00023434872502357424,-0.0002627450775768,0.0003713784978306,3,15
lower,rdr,attribute,Wearing_Hat,6.90481748673173e-05,0.0003411228765617545,-0.0004172569168315,0.0004314736547281,3,16
lower,rdr,attribute,Eyeglasses,6.806395952969568e-05,0.0002313922555557942,-0.0002054157181323,0.0004251119293935,3,17
lower,rdr,attribute,Bangs,4.788937927233082e-05,0.0004528222385746457,-0.0005660937706845,0.0006546326354464,3,18
lower,rdr,attribute,Straight_Hair,3.9790766096340964e-05,0.00021857956606738228,-0.000204361225494,0.0003858980567907,2,19
lower,rdr,attribute,Pale_Skin,3.224077450512715e-05,0.00015908595243827178,-0.0002275839019012,0.0001917034311444,4,20
lower,rdr,attribute,Bald,3.097939499235182e-05,7.847773342441522e-05,-4.385282863372808e-05,0.0001640428372073,4,21
lower,rdr,attribute,Big_Lips,1.9984460774504506e-05,0.00014172658717497306,-0.0001268835843415,0.0002375702623181,2,22
lower,rdr,attribute,Young,1.8173935504652043e-05,0.00017016583736787806,-0.0002095968985905,0.0002680658052076,3,23
lower,rdr,attribute,Goatee,1.2647159187872959e-05,1.3863140702375316e-05,-5.838460187646e-06,2.8720853128105794e-05,4,24
lower,rdr,attribute,Mouth_Slightly_Open,2.8557427046452256e-06,0.00026973464578720175,-0.0002279547341944,0.0004356768171919,2,25
lower,rdr,attribute,Wearing_Lipstick,-3.8613859472125255e-07,4.310554842282591e-05,-5.823230455348494e-05,4.478859819345704e-05,2,26
lower,rdr,attribute,Big_Nose,-1.4710023103172365e-05,0.0001412367191728964,-0.0002275839019012,0.0001575465792859,2,27
lower,rdr,attribute,Wearing_Earrings,-1.555985343792215e-05,0.00021223337284736733,-0.0003732498684411,0.0001877789842877,3,28
lower,rdr,attribute,Narrow_Eyes,-3.0846301626154814e-05,0.0001343124746340286,-0.0002275839019012,0.0001455488573952,2,29
lower,rdr,attribute,Chubby,-3.3672490948382167e-05,0.00011359813450402702,-0.0001756034875769,0.0001354921124843,1,30
lower,rdr,attribute,High_Cheekbones,-4.436926421135066e-05,8.969953797207417e-05,-0.0002020791869241,1.3484249920314715e-05,2,31
lower,rdr,attribute,Mustache,-4.726799181826188e-05,0.00014937252159066903,-0.0002242117031516,0.000161052383574,2,32
lower,rdr,attribute,Gray_Hair,-6.178315448125495e-05,0.00010274563905067066,-0.0002275839019012,2.252311062977963e-05,2,33
lower,rdr,attribute,Heavy_Makeup,-6.770019203672115e-05,7.166982822859678e-05,-0.0001520345607254,1.3707514890937134e-05,1,34
lower,rdr,attribute,Sideburns,-0.00010391228769540632,0.00017631069194495234,-0.000372128513408,0.0001085660684779,1,35
lower,rdr,attribute,Rosy_Cheeks,-0.00010925496798344075,0.00022512795401666584,-0.0003858561931001,0.0001562653495512,2,36
lower,rdr,attribute,Attractive,-0.00011741294960863052,0.0001880167294213804,-0.0004324055198056,5.056570550265871e-05,1,37
lower,rdr,attribute,Pointy_Nose,-0.00021623371122938,3.9843613941785585e-05,-0.0002595738716747,-0.0001593282707633,0,38
lower,rdr,attribute,Black_Hair,-0.00035862523837066,0.00015433995994225982,-0.0005669400750879,-0.0001390842567386,0,39
lower,rdr,attribute,5_o_Clock_Shadow,-0.00066892792986296,0.0002661964204367036,-0.0010937631258484,-0.0003781933167313,0,40
lower,rdr,group,hair,0.0018748887353525,0.0005706198625821801,0.0012435849492546,0.002523031302463,5,1
lower,rdr,group,accessories,0.0011284741245598043,0.0010972451413497866,-8.763577310277881e-05,0.002770777005558,4,2
lower,rdr,group,age_sex_annotations,0.00067106443112394,0.0006203975667890322,-0.0002222855710403,0.0013394019460503,4,3
lower,rdr,group,facial_structure,0.00053122721074102,0.0003568273004177764,0.000127346593846,0.0010179516357436,5,4
lower,rdr,group,expression,0.00013599523131442,0.0006187618607162199,-0.000250718141955,0.00118973634717,2,5
lower,rdr,group,cosmetics,-0.00011750512407419636,0.000207004838086454,-0.0003029989006745,0.0001212632570292,2,6
lower,rdr,group,facial_hair,-0.00036500092420186004,0.0008162671328611556,-0.0013101313025972,0.0008845006977391,1,7
upper,log_complement,attribute,Eyeglasses,0.0027527362508778,0.002418293850881364,0.0003337084476799,0.0063891489755064,5,1
upper,log_complement,attribute,5_o_Clock_Shadow,0.0024706360789403603,0.0005013286201540396,0.0018040708946676,0.0030893679225519,5,2
upper,log_complement,attribute,Attractive,0.0021376733210954403,0.0011172594995110788,0.0006859297269392,0.0033448536578758,5,3
upper,log_complement,attribute,Blond_Hair,0.00209758103692688,0.0009362979281015828,0.0010403959725409,0.003040233611564,5,4
upper,log_complement,attribute,Wearing_Necklace,0.00200732387816824,0.0007818830805652334,0.0009138491385193,0.0027325803203656,5,5
upper,log_complement,attribute,Wearing_Hat,0.001592646344556811,0.001864447613735742,-0.0006455346780732,0.0035824628949212,4,6
upper,log_complement,attribute,Narrow_Eyes,0.00136480010987408,0.0006619228810171299,0.000799466677096,0.002293333279669,5,7
upper,log_complement,attribute,Brown_Hair,0.00129995256990538,0.0007387153429443912,0.0007559646603584,0.0024547953637985,5,8
upper,log_complement,attribute,Rosy_Cheeks,0.00124885689934052,0.0006713831745647856,0.0001669652462582,0.0018374690479567,5,9
upper,log_complement,attribute,Pale_Skin,0.0008640650518333001,0.0004413793203363826,0.0001524316347732,0.0013680850139161,5,10
upper,log_complement,attribute,Wearing_Lipstick,0.0005935470265711644,0.0006823631837450602,-0.0001647377249319,0.0015767599578255,4,11
upper,log_complement,attribute,Goatee,0.0005487676319319304,0.00029599196896869137,6.674795418715185e-05,0.0008502099413215,5,12
upper,log_complement,attribute,Wavy_Hair,0.0005013381691617204,0.0010202040688490849,-0.0004253194017123,0.0022379189731549,4,13
upper,log_complement,attribute,Mouth_Slightly_Open,0.00049062286892572,0.0007380106269278418,-0.0003814107768905,0.0012823414607233,3,14
upper,log_complement,attribute,Oval_Face,0.00047394232630701774,0.00045575092553516646,1.5307915231188574e-05,0.0010944352032818,5,15
upper,log_complement,attribute,Black_Hair,0.0003560832795593958,0.00046062963142877846,3.370869598329218e-05,0.0011547456904187,5,16
upper,log_complement,attribute,Bushy_Eyebrows,0.0002808961027476,0.000565122545705609,-0.0006428111620727,0.0008082511166396,4,17
upper,log_complement,attribute,High_Cheekbones,0.0002600719561555363,0.0006694130278159368,-0.0003367178954674,0.0010812084526706,2,18
upper,log_complement,attribute,Smiling,0.0001556496353824144,0.00044962895121872975,-0.0004608542271984,0.0007050023845076,3,19
upper,log_complement,attribute,Blurry,0.0001414291966118849,0.0007415759806726529,-0.0006615335415679,0.0013295819650417,3,20
upper,log_complement,attribute,Big_Lips,0.00012758343926845862,0.00024957999568411593,-0.0001084209650262,0.000522419756235,3,21
upper,log_complement,attribute,No_Beard,0.00012158851073504256,0.00037942371730254585,-0.00041649466064,0.0006286413250944,4,22
upper,log_complement,attribute,Straight_Hair,1.981402717880017e-06,0.0005814400782615604,-0.0008871692165407,0.0005540994247336,3,23
upper,log_complement,attribute,Arched_Eyebrows,-3.0229413534522443e-05,0.0007804494825063536,-0.001031150842385,0.001032988049475,3,24
upper,log_complement,attribute,Male,-4.340616043574001e-05,0.0006405833823236727,-0.0010714861205076,0.0006531678221873,3,25
upper,log_complement,attribute,Bags_Under_Eyes,-4.350825410770494e-05,0.00013018157100988905,-0.0002087263733355,0.0001338224400131,2,26
upper,log_complement,attribute,Bangs,-6.313905857132508e-05,0.0006698692434502665,-0.0009289933007423,0.0009328363402247,2,27
upper,log_complement,attribute,Sideburns,-6.83164711296755e-05,0.00043018869134879247,-0.0006588475873602,0.0005166037562628,2,28
upper,log_complement,attribute,Big_Nose,-7.37361121358958e-05,0.00047134647959466794,-0.0007697278896868,0.0004644931673468,2,29
upper,log_complement,attribute,Wearing_Necktie,-7.655320287829023e-05,0.00036934503287549295,-0.0005721218534869,0.0003516717602831,3,30
upper,log_complement,attribute,Bald,-9.989277290206238e-05,0.0003707675203444337,-0.0006784431012071,0.0003255541344235,3,31
upper,log_complement,attribute,Double_Chin,-0.00010606538301656724,0.00030255895728002074,-0.0006056684123828,0.0001485900974704,2,32
upper,log_complement,attribute,Chubby,-0.0001580686148198064,0.0002999783294861784,-0.0006215086355291,0.000203583059639,1,33
upper,log_complement,attribute,Mustache,-0.0001611675672046695,0.00037730467284355433,-0.0007912897176397,0.0002074295245032,2,34
upper,log_complement,attribute,Pointy_Nose,-0.00024330819145440395,0.0003380824263992252,-0.000761423972315,0.0001532664268268,1,35
upper,log_complement,attribute,Receding_Hairline,-0.00034934350340727995,0.0005583042493454416,-0.0008441209933993,0.0005094522262099,1,36
upper,log_complement,attribute,Heavy_Makeup,-0.00041523480703178006,0.00031733507873273124,-0.0009242721291616,-0.0001119189037164,0,37
upper,log_complement,attribute,Wearing_Earrings,-0.0004470999422509,0.0007502675865942023,-0.0010904664725965,0.0007415980132088,1,38
upper,log_complement,attribute,Gray_Hair,-0.000538342628303799,0.0007208287229162644,-0.0017595780900871,6.181883181310965e-05,1,39
upper,log_complement,attribute,Young,-0.0005625698348436,0.0005279621114151299,-0.0011672350732007,0.0001553743969961,1,40
upper,log_complement,group,accessories,0.00649386886542964,0.004298644827891741,0.0021389295656051,0.0114319190611476,5,1
upper,log_complement,group,hair,0.0063633748748342794,0.00283381674731496,0.0044239695034382,0.011116236460939,5,2
upper,log_complement,group,facial_hair,0.00386275481698888,0.000656726725084124,0.0033362166327189,0.0049442924530785,5,3
upper,log_complement,group,facial_structure,0.0036472025554867794,0.0012683858090477315,0.0021118270702219,0.0054552274483495,5,4
upper,log_complement,group,cosmetics,0.0021671095115643997,0.001223714142362548,0.0005830476671133,0.0034694875951171,5,5
upper,log_complement,group,expression,0.0006274294647234201,0.0006557223525262965,-0.0002831278703431,0.0012578678122328,4,6
upper,log_complement,group,age_sex_annotations,-0.0005780619862273999,0.0011703676048679605,-0.0022199433709236,0.0007550606576759,2,7
upper,rdr,attribute,Eyeglasses,0.00339526364165698,0.0024991900157393353,0.0009631303604412,0.0069884647764978,5,1
upper,rdr,attribute,Brown_Hair,0.00155353369360286,0.0008623098339859487,0.0008579127910993,0.0030150220478728,5,2
upper,rdr,attribute,5_o_Clock_Shadow,0.0012407995006309,0.00037540702587454883,0.0008307443236067,0.0017071177341982,5,3
upper,rdr,attribute,Wearing_Hat,0.000814810447778492,0.0012728102686519964,-0.0004912126607831,0.0027782885235158,3,4
upper,rdr,attribute,Oval_Face,0.0005939808199699022,0.0003912742220453993,9.414020104581144e-05,0.0009986195146715,5,5
upper,rdr,attribute,Goatee,0.0005906321656009324,0.0005835565121579471,-9.428079157913773e-05,0.0013386942184439,4,6
upper,rdr,attribute,Wearing_Necklace,0.0004177714569076566,0.00039148590789026905,-2.110920970521679e-05,0.0010523211962019,4,7
upper,rdr,attribute,Wearing_Lipstick,0.0003204566498633093,0.0005116379953350493,-7.004732308701911e-05,0.001126999674727,3,8
upper,rdr,attribute,Narrow_Eyes,0.00030681158399650273,0.0002717980120529331,2.8797885988196548e-05,0.0006880034309251,5,9
upper,rdr,attribute,Wearing_Necktie,0.00027359899709815107,0.000501131961054962,-0.0001327070577159,0.0010470761379903,3,10
upper,rdr,attribute,High_Cheekbones,0.00022980916868080726,0.00017962943659585587,-3.045363859366379e-05,0.0004770946641288,4,11
upper,rdr,attribute,Blurry,0.0002126910108316316,0.00023760876067311992,-8.757454322050329e-06,0.0005396329449506,4,12
upper,rdr,attribute,Mouth_Slightly_Open,0.00019897998341320775,0.00015087701166802763,-2.99659264063612e-05,0.0003721913883506,4,13
upper,rdr,attribute,Straight_Hair,0.00017868135159294,0.0005161019552186384,-0.0002683716389441,0.0008085786785283,2,14
upper,rdr,attribute,Bangs,0.00017213922690211808,0.000706971364851692,-0.0002490451148184,0.0014238373171797,2,15
upper,rdr,attribute,Bushy_Eyebrows,0.00015654789478722271,0.00013846075303936288,-2.9612967915704225e-05,0.0002658765072485,4,16
upper,rdr,attribute,Blond_Hair,0.00013125548379281315,0.00023879347434349051,-0.000208964246894,0.0003956760498345,3,17
upper,rdr,attribute,Black_Hair,0.00012155952084950952,0.00023469137898876862,-7.139657221866269e-05,0.0004610893527081,3,18
upper,rdr,attribute,Male,0.00010518037570883669,0.00034669445844960536,-0.0003045114473324,0.0005998590022943,3,19
upper,rdr,attribute,Arched_Eyebrows,5.864826224071219e-05,8.349118110701624e-05,-2.495628232068725e-05,0.0001621042704278,3,20
upper,rdr,attribute,Wavy_Hair,4.163468846007999e-05,0.00040004600656201903,-0.0004079613280755,0.0006896711357006,2,21
upper,rdr,attribute,Smiling,2.2764172400210475e-05,9.01936527670525e-05,-4.90482342208054e-05,0.0001688743398721,2,22
upper,rdr,attribute,Attractive,-1.2528077980161724e-05,0.00029159826850087047,-0.0003049802969158,0.0004075761458082,2,23
upper,rdr,attribute,Chubby,-1.607720488475094e-05,0.00019715584980948634,-0.0002545631106047,0.0002748942721312,3,24
upper,rdr,attribute,Pointy_Nose,-2.5645123168291985e-05,0.00015571280397296423,-0.0001934640339467,0.0002293426199379,1,25
upper,rdr,attribute,Gray_Hair,-9.116300773244334e-05,0.00024387193766454098,-0.0003475853488603,0.0002967531027739,1,26
upper,rdr,attribute,Mustache,-0.0001013642558526236,0.00020564327759918193,-0.0003139303919202,0.0001893402793596,1,27
upper,rdr,attribute,Big_Lips,-0.00010526350260120035,0.00015636660002558,-0.0003139303919202,7.384287024392311e-05,1,28
upper,rdr,attribute,No_Beard,-0.0001085128037658563,0.00017511542234526035,-0.0003139303919202,8.315434587802262e-05,1,29
upper,rdr,attribute,Bags_Under_Eyes,-0.00011377969738678582,0.00017024971421099832,-0.0003139303919202,0.0001450694860686,1,30
upper,rdr,attribute,Sideburns,-0.00011435332931932071,0.0001060199022878968,-0.0002674436688288,-8.004986402632142e-06,0,31
upper,rdr,attribute,Bald,-0.00015722661020580673,0.00015657306850326737,-0.0003139303919202,9.414372516136638e-05,1,32
upper,rdr,attribute,Double_Chin,-0.00016637429638806714,0.00010529782743699978,-0.0003139303919202,-4.605929442813572e-05,0,33
upper,rdr,attribute,Wearing_Earrings,-0.00016910507729422,0.0002190513688347329,-0.0003618815365119,0.0002057470135371,1,34
upper,rdr,attribute,Rosy_Cheeks,-0.0001699492387877347,0.00018585813266645525,-0.0004618494777358,2.2878412548443805e-05,1,35
upper,rdr,attribute,Big_Nose,-0.00017679117050218,0.0003371844020419875,-0.0005360643978125,0.0001656132180339,2,36
upper,rdr,attribute,Heavy_Makeup,-0.00024240663870265665,0.0001781515413355025,-0.0004816057560751,-2.565172669832805e-07,0,37
upper,rdr,attribute,Receding_Hairline,-0.00026838021017942,0.00016254151992385455,-0.0005265504008792,-0.0001288069307942,0,38
upper,rdr,attribute,Young,-0.0005140899371224465,0.0005408577089933982,-0.0012837584210483,6.937932937844948e-05,1,39
upper,rdr,attribute,Pale_Skin,-0.00059325593306462,0.00029671682645511976,-0.00108697035622,-0.0003040130941432,0,40
upper,rdr,group,accessories,0.0050039866164099805,0.003800259490584626,0.0006763531895227,0.0099072464722883,5,1
upper,rdr,group,hair,0.00252943047925478,0.0010505905738986405,0.0013428015745721,0.0037066227526734,5,2
upper,rdr,group,facial_hair,0.00228442688890052,0.001035669095971103,0.0011196670972717,0.0038497719083797,5,3
upper,rdr,group,facial_structure,0.00202301828348174,0.0006869999438686191,0.001086287068082,0.0026480974233861,5,4
upper,rdr,group,expression,0.00013726515872064887,0.00030921542269050066,-0.0003152128538999,0.0004354358328283,4,5
upper,rdr,group,cosmetics,-0.000140991856788542,0.0003429197174539026,-0.0004449873013367,0.0003995690878343,1,6
upper,rdr,group,age_sex_annotations,-0.00032466867164992,0.0006935911442564396,-0.0012520323611147,0.000656817791658,1,7
