branch,response,model,mean,std,min,max
lower,log_complement,additive_ebm,0.0267189163282896,0.0026123085061446074,0.0232999749410899,0.0297170015932937
lower,log_complement,interaction_ebm,0.027641408765778742,0.0026753586547322303,0.0237217619219757,0.0301516356963149
lower,log_complement,mean_only,-0.00028763238601988453,0.00045495981150858484,-0.0010986233191874,-2.678717991666524e-05
lower,log_complement,ols,0.026686765696479996,0.002996424411682403,0.0227584247413185,0.0299270185481922
lower,rdr,additive_ebm,0.006847936298338721,0.0014592780000479142,0.0053734319850595,0.008893130888135
lower,rdr,interaction_ebm,0.0068687331829894605,0.0014837410374768782,0.0053610394135411,0.0089110407639602
lower,rdr,mean_only,-4.9455985663726663e-05,4.3349485196591164e-05,-9.664410273391157e-05,-7.686676695151108e-08
lower,rdr,ols,0.0064804258144571,0.0017671618953257254,0.0049677158665522,0.0090218367092801
upper,log_complement,additive_ebm,0.053867259797338383,0.016501494207187394,0.0356514942510275,0.0708211709421513
upper,log_complement,interaction_ebm,0.05416111066274508,0.016903345634134752,0.0363920434423746,0.0720528571364268
upper,log_complement,mean_only,-0.0004179746785248922,0.00039008082434472443,-0.0009860039760138,-6.470626581656092e-05
upper,log_complement,ols,0.0534449215541601,0.016649827924929684,0.0350482746282689,0.0705803729605554
upper,rdr,additive_ebm,0.02432002406149468,0.00788299583548827,0.0130769299475436,0.0319241713349094
upper,rdr,interaction_ebm,0.02442119124764544,0.007159474671260812,0.014360641592789,0.0311125808552483
upper,rdr,mean_only,-0.0002587939734114402,0.0002709826786308293,-0.0005932692646406,-3.675233529221167e-05
upper,rdr,ols,0.02229503040395552,0.0076333852522936394,0.0114303939311816,0.0294908232172608
