branch,response,repeat,model,mse,r_squared,prediction_min,prediction_max,best_iteration
lower,rdr,0,ols,0.0773297072011428,0.0049677158665522,1.8243851557026316,2.0239349205720014,
lower,rdr,0,mean_only,0.0777225319787622,-8.691772622970717e-05,1.9233724224847408,1.9233724224847408,
lower,rdr,0,additive_ebm,0.0772846364777832,0.005547658897958,1.8474614894910564,2.0136126289044567,[[3004]]
lower,rdr,0,interaction_ebm,0.0772861875449757,0.0055277006957719,1.8474705473912665,2.0136216868046666,"[[3004], [501]]"
lower,rdr,1,ols,0.0806007728988568,0.0050734223408573,1.842220894103418,2.0445420354556245,
lower,rdr,1,mean_only,0.0810196091835125,-9.664410273391157e-05,1.929931175443092,1.929931175443092,
lower,rdr,1,additive_ebm,0.080576468583601,0.0053734319850595,1.850567687181413,2.034757552106748,[[3324]]
lower,rdr,1,interaction_ebm,0.0805774725278769,0.0053610394135411,1.85057305698906,2.0347629219143952,"[[3324], [501]]"
lower,rdr,2,ols,0.0739692337710541,0.0057494768770642,1.8280544258381293,2.0536703433190544,
lower,rdr,2,mean_only,0.0744008570312897,-5.214672241082852e-05,1.9260236292873585,1.9260236292873585,
lower,rdr,2,additive_ebm,0.0738841393713563,0.0068932652753087,1.846126422787098,2.0293487436705973,[[3242]]
lower,rdr,2,interaction_ebm,0.0738816454977601,0.0069267864435184,1.8460956634599544,2.029681172578944,"[[3242], [501]]"
lower,rdr,3,ols,0.0780932697359179,0.0090218367092801,1.808378192458654,2.046564772029977,
lower,rdr,3,mean_only,0.0788042346759412,-7.686676695151108e-08,1.9258973668698232,1.9258973668698232,
lower,rdr,3,additive_ebm,0.078103412298872,0.008893130888135,1.827512177850585,2.032493254536752,[[2709]]
lower,rdr,3,interaction_ebm,0.0781020009249229,0.0089110407639602,1.8275331109256072,2.0325141876117736,"[[2709], [501]]"
lower,rdr,4,ols,0.0857592245125065,0.0075896772785317,1.851591143571244,2.033627487004173,
lower,rdr,4,mean_only,0.0864160804349625,-1.1494510177234574e-05,1.933038198582312,1.933038198582312,
lower,rdr,4,additive_ebm,0.0857641918965549,0.0075321944452324,1.8760358723994923,2.0141679650387863,[[2436]]
lower,rdr,4,interaction_ebm,0.0857568548967818,0.0076170985981557,1.875657128929926,2.0141291380657744,"[[2436], [502]]"
lower,log_complement,0,ols,19.595766429708075,0.0289935023570344,-10.56444892070198,-5.478151128401262,
lower,log_complement,0,mean_only,20.181421434972204,-2.678717991666524e-05,-7.767508104863761,-7.767508104863761,
lower,log_complement,0,additive_ebm,19.60530876114793,0.028520662171681,-10.381259661139437,-5.802097013420013,[[3152]]
lower,log_complement,0,interaction_ebm,19.57603733680437,0.0299711154282464,-10.36368696790162,-5.332500868080281,"[[3152], [566]]"
lower,log_complement,1,ols,43.61389037366452,0.0271720630267039,-16.512030001755903,-6.749715864798096,
lower,log_complement,1,mean_only,44.83542034764548,-7.472634149485735e-05,-11.285757956281724,-11.285757956281724,
lower,log_complement,1,additive_ebm,43.61585250786782,0.027128296718477,-15.91051483596396,-7.15610536675519,[[3375]]
lower,log_complement,1,interaction_ebm,43.580013921117725,0.0279276929226089,-16.190784215833958,-6.773628382168493,"[[3375], [636]]"
lower,log_complement,2,ols,25.748033402605387,0.0227584247413185,-12.2288567732528,-5.307806118943919,
lower,log_complement,2,mean_only,26.35073348495096,-0.0001164709320857,-8.50470458325168,-8.50470458325168,
lower,log_complement,2,additive_ebm,25.73376481949766,0.0232999749410899,-12.040664478598028,-5.44270258057516,[[4359]]
lower,log_complement,2,interaction_ebm,25.722651717530265,0.0237217619219757,-12.125000931290922,-5.481994422699283,"[[4359], [501]]"
lower,log_complement,3,ols,29.912093019313204,0.0299270185481922,-13.533227100647462,-5.319685710281108,
lower,log_complement,3,mean_only,30.83863743303613,-0.0001215541574148,-9.105803986224467,-9.105803986224467,
lower,log_complement,3,additive_ebm,29.91856886887367,0.0297170015932937,-13.307876694063069,-5.621722262968509,[[3210]]
lower,log_complement,3,interaction_ebm,29.905166974410555,0.0301516356963149,-13.313617157212583,-5.623219818847212,"[[3210], [505]]"
lower,log_complement,4,ols,77.4367507294757,0.024582819809151,-21.699915985971437,-9.908096726361954,
lower,log_complement,4,mean_only,79.47555786788723,-0.0010986233191874,-14.526375476834303,-14.526375476834303,
lower,log_complement,4,additive_ebm,77.40929614504057,0.0249286462169064,-21.379140240338977,-10.19592098386304,[[3858]]
lower,log_complement,4,interaction_ebm,77.28972209081415,0.0264348378597478,-21.529321468096036,-9.749399315237024,"[[3858], [586]]"
upper,rdr,0,ols,0.1624393269608452,0.0251913020395125,1.4879723467905552,2.000202894992124,
upper,rdr,0,mean_only,0.1667222350135608,-0.0005107006741438,1.7801801073321444,1.7801801073321444,
upper,rdr,0,additive_ebm,0.1623925751161548,0.025471862823053,1.5699698841828245,1.94261367934318,[[2444]]
upper,rdr,0,interaction_ebm,0.1623209496000769,0.0259016920853071,1.568977008977433,1.9455764421672324,"[[2444], [512]]"
upper,rdr,1,ols,0.1618926882754883,0.0174579219932589,1.443394839320686,1.9974734707809765,
upper,rdr,1,mean_only,0.1647879194927258,-0.0001135108292893,1.7986022363985237,1.7986022363985237,
upper,rdr,1,additive_ebm,0.1614589770470105,0.0200901565692783,1.4949906402567448,1.956121965497418,[[2580]]
upper,rdr,1,interaction_ebm,0.1614543469659706,0.0201182569701963,1.4950189439270494,1.9561502691677224,"[[2580], [501]]"
upper,rdr,2,ols,0.1323238103334663,0.0279047108385638,1.4266373048757708,2.014604906431336,
upper,rdr,2,mean_only,0.1362030198678693,-0.0005932692646406,1.8231435931063664,1.8231435931063664,
upper,rdr,2,additive_ebm,0.1318974360953388,0.0310369996326891,1.483923716750884,1.953525054688978,[[2424]]
upper,rdr,2,interaction_ebm,0.1319551811871316,0.0306127847346865,1.4150724772906265,1.9541160871436185,"[[2424], [505]]"
upper,rdr,3,ols,0.1757945704851388,0.0114303939311816,1.50899070009637,1.983301032789289,
upper,rdr,3,mean_only,0.1778337410607156,-3.675233529221167e-05,1.7924078261537406,1.7924078261537406,
upper,rdr,3,additive_ebm,0.1755017715866012,0.0130769299475436,1.557285364691885,1.9500542029567889,[[2647]]
upper,rdr,3,interaction_ebm,0.175273492732065,0.014360641592789,1.540803992280465,1.95493905520706,"[[2647], [561]]"
upper,rdr,4,ols,0.1605115933034668,0.0294908232172608,1.3613510382494216,2.002848042332913,
upper,rdr,4,mean_only,0.1653956246419436,-3.973676369128931e-05,1.7836586796117777,1.7836586796117777,
upper,rdr,4,additive_ebm,0.1601091441636033,0.0319241713349094,1.406562340232005,1.9737247606549224,[[2602]]
upper,rdr,4,interaction_ebm,0.1602433723441468,0.0311125808552483,1.341632831202225,1.9747074931825197,"[[2602], [507]]"
upper,log_complement,0,ols,7.1072211166801305,0.0705803729605554,-5.922959032063059,-1.397155714748337,
upper,log_complement,0,mean_only,7.654485291666495,-0.0009860039760138,-3.7676579763812144,-3.7676579763812144,
upper,log_complement,0,additive_ebm,7.105379747668908,0.0708211709421513,-5.7769480703337415,-1.4775225686634164,[[2877]]
upper,log_complement,0,interaction_ebm,7.095961110624452,0.0720528571364268,-6.042371603855379,-1.501868683750626,"[[2877], [667]]"
upper,log_complement,1,ols,6.586510135174413,0.0386845009077139,-5.509556784879798,-1.136016191546262,
upper,log_complement,1,mean_only,6.852428272096975,-0.0001268303234092,-3.920970229139786,-3.920970229139786,
upper,log_complement,1,additive_ebm,6.582769257278097,0.0392304901839977,-5.394583883094478,-1.2065001116023604,[[3659]]
upper,log_complement,1,interaction_ebm,6.588512515024376,0.0383922492075974,-5.421618421827628,-1.2113304138100145,"[[3659], [653]]"
upper,log_complement,2,ols,7.221512355304408,0.0695362821169376,-6.342949463905527,-1.2951162790687012,
upper,log_complement,2,mean_only,7.766225533931426,-0.0006478876841304,-4.165119723437136,-4.165119723437136,
upper,log_complement,2,additive_ebm,7.219015259772893,0.0698580231426184,-6.2293626684602295,-1.35472922589,[[3421]]
upper,log_complement,2,interaction_ebm,7.216129884677855,0.0702297924765646,-6.370309702195605,-1.3204579168930914,"[[3421], [583]]"
upper,log_complement,3,ols,7.787970664749267,0.0350482746282689,-5.884326940754136,-1.492504807027948,
upper,log_complement,3,mean_only,8.072973964336292,-0.0002644451432545,-4.031696933145796,-4.031696933145796,
upper,log_complement,3,additive_ebm,7.783102175888194,0.0356514942510275,-5.728656574339716,-1.674248966605175,[[3439]]
upper,log_complement,3,interaction_ebm,7.777125322097095,0.0363920434423746,-5.933541294071498,-1.7030532157996283,"[[3439], [599]]"
upper,log_complement,4,ols,5.976947978873112,0.0533751771573247,-5.300444454915498,-0.6417457153814703,
upper,log_complement,4,mean_only,6.314365079618466,-6.470626581656092e-05,-3.589745996157411,-3.589745996157411,
upper,log_complement,4,additive_ebm,5.974422754203181,0.053775120466897,-5.16069293857031,-0.8056403886208354,[[3249]]
upper,log_complement,4,interaction_ebm,5.974653273069486,0.053738611050762,-5.079868020702164,-0.7092456066465047,"[[3249], [634]]"
