branch,response,repeat,term,order,mean_abs_centered_train,members
lower,rdr,0,5_o_Clock_Shadow,1,0.0045331356141633,"[""5_o_Clock_Shadow""]"
lower,rdr,0,Arched_Eyebrows,1,0.0032478782892424,"[""Arched_Eyebrows""]"
lower,rdr,0,Attractive,1,0.0013854822951462,"[""Attractive""]"
lower,rdr,0,Bags_Under_Eyes,1,0.0058620681036531,"[""Bags_Under_Eyes""]"
lower,rdr,0,Bald,1,0.0,"[""Bald""]"
lower,rdr,0,Bangs,1,0.001535766201526,"[""Bangs""]"
lower,rdr,0,Big_Lips,1,0.0013267109053718,"[""Big_Lips""]"
lower,rdr,0,Big_Nose,1,3.0478295222104665e-05,"[""Big_Nose""]"
lower,rdr,0,Black_Hair,1,0.0019261729227898,"[""Black_Hair""]"
lower,rdr,0,Blond_Hair,1,0.0004091814405778,"[""Blond_Hair""]"
lower,rdr,0,Blurry,1,0.003980533078652,"[""Blurry""]"
lower,rdr,0,Brown_Hair,1,0.0049125044810532,"[""Brown_Hair""]"
lower,rdr,0,Bushy_Eyebrows,1,0.0008415389593572,"[""Bushy_Eyebrows""]"
lower,rdr,0,Chubby,1,0.0005921099352343,"[""Chubby""]"
lower,rdr,0,Double_Chin,1,0.0006665403056522,"[""Double_Chin""]"
lower,rdr,0,Eyeglasses,1,0.0013151502734075,"[""Eyeglasses""]"
lower,rdr,0,Goatee,1,0.0,"[""Goatee""]"
lower,rdr,0,Gray_Hair,1,9.275895472079071e-05,"[""Gray_Hair""]"
lower,rdr,0,Heavy_Makeup,1,3.061624312276824e-05,"[""Heavy_Makeup""]"
lower,rdr,0,High_Cheekbones,1,0.0,"[""High_Cheekbones""]"
lower,rdr,0,Male,1,0.0063751536760528,"[""Male""]"
lower,rdr,0,Mouth_Slightly_Open,1,0.007027460198083,"[""Mouth_Slightly_Open""]"
lower,rdr,0,Mustache,1,0.0013827045817055,"[""Mustache""]"
lower,rdr,0,Narrow_Eyes,1,2.208316900336851e-05,"[""Narrow_Eyes""]"
lower,rdr,0,No_Beard,1,0.0011623469878397,"[""No_Beard""]"
lower,rdr,0,Oval_Face,1,0.0004278685823334,"[""Oval_Face""]"
lower,rdr,0,Pale_Skin,1,0.0011791535497312,"[""Pale_Skin""]"
lower,rdr,0,Pointy_Nose,1,0.0016725622833762,"[""Pointy_Nose""]"
lower,rdr,0,Receding_Hairline,1,0.0016939434895594,"[""Receding_Hairline""]"
lower,rdr,0,Rosy_Cheeks,1,0.0,"[""Rosy_Cheeks""]"
lower,rdr,0,Sideburns,1,1.3874103497687916e-05,"[""Sideburns""]"
lower,rdr,0,Smiling,1,0.0078860812739747,"[""Smiling""]"
lower,rdr,0,Straight_Hair,1,0.0011960149061237,"[""Straight_Hair""]"
lower,rdr,0,Wavy_Hair,1,0.0028083876478336,"[""Wavy_Hair""]"
lower,rdr,0,Wearing_Earrings,1,0.0003460741911731,"[""Wearing_Earrings""]"
lower,rdr,0,Wearing_Hat,1,0.0029885077775167,"[""Wearing_Hat""]"
lower,rdr,0,Wearing_Lipstick,1,7.557257093442811e-05,"[""Wearing_Lipstick""]"
lower,rdr,0,Wearing_Necklace,1,0.0008724060498219,"[""Wearing_Necklace""]"
lower,rdr,0,Wearing_Necktie,1,0.0005110757629232,"[""Wearing_Necktie""]"
lower,rdr,0,Young,1,0.0,"[""Young""]"
lower,rdr,0,5_o_Clock_Shadow & Sideburns,2,6.332449693969783e-05,"[""5_o_Clock_Shadow"", ""Sideburns""]"
lower,rdr,0,5_o_Clock_Shadow & Straight_Hair,2,0.0,"[""5_o_Clock_Shadow"", ""Straight_Hair""]"
lower,rdr,0,5_o_Clock_Shadow & Wavy_Hair,2,0.0,"[""5_o_Clock_Shadow"", ""Wavy_Hair""]"
lower,rdr,0,5_o_Clock_Shadow & Wearing_Necktie,2,0.0,"[""5_o_Clock_Shadow"", ""Wearing_Necktie""]"
lower,rdr,0,Bags_Under_Eyes & Oval_Face,2,0.0,"[""Bags_Under_Eyes"", ""Oval_Face""]"
lower,rdr,0,Big_Lips & Bushy_Eyebrows,2,0.0,"[""Big_Lips"", ""Bushy_Eyebrows""]"
lower,rdr,0,Mouth_Slightly_Open & Young,2,0.0,"[""Mouth_Slightly_Open"", ""Young""]"
lower,rdr,0,No_Beard & Straight_Hair,2,0.0,"[""No_Beard"", ""Straight_Hair""]"
lower,rdr,0,Rosy_Cheeks & Wearing_Earrings,2,0.0,"[""Rosy_Cheeks"", ""Wearing_Earrings""]"
lower,rdr,0,Sideburns & Young,2,0.0,"[""Sideburns"", ""Young""]"
lower,rdr,1,5_o_Clock_Shadow,1,0.0051950626649104,"[""5_o_Clock_Shadow""]"
lower,rdr,1,Arched_Eyebrows,1,0.0025487204556141,"[""Arched_Eyebrows""]"
lower,rdr,1,Attractive,1,0.0031407952202606,"[""Attractive""]"
lower,rdr,1,Bags_Under_Eyes,1,0.0051162743597835,"[""Bags_Under_Eyes""]"
lower,rdr,1,Bald,1,0.0001040250831847,"[""Bald""]"
lower,rdr,1,Bangs,1,0.0013113732064,"[""Bangs""]"
lower,rdr,1,Big_Lips,1,0.0002852366554675,"[""Big_Lips""]"
lower,rdr,1,Big_Nose,1,0.0009782580825897,"[""Big_Nose""]"
lower,rdr,1,Black_Hair,1,0.0034953754388795,"[""Black_Hair""]"
lower,rdr,1,Blond_Hair,1,0.0016178642435272,"[""Blond_Hair""]"
lower,rdr,1,Blurry,1,0.003949305214438,"[""Blurry""]"
lower,rdr,1,Brown_Hair,1,0.0028401392275588,"[""Brown_Hair""]"
lower,rdr,1,Bushy_Eyebrows,1,0.0022545566081565,"[""Bushy_Eyebrows""]"
lower,rdr,1,Chubby,1,0.0,"[""Chubby""]"
lower,rdr,1,Double_Chin,1,0.0007580258829922,"[""Double_Chin""]"
lower,rdr,1,Eyeglasses,1,0.0012375968371791,"[""Eyeglasses""]"
lower,rdr,1,Goatee,1,0.0002110586460508,"[""Goatee""]"
lower,rdr,1,Gray_Hair,1,0.0002423530988729,"[""Gray_Hair""]"
lower,rdr,1,Heavy_Makeup,1,0.00151296242521,"[""Heavy_Makeup""]"
lower,rdr,1,High_Cheekbones,1,3.8878735029207065e-05,"[""High_Cheekbones""]"
lower,rdr,1,Male,1,0.0095746454671413,"[""Male""]"
lower,rdr,1,Mouth_Slightly_Open,1,0.0092853357924745,"[""Mouth_Slightly_Open""]"
lower,rdr,1,Mustache,1,0.000457572913474,"[""Mustache""]"
lower,rdr,1,Narrow_Eyes,1,0.0,"[""Narrow_Eyes""]"
lower,rdr,1,No_Beard,1,0.0046893250712686,"[""No_Beard""]"
lower,rdr,1,Oval_Face,1,0.0019495402183349,"[""Oval_Face""]"
lower,rdr,1,Pale_Skin,1,0.0002251966807226,"[""Pale_Skin""]"
lower,rdr,1,Pointy_Nose,1,0.0030726715779199,"[""Pointy_Nose""]"
lower,rdr,1,Receding_Hairline,1,0.0024373894376639,"[""Receding_Hairline""]"
lower,rdr,1,Rosy_Cheeks,1,0.0002992196457942,"[""Rosy_Cheeks""]"
lower,rdr,1,Sideburns,1,0.0010119621347633,"[""Sideburns""]"
lower,rdr,1,Smiling,1,0.0029858103016083,"[""Smiling""]"
lower,rdr,1,Straight_Hair,1,0.0018720658030785,"[""Straight_Hair""]"
lower,rdr,1,Wavy_Hair,1,0.0066928481852534,"[""Wavy_Hair""]"
lower,rdr,1,Wearing_Earrings,1,0.0041759842683045,"[""Wearing_Earrings""]"
lower,rdr,1,Wearing_Hat,1,0.0003216073513476,"[""Wearing_Hat""]"
lower,rdr,1,Wearing_Lipstick,1,0.0,"[""Wearing_Lipstick""]"
lower,rdr,1,Wearing_Necklace,1,0.0016657328054354,"[""Wearing_Necklace""]"
lower,rdr,1,Wearing_Necktie,1,0.0026190734672197,"[""Wearing_Necktie""]"
lower,rdr,1,Young,1,0.0001303121356679,"[""Young""]"
lower,rdr,1,5_o_Clock_Shadow & Sideburns,2,7.170426761878659e-05,"[""5_o_Clock_Shadow"", ""Sideburns""]"
lower,rdr,1,5_o_Clock_Shadow & Straight_Hair,2,0.0,"[""5_o_Clock_Shadow"", ""Straight_Hair""]"
lower,rdr,1,5_o_Clock_Shadow & Wavy_Hair,2,0.0,"[""5_o_Clock_Shadow"", ""Wavy_Hair""]"
lower,rdr,1,Bags_Under_Eyes & Oval_Face,2,0.0,"[""Bags_Under_Eyes"", ""Oval_Face""]"
lower,rdr,1,Bangs & Brown_Hair,2,0.0,"[""Bangs"", ""Brown_Hair""]"
lower,rdr,1,Big_Lips & Bushy_Eyebrows,2,0.0,"[""Big_Lips"", ""Bushy_Eyebrows""]"
lower,rdr,1,Male & Straight_Hair,2,0.0,"[""Male"", ""Straight_Hair""]"
lower,rdr,1,No_Beard & Straight_Hair,2,0.0,"[""No_Beard"", ""Straight_Hair""]"
lower,rdr,1,Rosy_Cheeks & Wearing_Earrings,2,0.0,"[""Rosy_Cheeks"", ""Wearing_Earrings""]"
lower,rdr,1,Rosy_Cheeks & Young,2,0.0,"[""Rosy_Cheeks"", ""Young""]"
lower,rdr,2,5_o_Clock_Shadow,1,0.0044401942958784,"[""5_o_Clock_Shadow""]"
lower,rdr,2,Arched_Eyebrows,1,0.0018487037072722,"[""Arched_Eyebrows""]"
lower,rdr,2,Attractive,1,0.0024305483420209,"[""Attractive""]"
lower,rdr,2,Bags_Under_Eyes,1,0.0071108225209121,"[""Bags_Under_Eyes""]"
lower,rdr,2,Bald,1,0.0,"[""Bald""]"
lower,rdr,2,Bangs,1,0.0030609557863464,"[""Bangs""]"
lower,rdr,2,Big_Lips,1,0.0,"[""Big_Lips""]"
lower,rdr,2,Big_Nose,1,0.0018206829868761,"[""Big_Nose""]"
lower,rdr,2,Black_Hair,1,0.0054562038401024,"[""Black_Hair""]"
lower,rdr,2,Blond_Hair,1,0.0029108870430614,"[""Blond_Hair""]"
lower,rdr,2,Blurry,1,0.0032157061323411,"[""Blurry""]"
lower,rdr,2,Brown_Hair,1,0.0040162266663466,"[""Brown_Hair""]"
lower,rdr,2,Bushy_Eyebrows,1,0.000465174387649,"[""Bushy_Eyebrows""]"
lower,rdr,2,Chubby,1,0.0,"[""Chubby""]"
lower,rdr,2,Double_Chin,1,0.0010747559337359,"[""Double_Chin""]"
lower,rdr,2,Eyeglasses,1,0.0023225818047634,"[""Eyeglasses""]"
lower,rdr,2,Goatee,1,0.0005297601636551,"[""Goatee""]"
lower,rdr,2,Gray_Hair,1,0.0003741591316467,"[""Gray_Hair""]"
lower,rdr,2,Heavy_Makeup,1,3.0251080285857964e-05,"[""Heavy_Makeup""]"
lower,rdr,2,High_Cheekbones,1,0.0013955945404727,"[""High_Cheekbones""]"
lower,rdr,2,Male,1,0.0103830509684842,"[""Male""]"
lower,rdr,2,Mouth_Slightly_Open,1,0.0054597229429564,"[""Mouth_Slightly_Open""]"
lower,rdr,2,Mustache,1,0.0007366198206828,"[""Mustache""]"
lower,rdr,2,Narrow_Eyes,1,0.0008932740545072,"[""Narrow_Eyes""]"
lower,rdr,2,No_Beard,1,0.0052137373856183,"[""No_Beard""]"
lower,rdr,2,Oval_Face,1,0.0018891089727891,"[""Oval_Face""]"
lower,rdr,2,Pale_Skin,1,0.0,"[""Pale_Skin""]"
lower,rdr,2,Pointy_Nose,1,0.0029621775057009,"[""Pointy_Nose""]"
lower,rdr,2,Receding_Hairline,1,0.0023596098851999,"[""Receding_Hairline""]"
lower,rdr,2,Rosy_Cheeks,1,0.0001937650601671,"[""Rosy_Cheeks""]"
lower,rdr,2,Sideburns,1,1.46747398013744e-05,"[""Sideburns""]"
lower,rdr,2,Smiling,1,0.0031232582470687,"[""Smiling""]"
lower,rdr,2,Straight_Hair,1,0.0004406064882528,"[""Straight_Hair""]"
lower,rdr,2,Wavy_Hair,1,0.0062888015956601,"[""Wavy_Hair""]"
lower,rdr,2,Wearing_Earrings,1,0.0,"[""Wearing_Earrings""]"
lower,rdr,2,Wearing_Hat,1,0.0018075966790771,"[""Wearing_Hat""]"
lower,rdr,2,Wearing_Lipstick,1,7.457978727308129e-05,"[""Wearing_Lipstick""]"
lower,rdr,2,Wearing_Necklace,1,0.0020401756633535,"[""Wearing_Necklace""]"
lower,rdr,2,Wearing_Necktie,1,0.0040794961478884,"[""Wearing_Necktie""]"
lower,rdr,2,Young,1,0.0005164249768285,"[""Young""]"
lower,rdr,2,5_o_Clock_Shadow & Narrow_Eyes,2,0.0001306324899434,"[""5_o_Clock_Shadow"", ""Narrow_Eyes""]"
lower,rdr,2,5_o_Clock_Shadow & Sideburns,2,0.0,"[""5_o_Clock_Shadow"", ""Sideburns""]"
lower,rdr,2,5_o_Clock_Shadow & Straight_Hair,2,0.0,"[""5_o_Clock_Shadow"", ""Straight_Hair""]"
lower,rdr,2,Bags_Under_Eyes & Oval_Face,2,0.0,"[""Bags_Under_Eyes"", ""Oval_Face""]"
lower,rdr,2,Big_Lips & Bushy_Eyebrows,2,0.0003167145305993,"[""Big_Lips"", ""Bushy_Eyebrows""]"
lower,rdr,2,Big_Nose & Narrow_Eyes,2,0.0,"[""Big_Nose"", ""Narrow_Eyes""]"
lower,rdr,2,High_Cheekbones & Young,2,0.0002596658255359,"[""High_Cheekbones"", ""Young""]"
lower,rdr,2,Male & Straight_Hair,2,0.0,"[""Male"", ""Straight_Hair""]"
lower,rdr,2,Mouth_Slightly_Open & Young,2,0.0,"[""Mouth_Slightly_Open"", ""Young""]"
lower,rdr,2,Narrow_Eyes & Sideburns,2,0.0001552956851742,"[""Narrow_Eyes"", ""Sideburns""]"
lower,rdr,3,5_o_Clock_Shadow,1,0.0043184339852302,"[""5_o_Clock_Shadow""]"
lower,rdr,3,Arched_Eyebrows,1,0.0035712746438381,"[""Arched_Eyebrows""]"
lower,rdr,3,Attractive,1,0.0058047065689838,"[""Attractive""]"
lower,rdr,3,Bags_Under_Eyes,1,0.0060420203782922,"[""Bags_Under_Eyes""]"
lower,rdr,3,Bald,1,0.0,"[""Bald""]"
lower,rdr,3,Bangs,1,0.0025461396313259,"[""Bangs""]"
lower,rdr,3,Big_Lips,1,0.0012007150531275,"[""Big_Lips""]"
lower,rdr,3,Big_Nose,1,5.302780530825195e-05,"[""Big_Nose""]"
lower,rdr,3,Black_Hair,1,0.0018515164502374,"[""Black_Hair""]"
lower,rdr,3,Blond_Hair,1,2.2615753153930704e-05,"[""Blond_Hair""]"
lower,rdr,3,Blurry,1,0.0034006293571191,"[""Blurry""]"
lower,rdr,3,Brown_Hair,1,0.0054629763478203,"[""Brown_Hair""]"
lower,rdr,3,Bushy_Eyebrows,1,0.0027977319524547,"[""Bushy_Eyebrows""]"
lower,rdr,3,Chubby,1,0.0005570274202844,"[""Chubby""]"
lower,rdr,3,Double_Chin,1,0.0003315805463111,"[""Double_Chin""]"
lower,rdr,3,Eyeglasses,1,0.0005250644853979,"[""Eyeglasses""]"
lower,rdr,3,Goatee,1,1.7128234886814876e-05,"[""Goatee""]"
lower,rdr,3,Gray_Hair,1,0.0,"[""Gray_Hair""]"
lower,rdr,3,Heavy_Makeup,1,1.4093877576955626e-05,"[""Heavy_Makeup""]"
lower,rdr,3,High_Cheekbones,1,8.322877435923542e-05,"[""High_Cheekbones""]"
lower,rdr,3,Male,1,0.0128483730853048,"[""Male""]"
lower,rdr,3,Mouth_Slightly_Open,1,0.0066431641656666,"[""Mouth_Slightly_Open""]"
lower,rdr,3,Mustache,1,0.0018835411012783,"[""Mustache""]"
lower,rdr,3,Narrow_Eyes,1,0.0005347075266315,"[""Narrow_Eyes""]"
lower,rdr,3,No_Beard,1,0.0027347712768541,"[""No_Beard""]"
lower,rdr,3,Oval_Face,1,0.0020835398303351,"[""Oval_Face""]"
lower,rdr,3,Pale_Skin,1,0.0003665690611165,"[""Pale_Skin""]"
lower,rdr,3,Pointy_Nose,1,0.0023918451066778,"[""Pointy_Nose""]"
lower,rdr,3,Receding_Hairline,1,0.0015047723246613,"[""Receding_Hairline""]"
lower,rdr,3,Rosy_Cheeks,1,0.0004954203649633,"[""Rosy_Cheeks""]"
lower,rdr,3,Sideburns,1,1.9594756744892392e-05,"[""Sideburns""]"
lower,rdr,3,Smiling,1,9.06142966019566e-05,"[""Smiling""]"
lower,rdr,3,Straight_Hair,1,0.0032791370264208,"[""Straight_Hair""]"
lower,rdr,3,Wavy_Hair,1,0.0024676499725882,"[""Wavy_Hair""]"
lower,rdr,3,Wearing_Earrings,1,1.2617432704696612e-05,"[""Wearing_Earrings""]"
lower,rdr,3,Wearing_Hat,1,0.0028993250999596,"[""Wearing_Hat""]"
lower,rdr,3,Wearing_Lipstick,1,3.700571875523113e-05,"[""Wearing_Lipstick""]"
lower,rdr,3,Wearing_Necklace,1,0.0020284393055868,"[""Wearing_Necklace""]"
lower,rdr,3,Wearing_Necktie,1,0.0014288983731173,"[""Wearing_Necktie""]"
lower,rdr,3,Young,1,0.0005746836561406,"[""Young""]"
lower,rdr,3,5_o_Clock_Shadow & Straight_Hair,2,0.0,"[""5_o_Clock_Shadow"", ""Straight_Hair""]"
lower,rdr,3,5_o_Clock_Shadow & Wavy_Hair,2,0.0,"[""5_o_Clock_Shadow"", ""Wavy_Hair""]"
lower,rdr,3,Bags_Under_Eyes & Oval_Face,2,0.0,"[""Bags_Under_Eyes"", ""Oval_Face""]"
lower,rdr,3,Big_Lips & Bushy_Eyebrows,2,0.0,"[""Big_Lips"", ""Bushy_Eyebrows""]"
lower,rdr,3,Blond_Hair & Straight_Hair,2,0.0001374062551789,"[""Blond_Hair"", ""Straight_Hair""]"
lower,rdr,3,Bushy_Eyebrows & Young,2,0.0,"[""Bushy_Eyebrows"", ""Young""]"
lower,rdr,3,Double_Chin & Receding_Hairline,2,0.0,"[""Double_Chin"", ""Receding_Hairline""]"
lower,rdr,3,High_Cheekbones & Young,2,0.0,"[""High_Cheekbones"", ""Young""]"
lower,rdr,3,Oval_Face & Rosy_Cheeks,2,0.0,"[""Oval_Face"", ""Rosy_Cheeks""]"
lower,rdr,3,Rosy_Cheeks & Wearing_Earrings,2,0.0,"[""Rosy_Cheeks"", ""Wearing_Earrings""]"
lower,rdr,4,5_o_Clock_Shadow,1,0.0009676534051639,"[""5_o_Clock_Shadow""]"
lower,rdr,4,Arched_Eyebrows,1,0.0043909311742644,"[""Arched_Eyebrows""]"
lower,rdr,4,Attractive,1,0.0053896640970078,"[""Attractive""]"
lower,rdr,4,Bags_Under_Eyes,1,0.0052503429653344,"[""Bags_Under_Eyes""]"
lower,rdr,4,Bald,1,1.374744838459225e-05,"[""Bald""]"
lower,rdr,4,Bangs,1,0.001094746176211,"[""Bangs""]"
lower,rdr,4,Big_Lips,1,0.0,"[""Big_Lips""]"
lower,rdr,4,Big_Nose,1,0.0,"[""Big_Nose""]"
lower,rdr,4,Black_Hair,1,0.0004581599053398,"[""Black_Hair""]"
lower,rdr,4,Blond_Hair,1,0.001550171499873,"[""Blond_Hair""]"
lower,rdr,4,Blurry,1,0.003395245236003,"[""Blurry""]"
lower,rdr,4,Brown_Hair,1,0.0032637617469991,"[""Brown_Hair""]"
lower,rdr,4,Bushy_Eyebrows,1,0.0025239517207118,"[""Bushy_Eyebrows""]"
lower,rdr,4,Chubby,1,4.2143100624739496e-06,"[""Chubby""]"
lower,rdr,4,Double_Chin,1,0.0,"[""Double_Chin""]"
lower,rdr,4,Eyeglasses,1,8.664218730795303e-05,"[""Eyeglasses""]"
lower,rdr,4,Goatee,1,2.570961143826076e-05,"[""Goatee""]"
lower,rdr,4,Gray_Hair,1,0.0,"[""Gray_Hair""]"
lower,rdr,4,Heavy_Makeup,1,0.0002133941189821,"[""Heavy_Makeup""]"
lower,rdr,4,High_Cheekbones,1,0.0015906225240807,"[""High_Cheekbones""]"
lower,rdr,4,Male,1,1.6925346694879012e-07,"[""Male""]"
lower,rdr,4,Mouth_Slightly_Open,1,0.0063423893362195,"[""Mouth_Slightly_Open""]"
lower,rdr,4,Mustache,1,0.0011137795968949,"[""Mustache""]"
lower,rdr,4,Narrow_Eyes,1,0.0,"[""Narrow_Eyes""]"
lower,rdr,4,No_Beard,1,0.0004263059631024,"[""No_Beard""]"
lower,rdr,4,Oval_Face,1,0.0,"[""Oval_Face""]"
lower,rdr,4,Pale_Skin,1,0.0,"[""Pale_Skin""]"
lower,rdr,4,Pointy_Nose,1,0.0,"[""Pointy_Nose""]"
lower,rdr,4,Receding_Hairline,1,0.0010054090201797,"[""Receding_Hairline""]"
lower,rdr,4,Rosy_Cheeks,1,8.256703653335775e-06,"[""Rosy_Cheeks""]"
lower,rdr,4,Sideburns,1,0.0,"[""Sideburns""]"
lower,rdr,4,Smiling,1,0.0018965783573673,"[""Smiling""]"
lower,rdr,4,Straight_Hair,1,0.0002935118242511,"[""Straight_Hair""]"
lower,rdr,4,Wavy_Hair,1,0.004339428836439,"[""Wavy_Hair""]"
lower,rdr,4,Wearing_Earrings,1,2.9055183848690888e-05,"[""Wearing_Earrings""]"
lower,rdr,4,Wearing_Hat,1,0.0019285776372179,"[""Wearing_Hat""]"
lower,rdr,4,Wearing_Lipstick,1,0.0002569100604599,"[""Wearing_Lipstick""]"
lower,rdr,4,Wearing_Necklace,1,0.0021639769150026,"[""Wearing_Necklace""]"
lower,rdr,4,Wearing_Necktie,1,0.00048400560962,"[""Wearing_Necktie""]"
lower,rdr,4,Young,1,0.0001588446069256,"[""Young""]"
lower,rdr,4,5_o_Clock_Shadow & Narrow_Eyes,2,0.0,"[""5_o_Clock_Shadow"", ""Narrow_Eyes""]"
lower,rdr,4,5_o_Clock_Shadow & Sideburns,2,0.0001844007223785,"[""5_o_Clock_Shadow"", ""Sideburns""]"
lower,rdr,4,Bags_Under_Eyes & Wearing_Lipstick,2,0.0003855351541408,"[""Bags_Under_Eyes"", ""Wearing_Lipstick""]"
lower,rdr,4,Big_Lips & Bushy_Eyebrows,2,0.0005011882370743,"[""Big_Lips"", ""Bushy_Eyebrows""]"
lower,rdr,4,Blond_Hair & Straight_Hair,2,0.0,"[""Blond_Hair"", ""Straight_Hair""]"
lower,rdr,4,Heavy_Makeup & High_Cheekbones,2,0.0,"[""Heavy_Makeup"", ""High_Cheekbones""]"
lower,rdr,4,High_Cheekbones & Male,2,0.0,"[""High_Cheekbones"", ""Male""]"
lower,rdr,4,High_Cheekbones & Wearing_Lipstick,2,0.0,"[""High_Cheekbones"", ""Wearing_Lipstick""]"
lower,rdr,4,Narrow_Eyes & Sideburns,2,0.0,"[""Narrow_Eyes"", ""Sideburns""]"
lower,rdr,4,Rosy_Cheeks & Wearing_Earrings,2,0.0,"[""Rosy_Cheeks"", ""Wearing_Earrings""]"
lower,log_complement,0,5_o_Clock_Shadow,1,0.0635078563377828,"[""5_o_Clock_Shadow""]"
lower,log_complement,0,Arched_Eyebrows,1,0.0950673806358718,"[""Arched_Eyebrows""]"
lower,log_complement,0,Attractive,1,0.0455265855214324,"[""Attractive""]"
lower,log_complement,0,Bags_Under_Eyes,1,0.1433564404466452,"[""Bags_Under_Eyes""]"
lower,log_complement,0,Bald,1,1.9853473363976663e-05,"[""Bald""]"
lower,log_complement,0,Bangs,1,0.0004210050189889,"[""Bangs""]"
lower,log_complement,0,Big_Lips,1,0.0544199711011855,"[""Big_Lips""]"
lower,log_complement,0,Big_Nose,1,0.0008470850350694,"[""Big_Nose""]"
lower,log_complement,0,Black_Hair,1,0.0110020736743805,"[""Black_Hair""]"
lower,log_complement,0,Blond_Hair,1,0.0045245702052883,"[""Blond_Hair""]"
lower,log_complement,0,Blurry,1,0.133999439517402,"[""Blurry""]"
lower,log_complement,0,Brown_Hair,1,0.1390615857692633,"[""Brown_Hair""]"
lower,log_complement,0,Bushy_Eyebrows,1,0.0354245922120152,"[""Bushy_Eyebrows""]"
lower,log_complement,0,Chubby,1,0.0002495657266197,"[""Chubby""]"
lower,log_complement,0,Double_Chin,1,0.0206087920662369,"[""Double_Chin""]"
lower,log_complement,0,Eyeglasses,1,0.0272868597867626,"[""Eyeglasses""]"
lower,log_complement,0,Goatee,1,0.0079349742829846,"[""Goatee""]"
lower,log_complement,0,Gray_Hair,1,0.0280716457726159,"[""Gray_Hair""]"
lower,log_complement,0,Heavy_Makeup,1,0.0085502777583154,"[""Heavy_Makeup""]"
lower,log_complement,0,High_Cheekbones,1,0.0260055462013394,"[""High_Cheekbones""]"
lower,log_complement,0,Male,1,0.4173505705971317,"[""Male""]"
lower,log_complement,0,Mouth_Slightly_Open,1,0.1828953522940088,"[""Mouth_Slightly_Open""]"
lower,log_complement,0,Mustache,1,0.0175208421311923,"[""Mustache""]"
lower,log_complement,0,Narrow_Eyes,1,0.0269442389357006,"[""Narrow_Eyes""]"
lower,log_complement,0,No_Beard,1,0.0844703037073434,"[""No_Beard""]"
lower,log_complement,0,Oval_Face,1,0.0678781390896356,"[""Oval_Face""]"
lower,log_complement,0,Pale_Skin,1,0.0302526915275836,"[""Pale_Skin""]"
lower,log_complement,0,Pointy_Nose,1,0.0161940553907771,"[""Pointy_Nose""]"
lower,log_complement,0,Receding_Hairline,1,2.657251177441032e-05,"[""Receding_Hairline""]"
lower,log_complement,0,Rosy_Cheeks,1,0.0167180465295166,"[""Rosy_Cheeks""]"
lower,log_complement,0,Sideburns,1,0.0068655301152628,"[""Sideburns""]"
lower,log_complement,0,Smiling,1,0.2676851307921014,"[""Smiling""]"
lower,log_complement,0,Straight_Hair,1,0.0040373781111576,"[""Straight_Hair""]"
lower,log_complement,0,Wavy_Hair,1,0.0554210780802731,"[""Wavy_Hair""]"
lower,log_complement,0,Wearing_Earrings,1,0.0365634628818138,"[""Wearing_Earrings""]"
lower,log_complement,0,Wearing_Hat,1,0.0438584363538662,"[""Wearing_Hat""]"
lower,log_complement,0,Wearing_Lipstick,1,0.0152493881206434,"[""Wearing_Lipstick""]"
lower,log_complement,0,Wearing_Necklace,1,0.0159557562108226,"[""Wearing_Necklace""]"
lower,log_complement,0,Wearing_Necktie,1,0.0168697493231002,"[""Wearing_Necktie""]"
lower,log_complement,0,Young,1,0.0002024541799666,"[""Young""]"
lower,log_complement,0,Arched_Eyebrows & Smiling,2,0.0157613204692145,"[""Arched_Eyebrows"", ""Smiling""]"
lower,log_complement,0,Big_Lips & Mouth_Slightly_Open,2,0.0244827559133575,"[""Big_Lips"", ""Mouth_Slightly_Open""]"
lower,log_complement,0,Heavy_Makeup & High_Cheekbones,2,0.041377354374842,"[""Heavy_Makeup"", ""High_Cheekbones""]"
lower,log_complement,0,Heavy_Makeup & Wavy_Hair,2,0.0032847020845926,"[""Heavy_Makeup"", ""Wavy_Hair""]"
lower,log_complement,0,High_Cheekbones & Wearing_Lipstick,2,0.0090633482320959,"[""High_Cheekbones"", ""Wearing_Lipstick""]"
lower,log_complement,0,Male & Wavy_Hair,2,0.0152593244223493,"[""Male"", ""Wavy_Hair""]"
lower,log_complement,0,Mouth_Slightly_Open & Young,2,0.0311010410933345,"[""Mouth_Slightly_Open"", ""Young""]"
lower,log_complement,0,Smiling & Wearing_Lipstick,2,0.0032697616309228,"[""Smiling"", ""Wearing_Lipstick""]"
lower,log_complement,0,Smiling & Young,2,0.0101327480683107,"[""Smiling"", ""Young""]"
lower,log_complement,0,Wavy_Hair & Wearing_Lipstick,2,0.0318966251110937,"[""Wavy_Hair"", ""Wearing_Lipstick""]"
lower,log_complement,1,5_o_Clock_Shadow,1,0.2114582400454477,"[""5_o_Clock_Shadow""]"
lower,log_complement,1,Arched_Eyebrows,1,0.1234049999148328,"[""Arched_Eyebrows""]"
lower,log_complement,1,Attractive,1,0.1989274320969604,"[""Attractive""]"
lower,log_complement,1,Bags_Under_Eyes,1,0.2266761192278044,"[""Bags_Under_Eyes""]"
lower,log_complement,1,Bald,1,0.0168221070455821,"[""Bald""]"
lower,log_complement,1,Bangs,1,0.1438317881713165,"[""Bangs""]"
lower,log_complement,1,Big_Lips,1,0.1239669428059985,"[""Big_Lips""]"
lower,log_complement,1,Big_Nose,1,0.0264821750716168,"[""Big_Nose""]"
lower,log_complement,1,Black_Hair,1,0.0966389689184283,"[""Black_Hair""]"
lower,log_complement,1,Blond_Hair,1,0.0044637252816496,"[""Blond_Hair""]"
lower,log_complement,1,Blurry,1,0.1896137897011422,"[""Blurry""]"
lower,log_complement,1,Brown_Hair,1,0.2148057096012656,"[""Brown_Hair""]"
lower,log_complement,1,Bushy_Eyebrows,1,0.1241139714696992,"[""Bushy_Eyebrows""]"
lower,log_complement,1,Chubby,1,0.0,"[""Chubby""]"
lower,log_complement,1,Double_Chin,1,0.0442201528599399,"[""Double_Chin""]"
lower,log_complement,1,Eyeglasses,1,0.0030020914790732,"[""Eyeglasses""]"
lower,log_complement,1,Goatee,1,0.0313910767537346,"[""Goatee""]"
lower,log_complement,1,Gray_Hair,1,0.0590355103686773,"[""Gray_Hair""]"
lower,log_complement,1,Heavy_Makeup,1,0.0002226931747959,"[""Heavy_Makeup""]"
lower,log_complement,1,High_Cheekbones,1,0.0021934984586532,"[""High_Cheekbones""]"
lower,log_complement,1,Male,1,0.7023072303129265,"[""Male""]"
lower,log_complement,1,Mouth_Slightly_Open,1,0.2613402934400185,"[""Mouth_Slightly_Open""]"
lower,log_complement,1,Mustache,1,0.0610031243656686,"[""Mustache""]"
lower,log_complement,1,Narrow_Eyes,1,0.0799292335672166,"[""Narrow_Eyes""]"
lower,log_complement,1,No_Beard,1,0.2181857708136029,"[""No_Beard""]"
lower,log_complement,1,Oval_Face,1,0.2059371006971791,"[""Oval_Face""]"
lower,log_complement,1,Pale_Skin,1,0.0014489549611089,"[""Pale_Skin""]"
lower,log_complement,1,Pointy_Nose,1,0.0568449188690228,"[""Pointy_Nose""]"
lower,log_complement,1,Receding_Hairline,1,0.0045188345565727,"[""Receding_Hairline""]"
lower,log_complement,1,Rosy_Cheeks,1,0.0051699273218701,"[""Rosy_Cheeks""]"
lower,log_complement,1,Sideburns,1,0.0174645130785441,"[""Sideburns""]"
lower,log_complement,1,Smiling,1,0.0738244744568427,"[""Smiling""]"
lower,log_complement,1,Straight_Hair,1,0.0911350388410569,"[""Straight_Hair""]"
lower,log_complement,1,Wavy_Hair,1,0.1257369729683146,"[""Wavy_Hair""]"
lower,log_complement,1,Wearing_Earrings,1,0.1307395118028374,"[""Wearing_Earrings""]"
lower,log_complement,1,Wearing_Hat,1,0.0075291437656294,"[""Wearing_Hat""]"
lower,log_complement,1,Wearing_Lipstick,1,0.0651738402817637,"[""Wearing_Lipstick""]"
lower,log_complement,1,Wearing_Necklace,1,0.0937165442033815,"[""Wearing_Necklace""]"
lower,log_complement,1,Wearing_Necktie,1,0.0598670988066445,"[""Wearing_Necktie""]"
lower,log_complement,1,Young,1,0.0,"[""Young""]"
lower,log_complement,1,5_o_Clock_Shadow & Black_Hair,2,0.0638169298362287,"[""5_o_Clock_Shadow"", ""Black_Hair""]"
lower,log_complement,1,Attractive & Blond_Hair,2,0.0671296548140006,"[""Attractive"", ""Blond_Hair""]"
lower,log_complement,1,Blond_Hair & Young,2,0.0376701254660744,"[""Blond_Hair"", ""Young""]"
lower,log_complement,1,Male & Wavy_Hair,2,0.046940606130156,"[""Male"", ""Wavy_Hair""]"
lower,log_complement,1,Male & Young,2,0.0196011098362437,"[""Male"", ""Young""]"
lower,log_complement,1,Sideburns & Young,2,0.0336830132160691,"[""Sideburns"", ""Young""]"
lower,log_complement,1,Smiling & Wearing_Lipstick,2,0.1061923340820531,"[""Smiling"", ""Wearing_Lipstick""]"
lower,log_complement,1,Smiling & Young,2,0.0465940012702826,"[""Smiling"", ""Young""]"
lower,log_complement,1,Wavy_Hair & Wearing_Lipstick,2,0.0183273205994014,"[""Wavy_Hair"", ""Wearing_Lipstick""]"
lower,log_complement,1,Wavy_Hair & Young,2,0.0388889963605483,"[""Wavy_Hair"", ""Young""]"
lower,log_complement,2,5_o_Clock_Shadow,1,0.1199186495996602,"[""5_o_Clock_Shadow""]"
lower,log_complement,2,Arched_Eyebrows,1,0.0745957229920181,"[""Arched_Eyebrows""]"
lower,log_complement,2,Attractive,1,0.1986664658787802,"[""Attractive""]"
lower,log_complement,2,Bags_Under_Eyes,1,0.1907876775142293,"[""Bags_Under_Eyes""]"
lower,log_complement,2,Bald,1,0.0062517347762768,"[""Bald""]"
lower,log_complement,2,Bangs,1,0.222702492656283,"[""Bangs""]"
lower,log_complement,2,Big_Lips,1,0.0412168941236871,"[""Big_Lips""]"
lower,log_complement,2,Big_Nose,1,0.0406217684808784,"[""Big_Nose""]"
lower,log_complement,2,Black_Hair,1,0.0726762743033291,"[""Black_Hair""]"
lower,log_complement,2,Blond_Hair,1,0.2465134039317305,"[""Blond_Hair""]"
lower,log_complement,2,Blurry,1,0.1453729510004127,"[""Blurry""]"
lower,log_complement,2,Brown_Hair,1,0.2115923378478242,"[""Brown_Hair""]"
lower,log_complement,2,Bushy_Eyebrows,1,0.0314510745171427,"[""Bushy_Eyebrows""]"
lower,log_complement,2,Chubby,1,0.0,"[""Chubby""]"
lower,log_complement,2,Double_Chin,1,0.0528511329844603,"[""Double_Chin""]"
lower,log_complement,2,Eyeglasses,1,0.1511220589979879,"[""Eyeglasses""]"
lower,log_complement,2,Goatee,1,0.0008174491937613,"[""Goatee""]"
lower,log_complement,2,Gray_Hair,1,0.054628664286403,"[""Gray_Hair""]"
lower,log_complement,2,Heavy_Makeup,1,0.1360593943155372,"[""Heavy_Makeup""]"
lower,log_complement,2,High_Cheekbones,1,0.053363492141227,"[""High_Cheekbones""]"
lower,log_complement,2,Male,1,0.4270122608529786,"[""Male""]"
lower,log_complement,2,Mouth_Slightly_Open,1,0.1216052345795978,"[""Mouth_Slightly_Open""]"
lower,log_complement,2,Mustache,1,0.0033686785593702,"[""Mustache""]"
lower,log_complement,2,Narrow_Eyes,1,0.0240229851407575,"[""Narrow_Eyes""]"
lower,log_complement,2,No_Beard,1,0.1828622943698012,"[""No_Beard""]"
lower,log_complement,2,Oval_Face,1,0.1358149808684718,"[""Oval_Face""]"
lower,log_complement,2,Pale_Skin,1,0.008991338432526,"[""Pale_Skin""]"
lower,log_complement,2,Pointy_Nose,1,0.0502375612699823,"[""Pointy_Nose""]"
lower,log_complement,2,Receding_Hairline,1,0.0126044599438633,"[""Receding_Hairline""]"
lower,log_complement,2,Rosy_Cheeks,1,0.0049432186600782,"[""Rosy_Cheeks""]"
lower,log_complement,2,Sideburns,1,0.0118059446168262,"[""Sideburns""]"
lower,log_complement,2,Smiling,1,0.1409766353868466,"[""Smiling""]"
lower,log_complement,2,Straight_Hair,1,0.0279912942563872,"[""Straight_Hair""]"
lower,log_complement,2,Wavy_Hair,1,0.1884865055229427,"[""Wavy_Hair""]"
lower,log_complement,2,Wearing_Earrings,1,0.0,"[""Wearing_Earrings""]"
lower,log_complement,2,Wearing_Hat,1,0.0139123449832952,"[""Wearing_Hat""]"
lower,log_complement,2,Wearing_Lipstick,1,0.0664384455736479,"[""Wearing_Lipstick""]"
lower,log_complement,2,Wearing_Necklace,1,0.0804624124398642,"[""Wearing_Necklace""]"
lower,log_complement,2,Wearing_Necktie,1,0.1082874589176177,"[""Wearing_Necktie""]"
lower,log_complement,2,Young,1,0.0121648620220243,"[""Young""]"
lower,log_complement,2,Attractive & Wearing_Hat,2,0.0045277167178827,"[""Attractive"", ""Wearing_Hat""]"
lower,log_complement,2,Big_Lips & Mouth_Slightly_Open,2,0.0,"[""Big_Lips"", ""Mouth_Slightly_Open""]"
lower,log_complement,2,Heavy_Makeup & High_Cheekbones,2,0.0116960156905795,"[""Heavy_Makeup"", ""High_Cheekbones""]"
lower,log_complement,2,Heavy_Makeup & Smiling,2,0.0,"[""Heavy_Makeup"", ""Smiling""]"
lower,log_complement,2,High_Cheekbones & Wearing_Lipstick,2,0.0032288025690835,"[""High_Cheekbones"", ""Wearing_Lipstick""]"
lower,log_complement,2,High_Cheekbones & Young,2,0.0049254386104647,"[""High_Cheekbones"", ""Young""]"
lower,log_complement,2,Mouth_Slightly_Open & Wearing_Lipstick,2,0.0,"[""Mouth_Slightly_Open"", ""Wearing_Lipstick""]"
lower,log_complement,2,Mouth_Slightly_Open & Young,2,0.0162926147855803,"[""Mouth_Slightly_Open"", ""Young""]"
lower,log_complement,2,Smiling & Wearing_Lipstick,2,0.0031168374151446,"[""Smiling"", ""Wearing_Lipstick""]"
lower,log_complement,2,Smiling & Young,2,0.0023832227766272,"[""Smiling"", ""Young""]"
lower,log_complement,3,5_o_Clock_Shadow,1,0.1521818422884191,"[""5_o_Clock_Shadow""]"
lower,log_complement,3,Arched_Eyebrows,1,0.1235146981746205,"[""Arched_Eyebrows""]"
lower,log_complement,3,Attractive,1,0.1124621009288869,"[""Attractive""]"
lower,log_complement,3,Bags_Under_Eyes,1,0.1779348740429588,"[""Bags_Under_Eyes""]"
lower,log_complement,3,Bald,1,0.0,"[""Bald""]"
lower,log_complement,3,Bangs,1,2.100113576584029e-05,"[""Bangs""]"
lower,log_complement,3,Big_Lips,1,0.0690812675853278,"[""Big_Lips""]"
lower,log_complement,3,Big_Nose,1,0.0107940161661523,"[""Big_Nose""]"
lower,log_complement,3,Black_Hair,1,0.0152461282507453,"[""Black_Hair""]"
lower,log_complement,3,Blond_Hair,1,0.0561784102318434,"[""Blond_Hair""]"
lower,log_complement,3,Blurry,1,0.1671720355757453,"[""Blurry""]"
lower,log_complement,3,Brown_Hair,1,0.2192984846177134,"[""Brown_Hair""]"
lower,log_complement,3,Bushy_Eyebrows,1,0.0823539041738679,"[""Bushy_Eyebrows""]"
lower,log_complement,3,Chubby,1,0.0001707586310016,"[""Chubby""]"
lower,log_complement,3,Double_Chin,1,0.0439883611182935,"[""Double_Chin""]"
lower,log_complement,3,Eyeglasses,1,0.0131143380393598,"[""Eyeglasses""]"
lower,log_complement,3,Goatee,1,0.010631304801133,"[""Goatee""]"
lower,log_complement,3,Gray_Hair,1,0.0301785162294095,"[""Gray_Hair""]"
lower,log_complement,3,Heavy_Makeup,1,0.0001311043550032,"[""Heavy_Makeup""]"
lower,log_complement,3,High_Cheekbones,1,0.0,"[""High_Cheekbones""]"
lower,log_complement,3,Male,1,0.6071775792054288,"[""Male""]"
lower,log_complement,3,Mouth_Slightly_Open,1,0.2104144946058822,"[""Mouth_Slightly_Open""]"
lower,log_complement,3,Mustache,1,0.0292330039526965,"[""Mustache""]"
lower,log_complement,3,Narrow_Eyes,1,0.0250111016293613,"[""Narrow_Eyes""]"
lower,log_complement,3,No_Beard,1,0.1588619089158987,"[""No_Beard""]"
lower,log_complement,3,Oval_Face,1,0.1524823919696741,"[""Oval_Face""]"
lower,log_complement,3,Pale_Skin,1,0.0230951896442926,"[""Pale_Skin""]"
lower,log_complement,3,Pointy_Nose,1,0.0151828593561364,"[""Pointy_Nose""]"
lower,log_complement,3,Receding_Hairline,1,0.0020349599000855,"[""Receding_Hairline""]"
lower,log_complement,3,Rosy_Cheeks,1,0.0,"[""Rosy_Cheeks""]"
lower,log_complement,3,Sideburns,1,0.0,"[""Sideburns""]"
lower,log_complement,3,Smiling,1,0.0991290456631734,"[""Smiling""]"
lower,log_complement,3,Straight_Hair,1,0.1077314097716588,"[""Straight_Hair""]"
lower,log_complement,3,Wavy_Hair,1,0.0968741522340256,"[""Wavy_Hair""]"
lower,log_complement,3,Wearing_Earrings,1,0.0009305430591973,"[""Wearing_Earrings""]"
lower,log_complement,3,Wearing_Hat,1,0.10422303979656,"[""Wearing_Hat""]"
lower,log_complement,3,Wearing_Lipstick,1,0.015005906574414,"[""Wearing_Lipstick""]"
lower,log_complement,3,Wearing_Necklace,1,0.0527246791472416,"[""Wearing_Necklace""]"
lower,log_complement,3,Wearing_Necktie,1,0.0365022329288087,"[""Wearing_Necktie""]"
lower,log_complement,3,Young,1,0.031178766133623,"[""Young""]"
lower,log_complement,3,Arched_Eyebrows & Smiling,2,0.0,"[""Arched_Eyebrows"", ""Smiling""]"
lower,log_complement,3,Attractive & Blond_Hair,2,0.0136726118652187,"[""Attractive"", ""Blond_Hair""]"
lower,log_complement,3,Big_Lips & Mouth_Slightly_Open,2,0.0117282042718065,"[""Big_Lips"", ""Mouth_Slightly_Open""]"
lower,log_complement,3,Blond_Hair & Young,2,0.0103441866147557,"[""Blond_Hair"", ""Young""]"
lower,log_complement,3,Heavy_Makeup & High_Cheekbones,2,0.0033040382241255,"[""Heavy_Makeup"", ""High_Cheekbones""]"
lower,log_complement,3,Heavy_Makeup & Smiling,2,0.0031528915474038,"[""Heavy_Makeup"", ""Smiling""]"
lower,log_complement,3,High_Cheekbones & Wearing_Lipstick,2,0.0,"[""High_Cheekbones"", ""Wearing_Lipstick""]"
lower,log_complement,3,Mouth_Slightly_Open & Young,2,0.0150794068891982,"[""Mouth_Slightly_Open"", ""Young""]"
lower,log_complement,3,Sideburns & Young,2,0.0043699341416179,"[""Sideburns"", ""Young""]"
lower,log_complement,3,Smiling & Wearing_Lipstick,2,0.0079234852488835,"[""Smiling"", ""Wearing_Lipstick""]"
lower,log_complement,4,5_o_Clock_Shadow,1,0.1840099398952305,"[""5_o_Clock_Shadow""]"
lower,log_complement,4,Arched_Eyebrows,1,0.246470896899932,"[""Arched_Eyebrows""]"
lower,log_complement,4,Attractive,1,0.4523107815866405,"[""Attractive""]"
lower,log_complement,4,Bags_Under_Eyes,1,0.3600257646276499,"[""Bags_Under_Eyes""]"
lower,log_complement,4,Bald,1,0.0044971518135905,"[""Bald""]"
lower,log_complement,4,Bangs,1,0.0378293143328763,"[""Bangs""]"
lower,log_complement,4,Big_Lips,1,0.1045009729014502,"[""Big_Lips""]"
lower,log_complement,4,Big_Nose,1,0.0877640426281771,"[""Big_Nose""]"
lower,log_complement,4,Black_Hair,1,0.0877189981864405,"[""Black_Hair""]"
lower,log_complement,4,Blond_Hair,1,0.0426251546338895,"[""Blond_Hair""]"
lower,log_complement,4,Blurry,1,0.2790375061709245,"[""Blurry""]"
lower,log_complement,4,Brown_Hair,1,0.3885107832350852,"[""Brown_Hair""]"
lower,log_complement,4,Bushy_Eyebrows,1,0.1197473775438861,"[""Bushy_Eyebrows""]"
lower,log_complement,4,Chubby,1,0.0010764068960782,"[""Chubby""]"
lower,log_complement,4,Double_Chin,1,0.0830703809476462,"[""Double_Chin""]"
lower,log_complement,4,Eyeglasses,1,0.0472806308803528,"[""Eyeglasses""]"
lower,log_complement,4,Goatee,1,0.0245173648269845,"[""Goatee""]"
lower,log_complement,4,Gray_Hair,1,0.115304683979285,"[""Gray_Hair""]"
lower,log_complement,4,Heavy_Makeup,1,0.4435051860901665,"[""Heavy_Makeup""]"
lower,log_complement,4,High_Cheekbones,1,0.0656221274676634,"[""High_Cheekbones""]"
lower,log_complement,4,Male,1,0.3854762802113428,"[""Male""]"
lower,log_complement,4,Mouth_Slightly_Open,1,0.2992319098307229,"[""Mouth_Slightly_Open""]"
lower,log_complement,4,Mustache,1,0.0554587240524523,"[""Mustache""]"
lower,log_complement,4,Narrow_Eyes,1,0.1028055209117169,"[""Narrow_Eyes""]"
lower,log_complement,4,No_Beard,1,0.361531840095569,"[""No_Beard""]"
lower,log_complement,4,Oval_Face,1,0.2045416932855492,"[""Oval_Face""]"
lower,log_complement,4,Pale_Skin,1,0.02319023299026,"[""Pale_Skin""]"
lower,log_complement,4,Pointy_Nose,1,0.0201790462150732,"[""Pointy_Nose""]"
lower,log_complement,4,Receding_Hairline,1,0.0214453150192296,"[""Receding_Hairline""]"
lower,log_complement,4,Rosy_Cheeks,1,0.0134428658404123,"[""Rosy_Cheeks""]"
lower,log_complement,4,Sideburns,1,0.019508385488573,"[""Sideburns""]"
lower,log_complement,4,Smiling,1,0.1945416480401518,"[""Smiling""]"
lower,log_complement,4,Straight_Hair,1,0.1782954461399164,"[""Straight_Hair""]"
lower,log_complement,4,Wavy_Hair,1,0.2908949832764976,"[""Wavy_Hair""]"
lower,log_complement,4,Wearing_Earrings,1,0.0379701639549824,"[""Wearing_Earrings""]"
lower,log_complement,4,Wearing_Hat,1,0.1108642721378968,"[""Wearing_Hat""]"
lower,log_complement,4,Wearing_Lipstick,1,0.0367086382081389,"[""Wearing_Lipstick""]"
lower,log_complement,4,Wearing_Necklace,1,0.1695257402493292,"[""Wearing_Necklace""]"
lower,log_complement,4,Wearing_Necktie,1,0.0008383431164393,"[""Wearing_Necktie""]"
lower,log_complement,4,Young,1,0.037072051325726,"[""Young""]"
lower,log_complement,4,5_o_Clock_Shadow & Black_Hair,2,0.0385350587721987,"[""5_o_Clock_Shadow"", ""Black_Hair""]"
lower,log_complement,4,Arched_Eyebrows & Smiling,2,0.0160012274044252,"[""Arched_Eyebrows"", ""Smiling""]"
lower,log_complement,4,Attractive & Blond_Hair,2,0.0351832128386394,"[""Attractive"", ""Blond_Hair""]"
lower,log_complement,4,Black_Hair & Receding_Hairline,2,0.0400747298855585,"[""Black_Hair"", ""Receding_Hairline""]"
lower,log_complement,4,Heavy_Makeup & High_Cheekbones,2,0.0444332567973687,"[""Heavy_Makeup"", ""High_Cheekbones""]"
lower,log_complement,4,Heavy_Makeup & Smiling,2,0.0295894992083543,"[""Heavy_Makeup"", ""Smiling""]"
lower,log_complement,4,High_Cheekbones & Wearing_Lipstick,2,0.0334833525556856,"[""High_Cheekbones"", ""Wearing_Lipstick""]"
lower,log_complement,4,Male & Wearing_Earrings,2,0.0249265151700957,"[""Male"", ""Wearing_Earrings""]"
lower,log_complement,4,Smiling & Wavy_Hair,2,0.0237823087942897,"[""Smiling"", ""Wavy_Hair""]"
lower,log_complement,4,Smiling & Wearing_Lipstick,2,0.0425034787856404,"[""Smiling"", ""Wearing_Lipstick""]"
upper,rdr,0,5_o_Clock_Shadow,1,0.0102807633228355,"[""5_o_Clock_Shadow""]"
upper,rdr,0,Arched_Eyebrows,1,0.0054465071467626,"[""Arched_Eyebrows""]"
upper,rdr,0,Attractive,1,0.0199249130726239,"[""Attractive""]"
upper,rdr,0,Bags_Under_Eyes,1,5.973383601447362e-05,"[""Bags_Under_Eyes""]"
upper,rdr,0,Bald,1,0.0002300740133305,"[""Bald""]"
upper,rdr,0,Bangs,1,0.0050127720792979,"[""Bangs""]"
upper,rdr,0,Big_Lips,1,7.058204211979212e-05,"[""Big_Lips""]"
upper,rdr,0,Big_Nose,1,0.0019054371044989,"[""Big_Nose""]"
upper,rdr,0,Black_Hair,1,0.0033473965016653,"[""Black_Hair""]"
upper,rdr,0,Blond_Hair,1,2.1441646677306197e-05,"[""Blond_Hair""]"
upper,rdr,0,Blurry,1,0.0001967638188964,"[""Blurry""]"
upper,rdr,0,Brown_Hair,1,0.0107782938442178,"[""Brown_Hair""]"
upper,rdr,0,Bushy_Eyebrows,1,0.0008119618819312,"[""Bushy_Eyebrows""]"
upper,rdr,0,Chubby,1,0.001925130159546,"[""Chubby""]"
upper,rdr,0,Double_Chin,1,0.0001859281363174,"[""Double_Chin""]"
upper,rdr,0,Eyeglasses,1,0.0066551991675575,"[""Eyeglasses""]"
upper,rdr,0,Goatee,1,0.0035090051785986,"[""Goatee""]"
upper,rdr,0,Gray_Hair,1,4.019314807043058e-05,"[""Gray_Hair""]"
upper,rdr,0,Heavy_Makeup,1,0.008363691656612,"[""Heavy_Makeup""]"
upper,rdr,0,High_Cheekbones,1,0.0106770089614676,"[""High_Cheekbones""]"
upper,rdr,0,Male,1,0.0010304353875278,"[""Male""]"
upper,rdr,0,Mouth_Slightly_Open,1,0.00766717567216,"[""Mouth_Slightly_Open""]"
upper,rdr,0,Mustache,1,8.952417603271836e-05,"[""Mustache""]"
upper,rdr,0,Narrow_Eyes,1,0.0034389550726022,"[""Narrow_Eyes""]"
upper,rdr,0,No_Beard,1,0.0002321808628212,"[""No_Beard""]"
upper,rdr,0,Oval_Face,1,0.007672172903283,"[""Oval_Face""]"
upper,rdr,0,Pale_Skin,1,0.0061693823401108,"[""Pale_Skin""]"
upper,rdr,0,Pointy_Nose,1,0.0005356093434387,"[""Pointy_Nose""]"
upper,rdr,0,Receding_Hairline,1,0.0011711659678325,"[""Receding_Hairline""]"
upper,rdr,0,Rosy_Cheeks,1,0.0008634395137196,"[""Rosy_Cheeks""]"
upper,rdr,0,Sideburns,1,0.0012080189435592,"[""Sideburns""]"
upper,rdr,0,Smiling,1,0.0013200195564016,"[""Smiling""]"
upper,rdr,0,Straight_Hair,1,0.0054943468831618,"[""Straight_Hair""]"
upper,rdr,0,Wavy_Hair,1,0.0025366960842706,"[""Wavy_Hair""]"
upper,rdr,0,Wearing_Earrings,1,0.0003460728920467,"[""Wearing_Earrings""]"
upper,rdr,0,Wearing_Hat,1,0.0010387458335811,"[""Wearing_Hat""]"
upper,rdr,0,Wearing_Lipstick,1,0.0132238836255647,"[""Wearing_Lipstick""]"
upper,rdr,0,Wearing_Necklace,1,0.0077464627680461,"[""Wearing_Necklace""]"
upper,rdr,0,Wearing_Necktie,1,0.0013932119071249,"[""Wearing_Necktie""]"
upper,rdr,0,Young,1,0.0042207139569207,"[""Young""]"
upper,rdr,0,Attractive & Blond_Hair,2,0.0,"[""Attractive"", ""Blond_Hair""]"
upper,rdr,0,Bangs & Straight_Hair,2,0.001520602871545,"[""Bangs"", ""Straight_Hair""]"
upper,rdr,0,Blond_Hair & Pointy_Nose,2,0.0,"[""Blond_Hair"", ""Pointy_Nose""]"
upper,rdr,0,Eyeglasses & Straight_Hair,2,0.0,"[""Eyeglasses"", ""Straight_Hair""]"
upper,rdr,0,Goatee & Young,2,0.0,"[""Goatee"", ""Young""]"
upper,rdr,0,Gray_Hair & Heavy_Makeup,2,0.000307595420206,"[""Gray_Hair"", ""Heavy_Makeup""]"
upper,rdr,0,Male & Straight_Hair,2,0.0002512995051814,"[""Male"", ""Straight_Hair""]"
upper,rdr,0,Male & Wavy_Hair,2,0.0,"[""Male"", ""Wavy_Hair""]"
upper,rdr,0,Straight_Hair & Wearing_Lipstick,2,0.0,"[""Straight_Hair"", ""Wearing_Lipstick""]"
upper,rdr,0,Wavy_Hair & Wearing_Lipstick,2,0.0016309326385846,"[""Wavy_Hair"", ""Wearing_Lipstick""]"
upper,rdr,1,5_o_Clock_Shadow,1,0.01040500148964,"[""5_o_Clock_Shadow""]"
upper,rdr,1,Arched_Eyebrows,1,0.0028631185169796,"[""Arched_Eyebrows""]"
upper,rdr,1,Attractive,1,0.0135155061860792,"[""Attractive""]"
upper,rdr,1,Bags_Under_Eyes,1,0.0,"[""Bags_Under_Eyes""]"
upper,rdr,1,Bald,1,4.756153791347704e-05,"[""Bald""]"
upper,rdr,1,Bangs,1,0.0,"[""Bangs""]"
upper,rdr,1,Big_Lips,1,0.0,"[""Big_Lips""]"
upper,rdr,1,Big_Nose,1,0.0027983836300881,"[""Big_Nose""]"
upper,rdr,1,Black_Hair,1,0.0083879953076187,"[""Black_Hair""]"
upper,rdr,1,Blond_Hair,1,0.0017470388165956,"[""Blond_Hair""]"
upper,rdr,1,Blurry,1,4.303442303078434e-05,"[""Blurry""]"
upper,rdr,1,Brown_Hair,1,0.0072830473534226,"[""Brown_Hair""]"
upper,rdr,1,Bushy_Eyebrows,1,0.0025306069534161,"[""Bushy_Eyebrows""]"
upper,rdr,1,Chubby,1,0.0008816548086778,"[""Chubby""]"
upper,rdr,1,Double_Chin,1,5.486809223807889e-05,"[""Double_Chin""]"
upper,rdr,1,Eyeglasses,1,0.0132288508917965,"[""Eyeglasses""]"
upper,rdr,1,Goatee,1,0.0041755266941453,"[""Goatee""]"
upper,rdr,1,Gray_Hair,1,0.0002149582518511,"[""Gray_Hair""]"
upper,rdr,1,Heavy_Makeup,1,0.0059366907834659,"[""Heavy_Makeup""]"
upper,rdr,1,High_Cheekbones,1,0.012581516380734,"[""High_Cheekbones""]"
upper,rdr,1,Male,1,0.0085265321936589,"[""Male""]"
upper,rdr,1,Mouth_Slightly_Open,1,0.0092824395607486,"[""Mouth_Slightly_Open""]"
upper,rdr,1,Mustache,1,6.578339136468559e-05,"[""Mustache""]"
upper,rdr,1,Narrow_Eyes,1,0.0044095547440585,"[""Narrow_Eyes""]"
upper,rdr,1,No_Beard,1,1.329899480630832e-05,"[""No_Beard""]"
upper,rdr,1,Oval_Face,1,0.0049262312115533,"[""Oval_Face""]"
upper,rdr,1,Pale_Skin,1,0.0056634208635839,"[""Pale_Skin""]"
upper,rdr,1,Pointy_Nose,1,0.00015299227991,"[""Pointy_Nose""]"
upper,rdr,1,Receding_Hairline,1,0.0021044904012397,"[""Receding_Hairline""]"
upper,rdr,1,Rosy_Cheeks,1,0.0024146135730012,"[""Rosy_Cheeks""]"
upper,rdr,1,Sideburns,1,4.987667461046035e-05,"[""Sideburns""]"
upper,rdr,1,Smiling,1,0.0045443591621954,"[""Smiling""]"
upper,rdr,1,Straight_Hair,1,0.0104800501219252,"[""Straight_Hair""]"
upper,rdr,1,Wavy_Hair,1,4.4503377645861554e-05,"[""Wavy_Hair""]"
upper,rdr,1,Wearing_Earrings,1,0.0015488874945457,"[""Wearing_Earrings""]"
upper,rdr,1,Wearing_Hat,1,0.0089573258838637,"[""Wearing_Hat""]"
upper,rdr,1,Wearing_Lipstick,1,0.0031949596829237,"[""Wearing_Lipstick""]"
upper,rdr,1,Wearing_Necklace,1,0.0054705348246249,"[""Wearing_Necklace""]"
upper,rdr,1,Wearing_Necktie,1,0.0029281611810355,"[""Wearing_Necktie""]"
upper,rdr,1,Young,1,0.0009069329731456,"[""Young""]"
upper,rdr,1,Bangs & Straight_Hair,2,0.0,"[""Bangs"", ""Straight_Hair""]"
upper,rdr,1,Big_Lips & Wearing_Hat,2,0.0,"[""Big_Lips"", ""Wearing_Hat""]"
upper,rdr,1,Eyeglasses & Goatee,2,0.0,"[""Eyeglasses"", ""Goatee""]"
upper,rdr,1,Eyeglasses & Straight_Hair,2,0.0,"[""Eyeglasses"", ""Straight_Hair""]"
upper,rdr,1,Goatee & Young,2,0.0001382873366325,"[""Goatee"", ""Young""]"
upper,rdr,1,Gray_Hair & Heavy_Makeup,2,0.0,"[""Gray_Hair"", ""Heavy_Makeup""]"
upper,rdr,1,Gray_Hair & Wearing_Lipstick,2,0.0,"[""Gray_Hair"", ""Wearing_Lipstick""]"
upper,rdr,1,Male & Wearing_Lipstick,2,0.0,"[""Male"", ""Wearing_Lipstick""]"
upper,rdr,1,Oval_Face & Wearing_Hat,2,0.0,"[""Oval_Face"", ""Wearing_Hat""]"
upper,rdr,1,Wavy_Hair & Wearing_Hat,2,0.0,"[""Wavy_Hair"", ""Wearing_Hat""]"
upper,rdr,2,5_o_Clock_Shadow,1,0.008139538628685,"[""5_o_Clock_Shadow""]"
upper,rdr,2,Arched_Eyebrows,1,0.0010629677354723,"[""Arched_Eyebrows""]"
upper,rdr,2,Attractive,1,0.0123267510614668,"[""Attractive""]"
upper,rdr,2,Bags_Under_Eyes,1,6.240373240233579e-05,"[""Bags_Under_Eyes""]"
upper,rdr,2,Bald,1,0.0008838123109591,"[""Bald""]"
upper,rdr,2,Bangs,1,0.0002929540587084,"[""Bangs""]"
upper,rdr,2,Big_Lips,1,7.907444951045227e-06,"[""Big_Lips""]"
upper,rdr,2,Big_Nose,1,0.0038599959686685,"[""Big_Nose""]"
upper,rdr,2,Black_Hair,1,0.0050553605731834,"[""Black_Hair""]"
upper,rdr,2,Blond_Hair,1,1.898553709446114e-05,"[""Blond_Hair""]"
upper,rdr,2,Blurry,1,2.294768087622946e-06,"[""Blurry""]"
upper,rdr,2,Brown_Hair,1,0.0064355897605041,"[""Brown_Hair""]"
upper,rdr,2,Bushy_Eyebrows,1,0.0013722892963964,"[""Bushy_Eyebrows""]"
upper,rdr,2,Chubby,1,0.0011758766953714,"[""Chubby""]"
upper,rdr,2,Double_Chin,1,0.0001163603784928,"[""Double_Chin""]"
upper,rdr,2,Eyeglasses,1,0.0097835104230912,"[""Eyeglasses""]"
upper,rdr,2,Goatee,1,0.0038969801468087,"[""Goatee""]"
upper,rdr,2,Gray_Hair,1,5.199362585713173e-05,"[""Gray_Hair""]"
upper,rdr,2,Heavy_Makeup,1,0.006913783150231,"[""Heavy_Makeup""]"
upper,rdr,2,High_Cheekbones,1,0.0046264236537379,"[""High_Cheekbones""]"
upper,rdr,2,Male,1,0.0017559790932368,"[""Male""]"
upper,rdr,2,Mouth_Slightly_Open,1,0.0050200500458445,"[""Mouth_Slightly_Open""]"
upper,rdr,2,Mustache,1,0.0001884330818809,"[""Mustache""]"
upper,rdr,2,Narrow_Eyes,1,0.0018378378105009,"[""Narrow_Eyes""]"
upper,rdr,2,No_Beard,1,0.0002338791167855,"[""No_Beard""]"
upper,rdr,2,Oval_Face,1,0.0023841745991322,"[""Oval_Face""]"
upper,rdr,2,Pale_Skin,1,0.0031569672872831,"[""Pale_Skin""]"
upper,rdr,2,Pointy_Nose,1,0.0001969630795251,"[""Pointy_Nose""]"
upper,rdr,2,Receding_Hairline,1,0.0007144269930471,"[""Receding_Hairline""]"
upper,rdr,2,Rosy_Cheeks,1,0.0011655465948173,"[""Rosy_Cheeks""]"
upper,rdr,2,Sideburns,1,8.833239714706916e-05,"[""Sideburns""]"
upper,rdr,2,Smiling,1,0.0014445305870298,"[""Smiling""]"
upper,rdr,2,Straight_Hair,1,0.0053318733535234,"[""Straight_Hair""]"
upper,rdr,2,Wavy_Hair,1,0.0010580523431172,"[""Wavy_Hair""]"
upper,rdr,2,Wearing_Earrings,1,0.0020299286744936,"[""Wearing_Earrings""]"
upper,rdr,2,Wearing_Hat,1,0.0141035486379827,"[""Wearing_Hat""]"
upper,rdr,2,Wearing_Lipstick,1,0.0111980262102843,"[""Wearing_Lipstick""]"
upper,rdr,2,Wearing_Necklace,1,0.0073644352310169,"[""Wearing_Necklace""]"
upper,rdr,2,Wearing_Necktie,1,0.0001676307638565,"[""Wearing_Necktie""]"
upper,rdr,2,Young,1,0.0047027772198667,"[""Young""]"
upper,rdr,2,Bangs & Straight_Hair,2,0.0,"[""Bangs"", ""Straight_Hair""]"
upper,rdr,2,Eyeglasses & Goatee,2,8.211788256043383e-05,"[""Eyeglasses"", ""Goatee""]"
upper,rdr,2,Eyeglasses & Straight_Hair,2,0.0004099453284951,"[""Eyeglasses"", ""Straight_Hair""]"
upper,rdr,2,Eyeglasses & Wearing_Hat,2,0.000395212982178,"[""Eyeglasses"", ""Wearing_Hat""]"
upper,rdr,2,Goatee & Wearing_Hat,2,0.0001355747064724,"[""Goatee"", ""Wearing_Hat""]"
upper,rdr,2,Goatee & Young,2,0.0004036975994397,"[""Goatee"", ""Young""]"
upper,rdr,2,Male & Straight_Hair,2,0.0,"[""Male"", ""Straight_Hair""]"
upper,rdr,2,Mouth_Slightly_Open & Smiling,2,0.0,"[""Mouth_Slightly_Open"", ""Smiling""]"
upper,rdr,2,Wavy_Hair & Wearing_Hat,2,0.0001625575652263,"[""Wavy_Hair"", ""Wearing_Hat""]"
upper,rdr,2,Wearing_Hat & Young,2,0.000406183095031,"[""Wearing_Hat"", ""Young""]"
upper,rdr,3,5_o_Clock_Shadow,1,0.0118945717177368,"[""5_o_Clock_Shadow""]"
upper,rdr,3,Arched_Eyebrows,1,0.0030746255009754,"[""Arched_Eyebrows""]"
upper,rdr,3,Attractive,1,0.0092135186189705,"[""Attractive""]"
upper,rdr,3,Bags_Under_Eyes,1,0.0,"[""Bags_Under_Eyes""]"
upper,rdr,3,Bald,1,0.0,"[""Bald""]"
upper,rdr,3,Bangs,1,0.0,"[""Bangs""]"
upper,rdr,3,Big_Lips,1,0.0,"[""Big_Lips""]"
upper,rdr,3,Big_Nose,1,0.0018185142854104,"[""Big_Nose""]"
upper,rdr,3,Black_Hair,1,0.0067720423047769,"[""Black_Hair""]"
upper,rdr,3,Blond_Hair,1,0.0021901887011889,"[""Blond_Hair""]"
upper,rdr,3,Blurry,1,0.0010091512193628,"[""Blurry""]"
upper,rdr,3,Brown_Hair,1,0.0095066900952106,"[""Brown_Hair""]"
upper,rdr,3,Bushy_Eyebrows,1,0.0022008850257026,"[""Bushy_Eyebrows""]"
upper,rdr,3,Chubby,1,0.0004995996360542,"[""Chubby""]"
upper,rdr,3,Double_Chin,1,0.0,"[""Double_Chin""]"
upper,rdr,3,Eyeglasses,1,0.0042072490959403,"[""Eyeglasses""]"
upper,rdr,3,Goatee,1,0.002486180850395,"[""Goatee""]"
upper,rdr,3,Gray_Hair,1,0.0,"[""Gray_Hair""]"
upper,rdr,3,Heavy_Makeup,1,0.0139127261402665,"[""Heavy_Makeup""]"
upper,rdr,3,High_Cheekbones,1,0.0155927946653301,"[""High_Cheekbones""]"
upper,rdr,3,Male,1,0.0235879537032101,"[""Male""]"
upper,rdr,3,Mouth_Slightly_Open,1,0.0092211017513392,"[""Mouth_Slightly_Open""]"
upper,rdr,3,Mustache,1,0.0,"[""Mustache""]"
upper,rdr,3,Narrow_Eyes,1,0.0070827361594455,"[""Narrow_Eyes""]"
upper,rdr,3,No_Beard,1,0.0,"[""No_Beard""]"
upper,rdr,3,Oval_Face,1,0.0058972303832514,"[""Oval_Face""]"
upper,rdr,3,Pale_Skin,1,0.007308458478914,"[""Pale_Skin""]"
upper,rdr,3,Pointy_Nose,1,6.63374617636146e-05,"[""Pointy_Nose""]"
upper,rdr,3,Receding_Hairline,1,0.0026430208328972,"[""Receding_Hairline""]"
upper,rdr,3,Rosy_Cheeks,1,0.004174916444474,"[""Rosy_Cheeks""]"
upper,rdr,3,Sideburns,1,5.124443767030786e-05,"[""Sideburns""]"
upper,rdr,3,Smiling,1,0.0037285438210611,"[""Smiling""]"
upper,rdr,3,Straight_Hair,1,0.0043227701395091,"[""Straight_Hair""]"
upper,rdr,3,Wavy_Hair,1,5.350550301966997e-05,"[""Wavy_Hair""]"
upper,rdr,3,Wearing_Earrings,1,0.0029764990306198,"[""Wearing_Earrings""]"
upper,rdr,3,Wearing_Hat,1,0.0032324735536746,"[""Wearing_Hat""]"
upper,rdr,3,Wearing_Lipstick,1,0.0036857225812128,"[""Wearing_Lipstick""]"
upper,rdr,3,Wearing_Necklace,1,0.0094234459722132,"[""Wearing_Necklace""]"
upper,rdr,3,Wearing_Necktie,1,0.0014259808350638,"[""Wearing_Necktie""]"
upper,rdr,3,Young,1,0.0015996322443397,"[""Young""]"
upper,rdr,3,Bangs & Straight_Hair,2,0.0009707325439811,"[""Bangs"", ""Straight_Hair""]"
upper,rdr,3,Blond_Hair & Pointy_Nose,2,0.0018084175345193,"[""Blond_Hair"", ""Pointy_Nose""]"
upper,rdr,3,Eyeglasses & Wearing_Hat,2,0.0003346932736075,"[""Eyeglasses"", ""Wearing_Hat""]"
upper,rdr,3,Eyeglasses & Young,2,0.0015278647809765,"[""Eyeglasses"", ""Young""]"
upper,rdr,3,Goatee & Young,2,0.0013526564248606,"[""Goatee"", ""Young""]"
upper,rdr,3,Gray_Hair & Heavy_Makeup,2,0.0008801360479296,"[""Gray_Hair"", ""Heavy_Makeup""]"
upper,rdr,3,Gray_Hair & Male,2,0.0001890610959303,"[""Gray_Hair"", ""Male""]"
upper,rdr,3,Male & Straight_Hair,2,0.0017892286146272,"[""Male"", ""Straight_Hair""]"
upper,rdr,3,Wavy_Hair & Wearing_Lipstick,2,0.0032948127589792,"[""Wavy_Hair"", ""Wearing_Lipstick""]"
upper,rdr,3,Wearing_Hat & Young,2,0.000935470509455,"[""Wearing_Hat"", ""Young""]"
upper,rdr,4,5_o_Clock_Shadow,1,0.0117981783699273,"[""5_o_Clock_Shadow""]"
upper,rdr,4,Arched_Eyebrows,1,0.0041734564224446,"[""Arched_Eyebrows""]"
upper,rdr,4,Attractive,1,0.015102283707063,"[""Attractive""]"
upper,rdr,4,Bags_Under_Eyes,1,0.0006372214669507,"[""Bags_Under_Eyes""]"
upper,rdr,4,Bald,1,0.0001396761924497,"[""Bald""]"
upper,rdr,4,Bangs,1,5.94367568827825e-05,"[""Bangs""]"
upper,rdr,4,Big_Lips,1,0.0009803435084901,"[""Big_Lips""]"
upper,rdr,4,Big_Nose,1,0.0036755268041322,"[""Big_Nose""]"
upper,rdr,4,Black_Hair,1,0.0104385174149048,"[""Black_Hair""]"
upper,rdr,4,Blond_Hair,1,0.0004658429212014,"[""Blond_Hair""]"
upper,rdr,4,Blurry,1,0.0009439364745837,"[""Blurry""]"
upper,rdr,4,Brown_Hair,1,0.008158491716835,"[""Brown_Hair""]"
upper,rdr,4,Bushy_Eyebrows,1,0.0025579358363358,"[""Bushy_Eyebrows""]"
upper,rdr,4,Chubby,1,0.0003966582968469,"[""Chubby""]"
upper,rdr,4,Double_Chin,1,6.632678634942235e-05,"[""Double_Chin""]"
upper,rdr,4,Eyeglasses,1,0.0158308851164282,"[""Eyeglasses""]"
upper,rdr,4,Goatee,1,0.0047460863067663,"[""Goatee""]"
upper,rdr,4,Gray_Hair,1,0.0005349048468649,"[""Gray_Hair""]"
upper,rdr,4,Heavy_Makeup,1,0.0015188210635647,"[""Heavy_Makeup""]"
upper,rdr,4,High_Cheekbones,1,0.013708018635383,"[""High_Cheekbones""]"
upper,rdr,4,Male,1,0.0001892229427507,"[""Male""]"
upper,rdr,4,Mouth_Slightly_Open,1,0.0075572768329398,"[""Mouth_Slightly_Open""]"
upper,rdr,4,Mustache,1,0.0004427452615666,"[""Mustache""]"
upper,rdr,4,Narrow_Eyes,1,0.0028910242895835,"[""Narrow_Eyes""]"
upper,rdr,4,No_Beard,1,0.0001346617370037,"[""No_Beard""]"
upper,rdr,4,Oval_Face,1,0.0066714646194769,"[""Oval_Face""]"
upper,rdr,4,Pale_Skin,1,0.0047059900745346,"[""Pale_Skin""]"
upper,rdr,4,Pointy_Nose,1,0.0001862279265854,"[""Pointy_Nose""]"
upper,rdr,4,Receding_Hairline,1,0.0015095426953859,"[""Receding_Hairline""]"
upper,rdr,4,Rosy_Cheeks,1,0.0021485160391877,"[""Rosy_Cheeks""]"
upper,rdr,4,Sideburns,1,0.0001801038165693,"[""Sideburns""]"
upper,rdr,4,Smiling,1,0.0067123332323957,"[""Smiling""]"
upper,rdr,4,Straight_Hair,1,0.0123984490911179,"[""Straight_Hair""]"
upper,rdr,4,Wavy_Hair,1,0.0022399404280193,"[""Wavy_Hair""]"
upper,rdr,4,Wearing_Earrings,1,0.0017777592612474,"[""Wearing_Earrings""]"
upper,rdr,4,Wearing_Hat,1,0.0123257249589846,"[""Wearing_Hat""]"
upper,rdr,4,Wearing_Lipstick,1,0.0013392968936144,"[""Wearing_Lipstick""]"
upper,rdr,4,Wearing_Necklace,1,0.0052419081246935,"[""Wearing_Necklace""]"
upper,rdr,4,Wearing_Necktie,1,0.0052841388656565,"[""Wearing_Necktie""]"
upper,rdr,4,Young,1,0.0047808732506307,"[""Young""]"
upper,rdr,4,Attractive & Blond_Hair,2,0.0,"[""Attractive"", ""Blond_Hair""]"
upper,rdr,4,Eyeglasses & Goatee,2,7.955562415815812e-05,"[""Eyeglasses"", ""Goatee""]"
upper,rdr,4,Eyeglasses & Straight_Hair,2,0.0,"[""Eyeglasses"", ""Straight_Hair""]"
upper,rdr,4,Goatee & Wearing_Hat,2,0.0,"[""Goatee"", ""Wearing_Hat""]"
upper,rdr,4,Goatee & Young,2,0.0005468579672726,"[""Goatee"", ""Young""]"
upper,rdr,4,High_Cheekbones & Straight_Hair,2,0.0,"[""High_Cheekbones"", ""Straight_Hair""]"
upper,rdr,4,Male & Straight_Hair,2,0.0,"[""Male"", ""Straight_Hair""]"
upper,rdr,4,No_Beard & Young,2,0.0001644333993484,"[""No_Beard"", ""Young""]"
upper,rdr,4,Wearing_Earrings & Young,2,0.0004545655425334,"[""Wearing_Earrings"", ""Young""]"
upper,rdr,4,Wearing_Hat & Young,2,0.0014134989411757,"[""Wearing_Hat"", ""Young""]"
upper,log_complement,0,5_o_Clock_Shadow,1,0.0826670913870414,"[""5_o_Clock_Shadow""]"
upper,log_complement,0,Arched_Eyebrows,1,0.1071951342847377,"[""Arched_Eyebrows""]"
upper,log_complement,0,Attractive,1,0.1344534062844784,"[""Attractive""]"
upper,log_complement,0,Bags_Under_Eyes,1,0.0064996238395144,"[""Bags_Under_Eyes""]"
upper,log_complement,0,Bald,1,0.0164861087457001,"[""Bald""]"
upper,log_complement,0,Bangs,1,0.067138904679502,"[""Bangs""]"
upper,log_complement,0,Big_Lips,1,0.0002339922702127,"[""Big_Lips""]"
upper,log_complement,0,Big_Nose,1,0.0352040184570056,"[""Big_Nose""]"
upper,log_complement,0,Black_Hair,1,0.0029232396768573,"[""Black_Hair""]"
upper,log_complement,0,Blond_Hair,1,0.0441576063102409,"[""Blond_Hair""]"
upper,log_complement,0,Blurry,1,0.0010480496796077,"[""Blurry""]"
upper,log_complement,0,Brown_Hair,1,0.1102801718927782,"[""Brown_Hair""]"
upper,log_complement,0,Bushy_Eyebrows,1,0.0060190671198782,"[""Bushy_Eyebrows""]"
upper,log_complement,0,Chubby,1,0.006796731565735,"[""Chubby""]"
upper,log_complement,0,Double_Chin,1,0.0039448431897925,"[""Double_Chin""]"
upper,log_complement,0,Eyeglasses,1,0.0591656059756913,"[""Eyeglasses""]"
upper,log_complement,0,Goatee,1,0.0325908686709876,"[""Goatee""]"
upper,log_complement,0,Gray_Hair,1,0.0043915926836486,"[""Gray_Hair""]"
upper,log_complement,0,Heavy_Makeup,1,0.0952675618776447,"[""Heavy_Makeup""]"
upper,log_complement,0,High_Cheekbones,1,0.0633321529402534,"[""High_Cheekbones""]"
upper,log_complement,0,Male,1,0.0328513975538674,"[""Male""]"
upper,log_complement,0,Mouth_Slightly_Open,1,0.0963818027298512,"[""Mouth_Slightly_Open""]"
upper,log_complement,0,Mustache,1,0.0101230899477062,"[""Mustache""]"
upper,log_complement,0,Narrow_Eyes,1,0.0564044734106974,"[""Narrow_Eyes""]"
upper,log_complement,0,No_Beard,1,0.0055321452893951,"[""No_Beard""]"
upper,log_complement,0,Oval_Face,1,0.0719607268645253,"[""Oval_Face""]"
upper,log_complement,0,Pale_Skin,1,0.0517959412776801,"[""Pale_Skin""]"
upper,log_complement,0,Pointy_Nose,1,0.0033441046598864,"[""Pointy_Nose""]"
upper,log_complement,0,Receding_Hairline,1,0.0098833860300508,"[""Receding_Hairline""]"
upper,log_complement,0,Rosy_Cheeks,1,0.0297796777217412,"[""Rosy_Cheeks""]"
upper,log_complement,0,Sideburns,1,0.0161410331879712,"[""Sideburns""]"
upper,log_complement,0,Smiling,1,0.0590685650720432,"[""Smiling""]"
upper,log_complement,0,Straight_Hair,1,0.0463586116592968,"[""Straight_Hair""]"
upper,log_complement,0,Wavy_Hair,1,0.04745902344794,"[""Wavy_Hair""]"
upper,log_complement,0,Wearing_Earrings,1,0.0116604931911923,"[""Wearing_Earrings""]"
upper,log_complement,0,Wearing_Hat,1,0.0225872139569093,"[""Wearing_Hat""]"
upper,log_complement,0,Wearing_Lipstick,1,0.1408607847891716,"[""Wearing_Lipstick""]"
upper,log_complement,0,Wearing_Necklace,1,0.0741983331517075,"[""Wearing_Necklace""]"
upper,log_complement,0,Wearing_Necktie,1,0.0106108544503799,"[""Wearing_Necktie""]"
upper,log_complement,0,Young,1,0.0566702033087188,"[""Young""]"
upper,log_complement,0,Arched_Eyebrows & Black_Hair,2,0.0135178575934037,"[""Arched_Eyebrows"", ""Black_Hair""]"
upper,log_complement,0,Bangs & Wearing_Necklace,2,0.0173021970751705,"[""Bangs"", ""Wearing_Necklace""]"
upper,log_complement,0,Black_Hair & Male,2,0.0197451582341133,"[""Black_Hair"", ""Male""]"
upper,log_complement,0,Black_Hair & No_Beard,2,0.0109755947925903,"[""Black_Hair"", ""No_Beard""]"
upper,log_complement,0,Blond_Hair & Smiling,2,0.0274085498174633,"[""Blond_Hair"", ""Smiling""]"
upper,log_complement,0,Brown_Hair & Male,2,0.0186194979643103,"[""Brown_Hair"", ""Male""]"
upper,log_complement,0,Gray_Hair & Heavy_Makeup,2,0.0060805902412663,"[""Gray_Hair"", ""Heavy_Makeup""]"
upper,log_complement,0,Rosy_Cheeks & Straight_Hair,2,0.0099801820114067,"[""Rosy_Cheeks"", ""Straight_Hair""]"
upper,log_complement,0,Rosy_Cheeks & Wavy_Hair,2,0.0063258335721657,"[""Rosy_Cheeks"", ""Wavy_Hair""]"
upper,log_complement,0,Wavy_Hair & Wearing_Lipstick,2,0.0377798183868661,"[""Wavy_Hair"", ""Wearing_Lipstick""]"
upper,log_complement,1,5_o_Clock_Shadow,1,0.0804649936752866,"[""5_o_Clock_Shadow""]"
upper,log_complement,1,Arched_Eyebrows,1,0.0634403020173169,"[""Arched_Eyebrows""]"
upper,log_complement,1,Attractive,1,0.1315967801149426,"[""Attractive""]"
upper,log_complement,1,Bags_Under_Eyes,1,0.0,"[""Bags_Under_Eyes""]"
upper,log_complement,1,Bald,1,0.0167227574301746,"[""Bald""]"
upper,log_complement,1,Bangs,1,0.0026549853535257,"[""Bangs""]"
upper,log_complement,1,Big_Lips,1,0.008569450661904,"[""Big_Lips""]"
upper,log_complement,1,Big_Nose,1,0.0491633410129575,"[""Big_Nose""]"
upper,log_complement,1,Black_Hair,1,0.0626214261480002,"[""Black_Hair""]"
upper,log_complement,1,Blond_Hair,1,0.0894925601270501,"[""Blond_Hair""]"
upper,log_complement,1,Blurry,1,0.0010054109294629,"[""Blurry""]"
upper,log_complement,1,Brown_Hair,1,0.0460398298462404,"[""Brown_Hair""]"
upper,log_complement,1,Bushy_Eyebrows,1,0.0208752434981242,"[""Bushy_Eyebrows""]"
upper,log_complement,1,Chubby,1,0.004822641506932,"[""Chubby""]"
upper,log_complement,1,Double_Chin,1,0.0043959166338908,"[""Double_Chin""]"
upper,log_complement,1,Eyeglasses,1,0.0943847389710159,"[""Eyeglasses""]"
upper,log_complement,1,Goatee,1,0.0386067236902181,"[""Goatee""]"
upper,log_complement,1,Gray_Hair,1,0.0034134102749006,"[""Gray_Hair""]"
upper,log_complement,1,Heavy_Makeup,1,0.0537255373717913,"[""Heavy_Makeup""]"
upper,log_complement,1,High_Cheekbones,1,0.0464264252928157,"[""High_Cheekbones""]"
upper,log_complement,1,Male,1,0.1555793791215431,"[""Male""]"
upper,log_complement,1,Mouth_Slightly_Open,1,0.1149524029720582,"[""Mouth_Slightly_Open""]"
upper,log_complement,1,Mustache,1,0.011570782251066,"[""Mustache""]"
upper,log_complement,1,Narrow_Eyes,1,0.0578667044103768,"[""Narrow_Eyes""]"
upper,log_complement,1,No_Beard,1,0.0203047948561037,"[""No_Beard""]"
upper,log_complement,1,Oval_Face,1,0.0481490443646224,"[""Oval_Face""]"
upper,log_complement,1,Pale_Skin,1,0.0483421927819675,"[""Pale_Skin""]"
upper,log_complement,1,Pointy_Nose,1,0.0054144367844231,"[""Pointy_Nose""]"
upper,log_complement,1,Receding_Hairline,1,0.0130394471703588,"[""Receding_Hairline""]"
upper,log_complement,1,Rosy_Cheeks,1,0.017004963571411,"[""Rosy_Cheeks""]"
upper,log_complement,1,Sideburns,1,0.0003048220284818,"[""Sideburns""]"
upper,log_complement,1,Smiling,1,0.0623302080265866,"[""Smiling""]"
upper,log_complement,1,Straight_Hair,1,0.0784956327707194,"[""Straight_Hair""]"
upper,log_complement,1,Wavy_Hair,1,0.0002258049665332,"[""Wavy_Hair""]"
upper,log_complement,1,Wearing_Earrings,1,0.0035345867106933,"[""Wearing_Earrings""]"
upper,log_complement,1,Wearing_Hat,1,0.0726035627004906,"[""Wearing_Hat""]"
upper,log_complement,1,Wearing_Lipstick,1,0.0669953835493299,"[""Wearing_Lipstick""]"
upper,log_complement,1,Wearing_Necklace,1,0.0572591462887057,"[""Wearing_Necklace""]"
upper,log_complement,1,Wearing_Necktie,1,0.0047675178626033,"[""Wearing_Necktie""]"
upper,log_complement,1,Young,1,0.0105256433823306,"[""Young""]"
upper,log_complement,1,Bangs & Male,2,0.0106151790863649,"[""Bangs"", ""Male""]"
upper,log_complement,1,Bangs & Wearing_Lipstick,2,0.0089381645372925,"[""Bangs"", ""Wearing_Lipstick""]"
upper,log_complement,1,Bangs & Wearing_Necklace,2,0.012482957487565,"[""Bangs"", ""Wearing_Necklace""]"
upper,log_complement,1,Big_Nose & High_Cheekbones,2,0.0255278125048059,"[""Big_Nose"", ""High_Cheekbones""]"
upper,log_complement,1,Gray_Hair & Heavy_Makeup,2,0.0024300883173342,"[""Gray_Hair"", ""Heavy_Makeup""]"
upper,log_complement,1,Gray_Hair & Male,2,0.0027428414855172,"[""Gray_Hair"", ""Male""]"
upper,log_complement,1,Gray_Hair & Receding_Hairline,2,0.0054149833528246,"[""Gray_Hair"", ""Receding_Hairline""]"
upper,log_complement,1,Gray_Hair & Wavy_Hair,2,0.0023389843471592,"[""Gray_Hair"", ""Wavy_Hair""]"
upper,log_complement,1,Gray_Hair & Wearing_Necktie,2,0.0086378456848961,"[""Gray_Hair"", ""Wearing_Necktie""]"
upper,log_complement,1,Wearing_Earrings & Young,2,0.0370166049025659,"[""Wearing_Earrings"", ""Young""]"
upper,log_complement,2,5_o_Clock_Shadow,1,0.0814132402451984,"[""5_o_Clock_Shadow""]"
upper,log_complement,2,Arched_Eyebrows,1,0.0730717474182276,"[""Arched_Eyebrows""]"
upper,log_complement,2,Attractive,1,0.1149664602556731,"[""Attractive""]"
upper,log_complement,2,Bags_Under_Eyes,1,0.0007411350809837,"[""Bags_Under_Eyes""]"
upper,log_complement,2,Bald,1,0.0200705866845803,"[""Bald""]"
upper,log_complement,2,Bangs,1,0.0120270624200136,"[""Bangs""]"
upper,log_complement,2,Big_Lips,1,0.0042088308782598,"[""Big_Lips""]"
upper,log_complement,2,Big_Nose,1,0.0477968560059968,"[""Big_Nose""]"
upper,log_complement,2,Black_Hair,1,0.0198634155145062,"[""Black_Hair""]"
upper,log_complement,2,Blond_Hair,1,0.0444037775140252,"[""Blond_Hair""]"
upper,log_complement,2,Blurry,1,0.0001173932352161,"[""Blurry""]"
upper,log_complement,2,Brown_Hair,1,0.0687775711728307,"[""Brown_Hair""]"
upper,log_complement,2,Bushy_Eyebrows,1,0.0212406305010843,"[""Bushy_Eyebrows""]"
upper,log_complement,2,Chubby,1,0.0040491662093291,"[""Chubby""]"
upper,log_complement,2,Double_Chin,1,0.0008091914164553,"[""Double_Chin""]"
upper,log_complement,2,Eyeglasses,1,0.0860726759894587,"[""Eyeglasses""]"
upper,log_complement,2,Goatee,1,0.0249992168910025,"[""Goatee""]"
upper,log_complement,2,Gray_Hair,1,0.0058722644744608,"[""Gray_Hair""]"
upper,log_complement,2,Heavy_Makeup,1,0.1056503582022024,"[""Heavy_Makeup""]"
upper,log_complement,2,High_Cheekbones,1,0.0509595227380471,"[""High_Cheekbones""]"
upper,log_complement,2,Male,1,0.0226952808732125,"[""Male""]"
upper,log_complement,2,Mouth_Slightly_Open,1,0.122455111226952,"[""Mouth_Slightly_Open""]"
upper,log_complement,2,Mustache,1,0.0083354295504447,"[""Mustache""]"
upper,log_complement,2,Narrow_Eyes,1,0.0451482850300852,"[""Narrow_Eyes""]"
upper,log_complement,2,No_Beard,1,0.0025508447373054,"[""No_Beard""]"
upper,log_complement,2,Oval_Face,1,0.0742872613902016,"[""Oval_Face""]"
upper,log_complement,2,Pale_Skin,1,0.0415949885608803,"[""Pale_Skin""]"
upper,log_complement,2,Pointy_Nose,1,0.0081062026790639,"[""Pointy_Nose""]"
upper,log_complement,2,Receding_Hairline,1,0.027776727949657,"[""Receding_Hairline""]"
upper,log_complement,2,Rosy_Cheeks,1,0.0435122008991471,"[""Rosy_Cheeks""]"
upper,log_complement,2,Sideburns,1,0.0003011253132928,"[""Sideburns""]"
upper,log_complement,2,Smiling,1,0.099445226107582,"[""Smiling""]"
upper,log_complement,2,Straight_Hair,1,0.0414734342202535,"[""Straight_Hair""]"
upper,log_complement,2,Wavy_Hair,1,0.0381479193366082,"[""Wavy_Hair""]"
upper,log_complement,2,Wearing_Earrings,1,0.0400047625983169,"[""Wearing_Earrings""]"
upper,log_complement,2,Wearing_Hat,1,0.0880089393986854,"[""Wearing_Hat""]"
upper,log_complement,2,Wearing_Lipstick,1,0.1503291061724374,"[""Wearing_Lipstick""]"
upper,log_complement,2,Wearing_Necklace,1,0.0967010692758707,"[""Wearing_Necklace""]"
upper,log_complement,2,Wearing_Necktie,1,0.0470354058007064,"[""Wearing_Necktie""]"
upper,log_complement,2,Young,1,0.0257015991063256,"[""Young""]"
upper,log_complement,2,Arched_Eyebrows & Attractive,2,0.0150312420122396,"[""Arched_Eyebrows"", ""Attractive""]"
upper,log_complement,2,Attractive & Oval_Face,2,0.0156986078852305,"[""Attractive"", ""Oval_Face""]"
upper,log_complement,2,Black_Hair & Male,2,0.0095422436135547,"[""Black_Hair"", ""Male""]"
upper,log_complement,2,Black_Hair & No_Beard,2,0.0071308712778477,"[""Black_Hair"", ""No_Beard""]"
upper,log_complement,2,Blond_Hair & Mouth_Slightly_Open,2,0.0065061439160506,"[""Blond_Hair"", ""Mouth_Slightly_Open""]"
upper,log_complement,2,Blond_Hair & Smiling,2,0.0097496670484817,"[""Blond_Hair"", ""Smiling""]"
upper,log_complement,2,Rosy_Cheeks & Straight_Hair,2,0.0069801446068373,"[""Rosy_Cheeks"", ""Straight_Hair""]"
upper,log_complement,2,Smiling & Wearing_Necklace,2,0.0112838740019262,"[""Smiling"", ""Wearing_Necklace""]"
upper,log_complement,2,Straight_Hair & Wearing_Lipstick,2,0.0087344762037897,"[""Straight_Hair"", ""Wearing_Lipstick""]"
upper,log_complement,2,Wearing_Earrings & Young,2,0.0139739290017065,"[""Wearing_Earrings"", ""Young""]"
upper,log_complement,3,5_o_Clock_Shadow,1,0.1008588856349258,"[""5_o_Clock_Shadow""]"
upper,log_complement,3,Arched_Eyebrows,1,0.0830931043506191,"[""Arched_Eyebrows""]"
upper,log_complement,3,Attractive,1,0.0786789138639738,"[""Attractive""]"
upper,log_complement,3,Bags_Under_Eyes,1,0.0177280033041541,"[""Bags_Under_Eyes""]"
upper,log_complement,3,Bald,1,0.0064072006109247,"[""Bald""]"
upper,log_complement,3,Bangs,1,0.0113784797711616,"[""Bangs""]"
upper,log_complement,3,Big_Lips,1,0.0010392576252161,"[""Big_Lips""]"
upper,log_complement,3,Big_Nose,1,0.0269052807629998,"[""Big_Nose""]"
upper,log_complement,3,Black_Hair,1,0.0340860169439081,"[""Black_Hair""]"
upper,log_complement,3,Blond_Hair,1,0.0931505055098575,"[""Blond_Hair""]"
upper,log_complement,3,Blurry,1,0.0033304611969379,"[""Blurry""]"
upper,log_complement,3,Brown_Hair,1,0.0443305923793715,"[""Brown_Hair""]"
upper,log_complement,3,Bushy_Eyebrows,1,0.021537237215226,"[""Bushy_Eyebrows""]"
upper,log_complement,3,Chubby,1,0.0075074138375217,"[""Chubby""]"
upper,log_complement,3,Double_Chin,1,5.609587875410507e-06,"[""Double_Chin""]"
upper,log_complement,3,Eyeglasses,1,0.0512767166560959,"[""Eyeglasses""]"
upper,log_complement,3,Goatee,1,0.0227835251490848,"[""Goatee""]"
upper,log_complement,3,Gray_Hair,1,0.0001895243404422,"[""Gray_Hair""]"
upper,log_complement,3,Heavy_Makeup,1,0.1194185074594153,"[""Heavy_Makeup""]"
upper,log_complement,3,High_Cheekbones,1,0.0681798424946394,"[""High_Cheekbones""]"
upper,log_complement,3,Male,1,0.243182522115533,"[""Male""]"
upper,log_complement,3,Mouth_Slightly_Open,1,0.0945547303456647,"[""Mouth_Slightly_Open""]"
upper,log_complement,3,Mustache,1,0.0117213031757809,"[""Mustache""]"
upper,log_complement,3,Narrow_Eyes,1,0.0743971958813014,"[""Narrow_Eyes""]"
upper,log_complement,3,No_Beard,1,0.0010086149604971,"[""No_Beard""]"
upper,log_complement,3,Oval_Face,1,0.0797807312036861,"[""Oval_Face""]"
upper,log_complement,3,Pale_Skin,1,0.0587530924339139,"[""Pale_Skin""]"
upper,log_complement,3,Pointy_Nose,1,0.0019189495015565,"[""Pointy_Nose""]"
upper,log_complement,3,Receding_Hairline,1,0.0272145933950992,"[""Receding_Hairline""]"
upper,log_complement,3,Rosy_Cheeks,1,0.0614429268550781,"[""Rosy_Cheeks""]"
upper,log_complement,3,Sideburns,1,0.0,"[""Sideburns""]"
upper,log_complement,3,Smiling,1,0.1045439053583941,"[""Smiling""]"
upper,log_complement,3,Straight_Hair,1,0.0295157106763318,"[""Straight_Hair""]"
upper,log_complement,3,Wavy_Hair,1,0.0431127459020647,"[""Wavy_Hair""]"
upper,log_complement,3,Wearing_Earrings,1,0.0251777929646078,"[""Wearing_Earrings""]"
upper,log_complement,3,Wearing_Hat,1,0.0211947783026422,"[""Wearing_Hat""]"
upper,log_complement,3,Wearing_Lipstick,1,0.0455133317492593,"[""Wearing_Lipstick""]"
upper,log_complement,3,Wearing_Necklace,1,0.0694735432202393,"[""Wearing_Necklace""]"
upper,log_complement,3,Wearing_Necktie,1,0.0110517857421348,"[""Wearing_Necktie""]"
upper,log_complement,3,Young,1,0.0075319907873871,"[""Young""]"
upper,log_complement,3,Bangs & Male,2,0.007923101460481,"[""Bangs"", ""Male""]"
upper,log_complement,3,Bangs & Wearing_Lipstick,2,0.0117070975538722,"[""Bangs"", ""Wearing_Lipstick""]"
upper,log_complement,3,Bangs & Wearing_Necklace,2,0.0085358550222914,"[""Bangs"", ""Wearing_Necklace""]"
upper,log_complement,3,Blond_Hair & Smiling,2,0.0204394227686416,"[""Blond_Hair"", ""Smiling""]"
upper,log_complement,3,Chubby & Wearing_Earrings,2,0.0067470297478312,"[""Chubby"", ""Wearing_Earrings""]"
upper,log_complement,3,Gray_Hair & Wearing_Necktie,2,0.0082265214354717,"[""Gray_Hair"", ""Wearing_Necktie""]"
upper,log_complement,3,Male & Straight_Hair,2,0.0190989030073043,"[""Male"", ""Straight_Hair""]"
upper,log_complement,3,Smiling & Wearing_Necklace,2,0.0126901894070199,"[""Smiling"", ""Wearing_Necklace""]"
upper,log_complement,3,Straight_Hair & Wearing_Lipstick,2,0.0027613623212636,"[""Straight_Hair"", ""Wearing_Lipstick""]"
upper,log_complement,3,Wavy_Hair & Wearing_Lipstick,2,0.023751589541641,"[""Wavy_Hair"", ""Wearing_Lipstick""]"
upper,log_complement,4,5_o_Clock_Shadow,1,0.0873553985119639,"[""5_o_Clock_Shadow""]"
upper,log_complement,4,Arched_Eyebrows,1,0.0695120829740058,"[""Arched_Eyebrows""]"
upper,log_complement,4,Attractive,1,0.1197587541646349,"[""Attractive""]"
upper,log_complement,4,Bags_Under_Eyes,1,0.0,"[""Bags_Under_Eyes""]"
upper,log_complement,4,Bald,1,0.0153807144960677,"[""Bald""]"
upper,log_complement,4,Bangs,1,0.0032511389517257,"[""Bangs""]"
upper,log_complement,4,Big_Lips,1,0.0118857834316021,"[""Big_Lips""]"
upper,log_complement,4,Big_Nose,1,0.0668961715090191,"[""Big_Nose""]"
upper,log_complement,4,Black_Hair,1,0.0695333512275823,"[""Black_Hair""]"
upper,log_complement,4,Blond_Hair,1,0.0542766338742121,"[""Blond_Hair""]"
upper,log_complement,4,Blurry,1,0.0185321633763798,"[""Blurry""]"
upper,log_complement,4,Brown_Hair,1,0.0456058617799987,"[""Brown_Hair""]"
upper,log_complement,4,Bushy_Eyebrows,1,0.0299296421841545,"[""Bushy_Eyebrows""]"
upper,log_complement,4,Chubby,1,0.0048295569270702,"[""Chubby""]"
upper,log_complement,4,Double_Chin,1,0.0016861043804479,"[""Double_Chin""]"
upper,log_complement,4,Eyeglasses,1,0.1154432387332961,"[""Eyeglasses""]"
upper,log_complement,4,Goatee,1,0.0299403683805936,"[""Goatee""]"
upper,log_complement,4,Gray_Hair,1,0.0003926216470948,"[""Gray_Hair""]"
upper,log_complement,4,Heavy_Makeup,1,0.0109092708879744,"[""Heavy_Makeup""]"
upper,log_complement,4,High_Cheekbones,1,0.0682302789011803,"[""High_Cheekbones""]"
upper,log_complement,4,Male,1,0.0968183742974387,"[""Male""]"
upper,log_complement,4,Mouth_Slightly_Open,1,0.0781315383377612,"[""Mouth_Slightly_Open""]"
upper,log_complement,4,Mustache,1,0.000693285864123,"[""Mustache""]"
upper,log_complement,4,Narrow_Eyes,1,0.0391562114368484,"[""Narrow_Eyes""]"
upper,log_complement,4,No_Beard,1,0.0144059707650725,"[""No_Beard""]"
upper,log_complement,4,Oval_Face,1,0.0831461036963994,"[""Oval_Face""]"
upper,log_complement,4,Pale_Skin,1,0.0418488699741331,"[""Pale_Skin""]"
upper,log_complement,4,Pointy_Nose,1,0.0056836110365787,"[""Pointy_Nose""]"
upper,log_complement,4,Receding_Hairline,1,0.0139456595331106,"[""Receding_Hairline""]"
upper,log_complement,4,Rosy_Cheeks,1,0.0315872180802174,"[""Rosy_Cheeks""]"
upper,log_complement,4,Sideburns,1,0.0006553389160036,"[""Sideburns""]"
upper,log_complement,4,Smiling,1,0.0720590873799798,"[""Smiling""]"
upper,log_complement,4,Straight_Hair,1,0.0714594878974851,"[""Straight_Hair""]"
upper,log_complement,4,Wavy_Hair,1,0.0378169682230287,"[""Wavy_Hair""]"
upper,log_complement,4,Wearing_Earrings,1,0.0408846879783634,"[""Wearing_Earrings""]"
upper,log_complement,4,Wearing_Hat,1,0.0853357304108743,"[""Wearing_Hat""]"
upper,log_complement,4,Wearing_Lipstick,1,0.0078408890927206,"[""Wearing_Lipstick""]"
upper,log_complement,4,Wearing_Necklace,1,0.0515683885433039,"[""Wearing_Necklace""]"
upper,log_complement,4,Wearing_Necktie,1,0.0150157694816456,"[""Wearing_Necktie""]"
upper,log_complement,4,Young,1,0.0235161895785344,"[""Young""]"
upper,log_complement,4,Blond_Hair & Smiling,2,0.0225249570435103,"[""Blond_Hair"", ""Smiling""]"
upper,log_complement,4,Bushy_Eyebrows & Wearing_Necklace,2,0.0101620936216863,"[""Bushy_Eyebrows"", ""Wearing_Necklace""]"
upper,log_complement,4,Chubby & Wearing_Earrings,2,0.0076290002013362,"[""Chubby"", ""Wearing_Earrings""]"
upper,log_complement,4,Eyeglasses & Wearing_Necktie,2,0.0110112817193948,"[""Eyeglasses"", ""Wearing_Necktie""]"
upper,log_complement,4,High_Cheekbones & Male,2,0.0343105022159566,"[""High_Cheekbones"", ""Male""]"
upper,log_complement,4,High_Cheekbones & No_Beard,2,0.0104653406215153,"[""High_Cheekbones"", ""No_Beard""]"
upper,log_complement,4,High_Cheekbones & Sideburns,2,0.0050540374671361,"[""High_Cheekbones"", ""Sideburns""]"
upper,log_complement,4,Male & Straight_Hair,2,0.0162461522332134,"[""Male"", ""Straight_Hair""]"
upper,log_complement,4,Wearing_Earrings & Young,2,0.0283878744071171,"[""Wearing_Earrings"", ""Young""]"
upper,log_complement,4,Wearing_Lipstick & Young,2,0.0081817635726608,"[""Wearing_Lipstick"", ""Young""]"
