branch,attribute,coef_mean,coef_sd,coef_min,coef_max,coef_per_sd_mean,partial_r2_mean,prevalence,positive_repeats,bh_significant_repeats,rank_abs_mean
lower,Blurry,-1.8579654387800404,0.5731428349869426,-2.800951906524708,-1.382394156485986,-0.40091729069671295,0.0039528684551585055,0.04895930101182555,0,5,1
lower,Male,1.150288517301909,0.2827101131226655,0.9260194992890746,1.5863272818109877,0.5649022843693705,0.0026697907265367427,0.4060609103919255,5,5,2
lower,Gray_Hair,0.8145561072773372,0.4685673029408715,0.3987247418888372,1.5482671095206144,0.16009132185990566,0.0005293830690689132,0.04024705616510583,5,5,3
lower,Brown_Hair,0.8037825500630319,0.2700862347094208,0.525292515334183,1.2537027245338968,0.32761562055002535,0.002240289926625691,0.2103994576815888,5,5,4
lower,Bags_Under_Eyes,0.7137507057866859,0.24967550116585707,0.48703528068745067,1.129422380518948,0.2881561323528669,0.0016258213394500238,0.2050264882372141,5,5,5
lower,No_Beard,0.6808012380462063,0.32906215154730234,0.31266170781853353,1.1638240083897498,0.2508057288660068,0.0005790208846272015,0.8380576966531924,5,5,6
lower,Wearing_Hat,-0.6372421553211858,0.5181278755772663,-1.199173672995709,-0.17994928385282702,-0.13163470360011947,0.0005822994832614606,0.044665946923096236,0,3,7
lower,5_o_Clock_Shadow,0.5640277256951035,0.2746001054501964,0.2405797727517116,0.9572824959060606,0.17573120018364793,0.0005538240413344383,0.10894072158477491,5,4,8
lower,Wearing_Necklace,0.5403557409592754,0.27084812372916794,0.2182697411816644,0.9416370562741938,0.18129313443769585,0.0007320276081361378,0.12927766200507168,5,5,9
lower,Mouth_Slightly_Open,0.5356738690944701,0.17762310162134465,0.299543345953465,0.7476470459843966,0.26776593789014863,0.0013591799885124766,0.48848828742875794,5,5,10
lower,Bald,-0.4865891299025904,0.2919086690986941,-0.7802605017686898,-0.1024199994770057,-0.06967075035591938,0.00012033605482981543,0.020939516432750008,0,1,11
lower,Smiling,-0.4834555218136957,0.13844913992393154,-0.6439721055126468,-0.36759571933634044,-0.241695469370028,0.0008635479603193958,0.49182756283110296,0,5,12
lower,Arched_Eyebrows,0.44737714891476144,0.17510426150829986,0.2787968027606935,0.7332824002081193,0.19895445497513564,0.0007280389995121918,0.27146049361018354,5,5,13
lower,Double_Chin,0.43285680531744086,0.14723971614652742,0.21194186202501522,0.6259337626813826,0.09198144520213199,0.00014808113677404833,0.047402646312988024,5,2,14
lower,Wearing_Necktie,-0.42922112806121093,0.2989132774721202,-0.8497732452964303,-0.0709177020322768,-0.11048880577199258,0.00046529761971540886,0.07135504280800421,0,4,15
lower,Attractive,0.4238863543864195,0.2920521467705582,0.13099799949902133,0.9073202081120051,0.2119165775009712,0.0007135173875151243,0.5079213638303749,5,4,16
lower,Wavy_Hair,0.4160808240163368,0.2032883726963467,0.20773648180376877,0.7387128970075165,0.19415909091931433,0.0007568975453130679,0.3204197946220091,5,5,17
lower,Oval_Face,0.36394618026069014,0.12769359529029187,0.17304826770330706,0.4978064072353999,0.1647858112158203,0.0006354325077498951,0.28788068994953425,5,5,18
lower,Bushy_Eyebrows,0.3561800805181715,0.18915373562099005,0.15104799734969715,0.5342543696820587,0.12209688948522994,0.00033801786635755864,0.13600642747746616,5,3,19
lower,Heavy_Makeup,0.32711016038332064,0.34359663539746305,0.10982425953717492,0.9296467495634175,0.16008660426268553,0.00025276463676294407,0.3975746315498757,5,2,20
lower,Mustache,-0.31222341462685615,0.19552729798883947,-0.5351125322765792,-0.05749210859033756,-0.06442662808112384,7.784859504788806e-05,0.04456551758768736,0,0,21
lower,Pale_Skin,-0.27646502958739483,0.14680463130988183,-0.42686400218024795,-0.10550420980126318,-0.05582184837505244,0.0001288198004795475,0.04258203821336212,0,2,22
lower,Goatee,-0.27096652717087644,0.14597085416568387,-0.4267488803126978,-0.10132579927113869,-0.0642154269976796,6.127595880091961e-05,0.059730347234427175,0,0,23
lower,Eyeglasses,0.2630884231361833,0.6017534406159665,-0.209648456059605,1.2386754590267381,0.06581742443617511,0.0006898989645937666,0.06708679605312712,2,1,24
lower,Rosy_Cheeks,-0.255120332762794,0.13542306361421047,-0.39176306490955637,-0.09677344678746337,-0.06511445324128037,0.00011222238464655084,0.07004946144768887,0,1,25
lower,Narrow_Eyes,0.2530088617265972,0.16902129924238574,0.10046864537537467,0.4516423812471909,0.07978387949259473,0.00016782132710100537,0.11197870898089332,5,2,26
lower,Big_Lips,-0.22094607600009947,0.10476820587067187,-0.3593167281761912,-0.11744044260020178,-0.09440634151173814,0.00020222231134177604,0.24032739963343291,0,2,27
lower,Blond_Hair,0.21766289128189426,0.41660876457427226,-0.14007285306522368,0.9268975456390942,0.0763116876807597,0.0006637009035599016,0.1435135202992794,3,1,28
lower,Straight_Hair,0.20875553337468533,0.17704810543170799,0.030386339572003228,0.44322844386873445,0.08469344627598527,0.00018789280793043056,0.20776318762710588,5,3,29
lower,Bangs,0.19784033884172514,0.4416777828663603,-0.2707845946997244,0.8079172839379042,0.07088402928570774,0.0007448910074483515,0.15124657912576264,2,2,30
lower,Black_Hair,0.18043693252777343,0.24425898967192106,-0.19522491177476886,0.40015457225314127,0.07708097687646961,0.00023866675381638028,0.24017675563031962,4,3,31
lower,Young,-0.13823240631974756,0.06925175089022347,-0.25547426733708944,-0.07523995586077226,-0.05970686567937311,9.565867901626907e-05,0.7518642195385272,0,1,32
lower,Sideburns,0.09977310431284234,0.06759934002573569,0.04425666304043911,0.2113103428112076,0.023240213045505335,1.2301630514839683e-05,0.05757111652313641,5,0,33
lower,Pointy_Nose,-0.0973581315971825,0.07996633202751037,-0.21444171200510062,0.007715605717313479,-0.04396367966405107,7.582274053906832e-05,0.285319741896608,1,1,34
lower,Wearing_Lipstick,-0.08974537661868665,0.18192623239621164,-0.20467074865827198,0.2302426129753564,-0.044849762691391695,5.2075802804002304e-05,0.4840191820030631,1,0,35
lower,Chubby,0.041119242903765715,0.0557940129730371,-0.0367901446992842,0.11856671810722151,0.009540580943605638,3.079487496266087e-06,0.05709407717994426,4,0,36
lower,Receding_Hairline,0.0354090177306008,0.09512433798979002,-0.056708168888431804,0.1676938906699674,0.009518510624384864,1.9442751214041694e-05,0.07841020362047754,3,0,37
lower,High_Cheekbones,0.03073032219023015,0.054492401086646325,-0.027813120205114457,0.09449016757345963,0.015328732575934511,1.087330569600714e-05,0.4655903989555349,3,0,38
lower,Big_Nose,-0.006109594398983972,0.13267161786083834,-0.12486312635263692,0.213143035570596,-0.0025725249165652803,5.3308683372048326e-05,0.2303597880941023,2,1,39
lower,Wearing_Earrings,0.005718130685812961,0.2571646239797765,-0.28686255865099985,0.39434699246476224,0.002281655758931514,0.00013763782929035456,0.1986994401064551,2,1,40
upper,Wearing_Hat,0.6743957454188629,0.387214392399483,0.24332703701712896,1.03799268680876,0.1393094968939232,0.003278278143568929,0.044665946923096236,5,5,1
upper,Eyeglasses,0.6581184220811437,0.20541266914104792,0.43250294998101746,0.9180891498766219,0.16464297059912386,0.0037930129024090547,0.06708679605312712,5,5,2
upper,Pale_Skin,0.5950943117919033,0.09483103210711298,0.49827922061538216,0.7348027921575624,0.12015720212889598,0.0020577582823603736,0.04258203821336212,5,5,3
upper,5_o_Clock_Shadow,-0.4822389967313708,0.026322528576704557,-0.5223320598608819,-0.4568774154858425,-0.15024870907990145,0.0019732975702790845,0.10894072158477491,0,5,4
upper,Wearing_Necklace,-0.3569978351022938,0.07015535593515942,-0.4540946432294541,-0.27721802700798825,-0.11977527322698385,0.0018376468571477272,0.12927766200507168,0,5,5
upper,Blond_Hair,0.3175396109527279,0.09784209943857392,0.22129898804882428,0.4438975187532374,0.11132804252752379,0.0014835402424671605,0.1435135202992794,5,5,6
upper,Bald,0.2916651007027438,0.08844885809620556,0.14502835636987885,0.38490600543972037,0.04176115981600923,0.00024144870558704055,0.020939516432750008,5,4,7
upper,Rosy_Cheeks,-0.2808714701399041,0.10875179540105194,-0.42579379842019255,-0.1249222748436923,-0.07168692519007894,0.0006783478533193823,0.07004946144768887,0,4,8
upper,Goatee,0.278187396239609,0.04183056359048955,0.23359857871358464,0.340607928049599,0.06592667596774367,0.00035875883674057725,0.059730347234427175,5,5,9
upper,Narrow_Eyes,0.2690661970941971,0.058741985420525354,0.21270091827150936,0.3598645379305144,0.08484740375493918,0.0010125393469772657,0.11197870898089332,5,5,10
upper,Attractive,-0.24483690384787754,0.048609642119663225,-0.2824443400734322,-0.16393680940787578,-0.12240308793256797,0.0014139002206840054,0.5079213638303749,0,5,11
upper,Wearing_Lipstick,-0.2266969023605455,0.0847920118229538,-0.3195380055514009,-0.10700053093017137,-0.11329054104862979,0.0004555434105489635,0.4840191820030631,0,4,12
upper,Brown_Hair,-0.2242292964398561,0.08667778558761433,-0.3682011269506069,-0.15985440144005433,-0.09139414645525497,0.0010569377007086593,0.2103994576815888,0,5,13
upper,Gray_Hair,0.2124491719786447,0.08528895420912377,0.11191780119684919,0.32853602961294914,0.04175435978718116,0.00022225274142141698,0.04024705616510583,5,2,14
upper,Mouth_Slightly_Open,0.20883180450936067,0.034918577535015205,0.16093302585192876,0.24300147493288793,0.10438822429450925,0.0011080113136250835,0.48848828742875794,5,5,15
upper,Oval_Face,-0.20849782881125417,0.03860590214998661,-0.23792349843851965,-0.14157168144968474,-0.09440264995442432,0.001131740566292276,0.28788068994953425,0,5,16
upper,Arched_Eyebrows,-0.194672581199455,0.039377711761237465,-0.25618446148152946,-0.15616121470991637,-0.08657343671909314,0.0007782063039667688,0.27146049361018354,0,5,17
upper,Male,-0.18718107369198417,0.26299712777408857,-0.5538497883220951,0.10901044212295875,-0.09192390824463101,0.0008109160866464071,0.4060609103919255,2,3,18
upper,Smiling,-0.1656473197150118,0.04272737846278659,-0.22087096969290088,-0.1264717942650078,-0.08281259574450614,0.00044496364958363443,0.49182756283110296,0,5,19
upper,Mustache,-0.15749021266295987,0.06662538400669911,-0.21386017196297818,-0.04526125922940756,-0.032497765645731466,0.00011399516988942417,0.04456551758768736,0,2,20
upper,Big_Nose,0.14641329381788565,0.03559770500099263,0.10270686367607212,0.20167880581882994,0.06164923919099141,0.0004155474781479689,0.2303597880941023,5,4,21
upper,Receding_Hairline,-0.1306542422543305,0.05535926260969712,-0.1999610996934757,-0.0763727522933959,-0.03512195120691074,0.00017024299954937383,0.07841020362047754,0,2,22
upper,High_Cheekbones,-0.11189027050723663,0.027951073296054257,-0.1520657186080094,-0.08383788050937745,-0.05581249763140077,0.00022265555789169211,0.4655903989555349,0,3,23
upper,Blurry,0.11176746032487359,0.09675036800828711,0.023523448983982384,0.2604161619528933,0.024117513946289047,0.00013784518697121183,0.04895930101182555,5,1,24
upper,Black_Hair,-0.10828356726542876,0.07747843210572992,-0.19119353084294344,-0.003780979270204763,-0.04625773131674925,0.0003450298990324089,0.24017675563031962,0,3,25
upper,Straight_Hair,-0.10742004745944449,0.061974882420822,-0.183334276687894,-0.029885428274928693,-0.043580995777204576,0.00031231161462100775,0.20776318762710588,0,2,26
upper,Bushy_Eyebrows,-0.0983873599052704,0.028267471820641193,-0.14273455551611636,-0.07243574517452404,-0.03372673337492965,0.00015094618847500218,0.13600642747746616,0,1,27
upper,Heavy_Makeup,-0.09031443634668591,0.07982505202951219,-0.18229116333666745,0.022863967479606836,-0.044199579168365775,0.00013930496365213528,0.3975746315498757,1,2,28
upper,Chubby,0.08708262477083958,0.026679528227052506,0.05665414836884188,0.12709155638160274,0.02020511010750506,4.023904150394105e-05,0.05709407717994426,5,0,29
upper,Wavy_Hair,-0.07323049160380708,0.10636982506806995,-0.1575081716343178,0.08850485208183212,-0.034172124396704716,0.000329816254995407,0.3204197946220091,1,4,30
upper,Big_Lips,0.0709463394351479,0.023338746622038168,0.04821415308884495,0.10943134446907526,0.030314113158177357,0.0001329190697684,0.24032739963343291,5,1,31
upper,No_Beard,-0.06581889493004532,0.0542121220551328,-0.11797983894960247,0.011751857672783833,-0.02424754097607083,5.1094313042154436e-05,0.8380576966531924,1,0,32
upper,Double_Chin,0.041769812589751446,0.08366200100773186,-0.0518713453348742,0.1230238420467558,0.008876024774543934,3.147790244022632e-05,0.047402646312988024,3,0,33
upper,Wearing_Earrings,-0.03654277121685493,0.07051618875819307,-0.10170641800515674,0.07357228282864073,-0.014581342920531681,9.953675125063245e-05,0.1986994401064551,1,1,34
upper,Bags_Under_Eyes,0.025172006779192117,0.042026883147731876,-0.014199429933191976,0.09499010477702075,0.0101624671727049,3.288016998663803e-05,0.2050264882372141,4,0,35
upper,Pointy_Nose,0.018533256405520466,0.020771221748578532,-0.01483724995640098,0.03694500719013385,0.008368999428986617,1.9214198050960627e-05,0.285319741896608,4,0,36
upper,Wearing_Necktie,-0.009039297638018922,0.21217630700767218,-0.2651087187185591,0.28813498742121857,-0.0023268686831741285,0.0002917108523474604,0.07135504280800421,3,3,37
upper,Young,-0.005279141774017478,0.04608276371537586,-0.07699305033181872,0.044817137269833336,-0.002280225145430316,3.110541333242933e-05,0.7518642195385272,3,0,38
upper,Bangs,0.0013834004697347968,0.14213144271782807,-0.08700819740037116,0.252858951185845,0.0004956572556671223,0.00026924439275916495,0.15124657912576264,1,1,39
upper,Sideburns,0.0010975480096764398,0.0791473806709871,-0.0655067199555688,0.13720821916389286,0.00025565256035907125,2.405273217311662e-05,0.05757111652313641,1,0,40
