branch,repeat,attribute,coef,cluster_se,t,pvalue,ci_low,ci_high,bh_qvalue,prevalence,coef_per_sd,partial_r2
lower,0,5_o_Clock_Shadow,0.2405797727517116,0.11354189029455504,2.1188635500746877,0.034225952365996966,0.01790591340791403,0.4632536320955092,0.07205463655999361,0.10894072158477491,0.0749561950229756,0.0001695329656010035
lower,0,Arched_Eyebrows,0.3369452561953487,0.07346932021379869,4.586203536589482,4.795476881739244e-06,0.1928601345461421,0.4810303778445553,2.740272503850997e-05,0.27146049361018354,0.1498439514968958,0.0007906077789552738
lower,0,Attractive,0.13099799949902133,0.06839228342503703,1.9153915169772737,0.055586208656094,-0.0031302386347607236,0.2651262376328034,0.111172417312188,0.5079213638303749,0.0654907793705471,0.00013319165677263316
lower,0,Bags_Under_Eyes,0.48703528068745067,0.07109444330348262,6.8505393397403935,9.781414056888632e-12,0.3476076735970968,0.6264628877778045,6.520942704592421e-11,0.2050264882372141,0.19662635940598552,0.0014576631909780401
lower,0,Bald,-0.1024199994770057,0.1944080068987071,-0.5268301502127423,0.5983704391107256,-0.4836852846608891,0.2788452857068777,0.7039652224832066,0.020939516432750008,-0.014664688905903712,9.430202006140986e-06
lower,0,Bangs,-0.013055486805342898,0.08230974687691112,-0.15861410465599574,0.8739890584255081,-0.17447810317314374,0.14836712956245793,0.8739890584255081,0.15124657912576264,-0.004677638111959813,1.0116427399094454e-06
lower,0,Big_Lips,-0.15805356999501602,0.073459984855595,-2.151560067779922,0.03155238929655779,-0.3021203835093644,-0.013986756480667661,0.07011642065901731,0.24032739963343291,-0.0675334886060261,0.00019883977467276802
lower,0,Big_Nose,-0.027306641841987316,0.078368205373072,-0.3484403108632384,0.727546502273585,-0.18099926308511036,0.12638597940113575,0.7658384234458789,0.2303597880941023,-0.01149781997605578,4.589796421676584e-06
lower,0,Black_Hair,0.13973028250820943,0.07485654432315529,1.8666408364376876,0.062099170383217064,-0.007075408134553984,0.28653597315097284,0.1182841340632706,0.24017675563031962,0.05969147515462236,0.00013225252499838688
lower,0,Blond_Hair,-0.019815547929195796,0.09364795229517325,-0.21159616888085567,0.8324438313409338,-0.2034742038060047,0.16384310794761311,0.8537885449650603,0.1435135202992794,-0.006947247166893161,1.8895890795629897e-06
lower,0,Blurry,-1.382394156485986,0.12240577764160615,-11.293536817628986,1.0405245945138991e-28,-1.622451520712749,-1.1423367922592231,4.1620983780555966e-27,0.04895930101182555,-0.2982971094754269,0.004156387208617135
lower,0,Brown_Hair,0.525292515334183,0.07443123162541063,7.057420707181332,2.3353181520898136e-12,0.37932093111319076,0.6712640995551752,1.868254521671851e-11,0.2103994576815888,0.214105212122354,0.0018086381365245694
lower,0,Bushy_Eyebrows,0.16193806650673223,0.08969869064689032,1.8053559682852105,0.0711705314106708,-0.013975453803809101,0.33785158681727356,0.12755313683663785,0.13600642747746616,0.05551162260663135,0.0001269784422030169
lower,0,Chubby,0.054351327823258036,0.1324027594274598,0.4104999628277067,0.6814835570098374,-0.2053117212328726,0.31401437687938866,0.7474113945216065,0.05709407717994426,0.012610719601618688,5.160667764348711e-06
lower,0,Double_Chin,0.21194186202501522,0.14986269861757323,1.4142402611196703,0.15744827342611498,-0.08196292841206745,0.5058466524620979,0.24811668889796032,0.047402646312988024,0.04503733920411639,6.559951954804542e-05
lower,0,Eyeglasses,-0.209648456059605,0.11701485375695903,-1.791639687855756,0.07334305368106676,-0.439133353827435,0.019836441708225044,0.12755313683663785,0.06708679605312712,-0.052448227293229316,0.00011880321781491649
lower,0,Goatee,-0.1541687075290883,0.13816404203672797,-1.1158381388994527,0.2646265538450264,-0.4251305559098376,0.11679314085166104,0.3414536178645502,0.059730347234427175,-0.03653591270857474,3.691664827121472e-05
lower,0,Gray_Hair,0.3987247418888372,0.1447393851581558,2.7547770874745203,0.005926841304854132,0.11486759094125859,0.6825818928364158,0.021435031732493545,0.04024705616510583,0.0783646091619079,0.000245469719340247
lower,0,Heavy_Makeup,0.14934436585434221,0.0933210810179736,1.6003282883701118,0.10968498491300474,-0.033673243016697635,0.3323619747253821,0.18280830818834123,0.3975746315498757,0.07308862667967704,8.711595942416255e-05
lower,0,High_Cheekbones,-0.027813120205114457,0.07004516620170374,-0.39707408395638794,0.6913555399324861,-0.16518292659153389,0.10955668618130499,0.7474113945216065,0.4655903989555349,-0.013873589710102788,4.5805626202687e-06
lower,0,Male,0.9965866692929825,0.12152584246573929,8.200615186633586,4.2454115376485586e-16,0.758254999090463,1.234918339495502,5.660548716864745e-15,0.4060609103919255,0.4894198956068584,0.003243490908767834
lower,0,Mouth_Slightly_Open,0.45004650406917296,0.06072623620055587,7.411071922568015,1.8444740929418334e-13,0.33095261420067507,0.5691403939376708,1.844474092941833e-12,0.48848828742875794,0.22496360417949068,0.0017580200798203282
lower,0,Mustache,-0.18344872114475627,0.1508375401950533,-1.216200694518966,0.22405315455340996,-0.4792653322829312,0.11236788999341871,0.3090388338667724,0.04456551758768736,-0.03785424787335726,4.825859134350516e-05
lower,0,Narrow_Eyes,0.1706441394126573,0.07591990075043503,2.2476865449758834,0.02470563113008864,0.021753036250284213,0.3195352425750304,0.05813089677667915,0.11197870898089332,0.05381096678632963,0.00013886782941895253
lower,0,No_Beard,0.31266170781853353,0.11656009327587355,2.682407838148586,0.007370072102216039,0.08406866829912302,0.5412547473379441,0.022299765548600237,0.8380576966531924,0.11518390851192245,0.00024159260747265795
lower,0,Oval_Face,0.17304826770330706,0.06506284046608855,2.6597096970197858,0.007883740724777613,0.04544960126514125,0.30064693414147287,0.022299765548600237,0.28788068994953425,0.07835196718524784,0.0002630631827696879
lower,0,Pale_Skin,-0.42686400218024795,0.12357959227225117,-3.454162571113264,0.0005636010136188705,-0.6692234051812631,-0.18450459917923284,0.0028180050680943524,0.04258203821336212,-0.08618933700958858,0.0003643245610336693
lower,0,Pointy_Nose,-0.07648263405267117,0.06578952260633956,-1.1625351731204263,0.24515796194081596,-0.20550644072996915,0.05254117262462682,0.3268772825877546,0.285319741896608,-0.034537002386884216,5.3291175255538247e-05
lower,0,Receding_Hairline,0.0986214531879358,0.1032407147205685,0.9552573658063566,0.3395639372783388,-0.10385014851432556,0.30109305489019716,0.4244549215979235,0.07841020362047754,0.026511024878003966,3.0411103621731784e-05
lower,0,Rosy_Cheeks,-0.30006125694930164,0.11367155892326405,-2.639721490508133,0.00836241208072509,-0.5229894172732533,-0.07713309662534998,0.022299765548600237,0.07004946144768887,-0.07658474130053552,0.0002478393868530399
lower,0,Sideburns,0.10299316633302343,0.128708865320198,0.8002025818252702,0.42368923679961323,-0.1494255638665386,0.3554118965325854,0.5135627112722585,0.05757111652313641,0.02399026415280677,1.830380860828758e-05
lower,0,Smiling,-0.6439721055126468,0.07378975902429416,-8.72712032167809,5.428939223400147e-18,-0.7886856590686278,-0.49925855195666596,1.0857878446800294e-16,0.49182756283110296,-0.3219430398047325,0.0022632491026490253
lower,0,Straight_Hair,0.030386339572003228,0.06929607150510858,0.43850017630166976,0.6610714844858185,-0.10551437195724864,0.1662870511012551,0.7474113945216065,0.20776318762710588,0.01232793103235355,6.4372380014595925e-06
lower,0,Wavy_Hair,0.20773648180376877,0.06820020728049282,3.0459802116054164,0.0023497680683114714,0.0739849357990554,0.34148802780848214,0.009399072273245886,0.3204197946220091,0.09693772010077731,0.0003528545189544397
lower,0,Wearing_Earrings,0.09439732229732473,0.0760223509482722,1.241704855478034,0.2144922489000334,-0.05469470213634087,0.24348934673099032,0.3090388338667724,0.1986994401064551,0.03766653927336459,5.5400359656994824e-05
lower,0,Wearing_Hat,-0.4355263282472891,0.14132293012733582,-3.081781051771768,0.002085944532953389,-0.7126832628693016,-0.15836939362527658,0.009270864590903951,0.044665946923096236,-0.08996639448622844,0.00036119265007757053
lower,0,Wearing_Lipstick,-0.13528708044103438,0.11031873351690859,-1.2263291657558677,0.22022035475729715,-0.3516398123393866,0.08106565145731787,0.3090388338667724,0.4840191820030631,-0.06760898089237308,5.197031628394468e-05
lower,0,Wearing_Necklace,0.2182697411816644,0.08001449781033461,2.7278774116541773,0.006430509519748063,0.061348476398586566,0.3751910059647422,0.021435031732493545,0.12927766200507168,0.07323102640027444,0.00023548027366101872
lower,0,Wearing_Necktie,-0.2530144380530303,0.1078613282449333,-2.345738200798723,0.019087436264848504,-0.4645478040375074,-0.041481072068553226,0.04771859066212126,0.07135504280800421,-0.06513021208863799,0.00017155601144797474
lower,0,Young,-0.1283467892925846,0.09159014963851123,-1.4013165149215805,0.1612758477836742,-0.3079697640816635,0.051276185496494264,0.24811668889796032,0.7518642195385272,-0.05543696093190564,0.00010308715274882835
lower,1,5_o_Clock_Shadow,0.9572824959060606,0.16551336476351122,5.783717207814878,8.469720995320647e-09,0.6326842387407385,1.2818807530713827,5.6464806635470985e-08,0.10894072158477491,0.2982555542159769,0.0011927393423598678
lower,1,Arched_Eyebrows,0.4554611246379993,0.11022745572778161,4.13201159031384,3.74548276520117e-05,0.23928740312536942,0.6716348461506292,0.00013619937328004255,0.27146049361018354,0.20254950444950084,0.0006426630972247851
lower,1,Attractive,0.42891847546676615,0.1049911314782246,4.085282913211816,4.577428195695975e-05,0.22301402573039,0.6348229252031423,0.0001525809398565325,0.5079213638303749,0.21443232226577066,0.0006348239573038687
lower,1,Bags_Under_Eyes,0.7439917913807479,0.10570747818000668,7.038213418674339,2.6718469154841845e-12,0.536682470857914,0.9513011119035818,2.6718469154841843e-11,0.2050264882372141,0.30036509297775665,0.0015129432311663008
lower,1,Bald,-0.7802605017686898,0.29928227532827495,-2.6071056193115423,0.009199534417735376,-1.367201049505333,-0.1933199540320465,0.01672642621406432,0.020939516432750008,-0.11171917186516948,0.00024339022304252665
lower,1,Bangs,0.4986689700636999,0.1254111150174287,3.9762741125011023,7.25128284413315e-05,0.25271765717738515,0.7446202829500147,0.00020717950983237571,0.15124657912576264,0.17866763717053485,0.0006560775541101928
lower,1,Big_Lips,-0.30459248789784604,0.112116664790675,-2.7167458866755347,0.006649976313907675,-0.5244712514178832,-0.08471372437780891,0.012666621550300333,0.24032739963343291,-0.13014697049600954,0.00032843601018122255
lower,1,Big_Nose,-0.09392281030406398,0.11674788417251152,-0.8044926121768489,0.42120892236714413,-0.32288413789403175,0.13503851728590383,0.48138162556245045,0.2303597880941023,-0.03954743211451486,2.415263635604421e-05
lower,1,Black_Hair,0.40015457225314127,0.11174291581986491,3.5810285539551354,0.0003504797679460246,0.1810087904153727,0.6193003540909099,0.0008246582775200579,0.24017675563031962,0.1709423059833403,0.00048228132948980424
lower,1,Blond_Hair,-0.14007285306522368,0.144706780589852,-0.9679771223868048,0.33317377653075386,-0.42386606122448334,0.143720355094036,0.42990164713645657,0.1435135202992794,-0.04910894894721747,4.1997145770310906e-05
lower,1,Blurry,-1.9558287539196884,0.18653346259227982,-10.485136161304688,4.512028737861103e-25,-2.3216507946170037,-1.590006713222373,1.804811495144441e-23,0.04895930101182555,-0.42203452697326527,0.003702421448808061
lower,1,Brown_Hair,0.7386970000539609,0.11253232706633362,6.56430929059635,6.653852290128994e-11,0.5180030561378214,0.9593909439701004,5.323081832103195e-10,0.2103994576815888,0.30108724810229137,0.0015912943740430652
lower,1,Bushy_Eyebrows,0.5342543696820587,0.13231993442095724,4.0375954841573884,5.605494469097399e-05,0.274753753749071,0.7937549856150465,0.00017247675289530458,0.13600642747746616,0.18313993482502902,0.0006144556197610346
lower,1,Chubby,-0.0367901446992842,0.1877904915648213,-0.19591058307968173,0.8447002164387674,-0.4050774208431528,0.33149713144458437,0.8891581225671236,0.05709407717994426,-0.008536133660144314,1.0517787846455373e-06
lower,1,Double_Chin,0.44226932387939144,0.21262296229955246,2.0800637856616033,0.0376477671065432,0.025281589418336747,0.8592570583404462,0.05829375378523026,0.047402646312988024,0.09398159178567751,0.00012705394573346638
lower,1,Eyeglasses,-0.014049878268309241,0.17954857899945573,-0.07825112482985361,0.9376361857593931,-0.36617344184280815,0.3380736853061897,0.9616781392404032,0.06708679605312712,-0.003514889747859537,2.3736437147842377e-07
lower,1,Goatee,-0.4070286038646713,0.22159182906487457,-1.8368394068605625,0.06638311598620987,-0.8416057246869496,0.02754851695760696,0.09483302283744267,0.059730347234427175,-0.09646031142789993,0.00011445111612401891
lower,1,Gray_Hair,0.9302111412409326,0.21401074836092848,4.346562723439172,1.4528226551742097e-05,0.5105017357082722,1.349920546773593,5.811290620696839e-05,0.04024705616510583,0.18282194422166304,0.000594069445809093
lower,1,Heavy_Makeup,0.10982425953717492,0.14189139485299695,0.7740022546889163,0.43902167627753974,-0.1684475255953883,0.3880960446697381,0.4878018625305997,0.3975746315498757,0.05374762053972159,2.095653060409613e-05
lower,1,High_Cheekbones,0.09449016757345963,0.10688900153538901,0.8840027151172859,0.37680185624191864,-0.11513630976933992,0.30411664491625917,0.4567295227174772,0.4655903989555349,0.04713307269681945,2.3515729740129832e-05
lower,1,Male,1.5863272818109877,0.1821146881691451,8.710594942993467,6.248165261759818e-18,1.2291711665427494,1.943483397079226,1.2496330523519635e-16,0.4060609103919255,0.7790392512605446,0.003653955813730814
lower,1,Mouth_Slightly_Open,0.6685124439562331,0.09012316234317018,7.417765051460105,1.7560347876084955e-13,0.49176646656269235,0.8452584213497738,2.3413797168113273e-12,0.48848828742875794,0.3341676192825589,0.0017255050311805761
lower,1,Mustache,-0.45914374241894745,0.24132859672456458,-1.9025666607715856,0.057241768353483845,-0.9324278304614622,0.014140345623567308,0.08480261978293903,0.04456551758768736,-0.09474332078506585,0.00013445569788949078
lower,1,Narrow_Eyes,0.4196492013672528,0.1127815399860347,3.720903273879895,0.00020403422456742663,0.19846651094104362,0.640831891793462,0.0005440912655131376,0.11197870898089332,0.13233228702964778,0.0003734769684674449
lower,1,No_Beard,0.8419721428913576,0.17222905145644227,4.888676653394316,1.0967367570709723e-06,0.5042033469039383,1.1797409388787767,4.8743855869820994e-06,0.8380576966531924,0.3101807475978889,0.0007788795150345674
lower,1,Oval_Face,0.4978064072353999,0.09586407339075567,5.192835956451274,2.2831572624251139e-07,0.30980158241736266,0.6858112320534371,1.1415786312125569e-06,0.28788068994953425,0.22539440470555364,0.0009676412764489527
lower,1,Pale_Skin,-0.13448641831370525,0.1868560333933705,-0.7197328117876911,0.47177429290135897,-0.5009410720933302,0.2319682354659197,0.5100262625960638,0.04258203821336212,-0.02715453908516253,1.60913155827953e-05
lower,1,Pointy_Nose,-0.21444171200510062,0.09629226298448118,-2.2269879776286996,0.026059913263608958,-0.4032862852993906,-0.02559713871081068,0.0434331887726816,0.285319741896608,-0.09683471301821665,0.00018632212181820501
lower,1,Receding_Hairline,0.004577507210411455,0.15065557252071282,0.030383922305841814,0.9757639230902221,-0.29088223613019476,0.30003725055101765,0.9757639230902221,0.07841020362047754,0.0012305071930262907,2.9143029858328533e-08
lower,1,Rosy_Cheeks,-0.3603843493236639,0.17347667409813533,-2.077422519178546,0.03789093996039967,-0.7005999334340375,-0.020168765213290363,0.05829375378523026,0.07004946144768887,-0.09198102561563926,0.00015903581663389454
lower,1,Sideburns,0.2113103428112076,0.20361756144532714,1.037780539710206,0.2994986998395711,-0.1880163560801015,0.6106370417025168,0.39933159978609484,0.05757111652313641,0.04922065339625925,3.427151212535532e-05
lower,1,Smiling,-0.36759571933634044,0.11089882215807441,-3.314694531312263,0.0009339526482380221,-0.5850860981080607,-0.1501053405646202,0.0018679052964760442,0.49182756283110296,-0.18377330677722123,0.0003286657521822311
lower,1,Straight_Hair,0.23161084210841937,0.10325444786891091,2.243107651909255,0.024999849820293324,0.02911230749941837,0.43410937671742034,0.0434331887726816,0.20776318762710588,0.09396599024677083,0.00016632792312206004
lower,1,Wavy_Hair,0.3747695571551726,0.10343313169434053,3.6233028142536514,0.0002981815187891902,0.17192059490305672,0.5776185194072885,0.0007454537969729755,0.3204197946220091,0.17488168721427383,0.0005107450851571437
lower,1,Wearing_Earrings,0.39434699246476224,0.114874914653446,3.4328381758056232,0.0006095583493542292,0.16905885853188135,0.6196351263976432,0.001283280735482588,0.1986994401064551,0.15735283710932274,0.00042989427943339645
lower,1,Wearing_Hat,-0.17994928385282702,0.2195538745056533,-0.8196133375373136,0.4125350151326389,-0.6105296488901538,0.25063108118449984,0.48138162556245045,0.044665946923096236,-0.037172008231441525,2.743654016761225e-05
lower,1,Wearing_Lipstick,-0.20105701227921002,0.1721070967979347,-1.1682087259612801,0.24286293882334692,-0.5385866356193854,0.13647261106096525,0.33498336389427164,0.4840191820030631,-0.10047714576402163,5.105703643387539e-05
lower,1,Wearing_Necklace,0.6468171332456434,0.12120288008662931,5.336648211522146,1.055066060845343e-07,0.4091188440727396,0.8845154224185472,6.028948919116247e-07,0.12927766200507168,0.2170116769481036,0.0009191945417281741
lower,1,Wearing_Necktie,-0.5716669369038827,0.16119085277362075,-3.546522194449469,0.0003994080996255715,-0.8877880547125165,-0.2555458190952489,0.0008875735547234922,0.07135504280800421,-0.1471567754438114,0.00038947614234310094
lower,1,Young,-0.12997384793907937,0.13943732250658405,-0.9321309790134716,0.35138225465959305,-0.403432803559407,0.14348510768124825,0.4392278183244913,0.7518642195385272,-0.05613973804940741,4.7026740162754255e-05
lower,2,5_o_Clock_Shadow,0.38118656723439415,0.129221975259324,2.949858694462958,0.003216411302936246,0.12776154613975865,0.6346115883290296,0.0071475806731916575,0.10894072158477491,0.11876432647248218,0.0003254805512828761
lower,2,Arched_Eyebrows,0.2787968027606935,0.08251087255624004,3.3789098833085722,0.000741815777991811,0.11697974667453737,0.44061385884684967,0.0017454488893924964,0.27146049361018354,0.12398457560163056,0.00041415530674839744
lower,2,Attractive,0.361701767684251,0.07655127967053783,4.724960434899935,2.463160283223033e-06,0.2115724291843925,0.5118311061841094,8.21053427741011e-06,0.5079213638303749,0.180828186353511,0.0007761600127144062
lower,2,Bags_Under_Eyes,0.6148837489827298,0.08127486399392027,7.565484810023501,5.876140982581693e-14,0.4554907039469421,0.7742767940185176,3.917427321721129e-13,0.2050264882372141,0.24824146794812124,0.00177650056925962
lower,2,Bald,-0.4923806108694073,0.2358751752323227,-2.087462618244766,0.036973644249710294,-0.954969664619683,-0.029791557119131562,0.06430198999949617,0.020939516432750008,-0.07049998553573307,0.00016667356299826175
lower,2,Bangs,0.8079172839379042,0.09446222974977732,8.552807678561162,2.3620605481683265e-17,0.622661699359953,0.9931728685158554,2.3620605481683263e-16,0.15124657912576264,0.28946792524905324,0.00295441807967525
lower,2,Big_Lips,-0.11744044260020178,0.0829012892075701,-1.4166298705699472,0.15674816117977577,-0.2800231683636745,0.04514228316327096,0.24115101719965504,0.24032739963343291,-0.050180219228692445,8.397723381167854e-05
lower,2,Big_Nose,0.213143035570596,0.08680743007708654,2.4553547476445416,0.014159809237181964,0.042899741004725295,0.3833863301364667,0.02697106521367993,0.2303597880941023,0.08974667285424108,0.00021384047690205417
lower,2,Black_Hair,-0.19522491177476886,0.08562909940490926,-2.279889817030778,0.022719926853673127,-0.3631573108845555,-0.027292512664982255,0.041308957915769315,0.24017675563031962,-0.08339826386654807,0.00019744526516625883
lower,2,Blond_Hair,0.9268975456390942,0.10342128161472483,8.962348282358988,7.154833362359058e-19,0.7240718232938947,1.1297232679842937,9.539777816478745e-18,0.1435135202992794,0.3249663532368828,0.0031523175502153663
lower,2,Blurry,-1.4544291367628077,0.1451152239252408,-10.022581348956798,4.2536009695473666e-23,-1.73902336781836,-1.1698349057072555,1.7014403878189467e-21,0.04895930101182555,-0.3138410310819222,0.003521242449109615
lower,2,Brown_Hair,0.7197013634648675,0.08465567932777611,8.501513060668671,3.6223241123427325e-17,0.5536779972659798,0.8857247296637552,2.897859289874186e-16,0.2103994576815888,0.29334477189602065,0.0025947375086075148
lower,2,Bushy_Eyebrows,0.15104799734969715,0.09887715091173564,1.52763298655857,0.1267630877707412,-0.04286595579408914,0.34496195049348344,0.2028209404331859,0.13600642747746616,0.05177855710667792,8.450106076728805e-05
lower,2,Chubby,0.02675679122474113,0.14537440710757135,0.18405434462024775,0.8539896313686478,-0.2583457396251586,0.31185932207464084,0.8758868014037413,0.05709407717994426,0.00620817200035124,9.566149019305686e-07
lower,2,Double_Chin,0.4283278509801221,0.16862509751217264,2.5401192189033552,0.011157149319047948,0.09762698676295894,0.7590287151972852,0.022314298638095895,0.047402646312988024,0.09101904895449638,0.0002048995304139087
lower,2,Eyeglasses,1.2386754590267381,0.1370938337712419,9.035238310525491,3.781022300122565e-19,0.9698124607193774,1.5075384573340989,7.562044600245129e-18,0.06708679605312712,0.3098822344730695,0.003162405910167598
lower,2,Goatee,-0.10132579927113869,0.16725290492235054,-0.6058238529141278,0.5447010272583648,-0.4293355737156551,0.22668397517337777,0.6602436694040785,0.059730347234427175,-0.024012853299677537,1.219726010861191e-05
lower,2,Gray_Hair,0.7704466242895122,0.17127580320774716,4.49828060858665,7.246750536379186e-06,0.43454730102180006,1.1063459475572244,2.22976939580898e-05,0.04024705616510583,0.1514221272212684,0.0007006813388563396
lower,2,Heavy_Makeup,0.2898711687872069,0.10816513235623947,2.679894735694703,0.0074254266568643075,0.07774199420932384,0.50200034336509,0.01563247717234591,0.3975746315498757,0.14186196793893865,0.0002509808442112348
lower,2,High_Cheekbones,-0.011013822282760106,0.08050712638975817,-0.13680555718060317,0.8911983713966065,-0.16890121072926048,0.14687356616374028,0.8911983713966065,0.4655903989555349,-0.005493855071424288,5.493877244686563e-07
lower,2,Male,0.9260194992890746,0.13545009682885803,6.836610094558334,1.0756617533952209e-11,0.6603801327863021,1.191658865791847,6.146638590829835e-11,0.4060609103919255,0.4547646287437306,0.0021442881274368834
lower,2,Mouth_Slightly_Open,0.299543345953465,0.0693879054297079,4.31693886850226,1.6600001122872093e-05,0.16346253336762365,0.43562415853930636,4.4266669660992246e-05,0.48848828742875794,0.14973197237261093,0.000596369144155969
lower,2,Mustache,-0.05749210859033756,0.17162779407179432,-0.3349813408793671,0.7376745736815751,-0.39408174240288735,0.27909752522221226,0.7945465945910919,0.04456551758768736,-0.01186337258586454,3.625457304192028e-06
lower,2,Narrow_Eyes,0.10046864537537467,0.08610748482330163,1.166781791171152,0.24343872398671332,-0.06840194427440452,0.2693392350251539,0.3606499614617975,0.11197870898089332,0.03168180845805719,3.682188183488471e-05
lower,2,No_Beard,0.5530426097874528,0.13530916833255704,4.0872515632363395,4.539095065394611e-05,0.28767962667130037,0.8184055929036052,0.00011347737663486527,0.8380576966531924,0.2037397218015732,0.0005779456143308393
lower,2,Oval_Face,0.3180143590591705,0.07235037927146097,4.395476046724929,1.1637040075005862e-05,0.17612366007953326,0.45990505803880777,3.324868592858818e-05,0.28788068994953425,0.1439890208445327,0.000679234698816397
lower,2,Pale_Skin,-0.10550420980126318,0.14489982576755173,-0.728118265445764,0.4666271169948738,-0.38967601051904543,0.17866759091651907,0.5832838962435922,0.04258203821336212,-0.02130265810198643,1.7028700003172462e-05
lower,2,Pointy_Nose,-0.11510102353348342,0.07429827631824239,-1.5491748831489751,0.12149917515737324,-0.26081186107066945,0.030609814003702634,0.20249862526228873,0.285319741896608,-0.05197577690343547,9.231084389925445e-05
lower,2,Receding_Hairline,-0.056708168888431804,0.11610080192772988,-0.4884390800653673,0.6252928462787029,-0.28440046440235633,0.17098412662549273,0.7118686871931157,0.07841020362047754,-0.015244063310670963,7.690811623439366e-06
lower,2,Rosy_Cheeks,-0.09677344678746337,0.1264835677858795,-0.7651068710465888,0.44429890762300794,-0.344828011577506,0.15128111800257926,0.5732889130619457,0.07004946144768887,-0.024699521232197093,1.972166842376704e-05
lower,2,Sideburns,0.04789347700946092,0.15334041241369897,0.3123343432796341,0.7548192648615373,-0.252831668018051,0.3486186220369729,0.7945465945910919,0.05757111652313641,0.011155858253140635,3.02737129014983e-06
lower,2,Smiling,-0.40181938789836935,0.08491702308303928,-4.731906198659782,2.3812484540098556e-06,-0.5683552911216881,-0.23528348467505053,8.21053427741011e-06,0.49182756283110296,-0.20088285515021803,0.0006750445832951743
lower,2,Straight_Hair,0.03708036545912819,0.07943227792066966,0.46681734969455324,0.6406818184738041,-0.11869907273041591,0.19285980364867228,0.7118686871931157,0.20776318762710588,0.015043739867100456,7.331824964767958e-06
lower,2,Wavy_Hair,0.46155730253389,0.0768986945561768,6.002147438233929,2.309194455283228e-09,0.3107466277168536,0.6123679773509264,1.0263086467925458e-08,0.3204197946220091,0.21538014033454328,0.0013309995355374098
lower,2,Wearing_Earrings,-0.04809282908785904,0.08445375881378824,-0.5694575323035501,0.5691101483889515,-0.21372019677013127,0.1175345385944132,0.6695413510458252,0.1986994401064551,-0.01919006166191212,1.0999041510397957e-05
lower,2,Wearing_Hat,-0.18401341096015153,0.16587056100118347,-1.1093795659064456,0.2674009229182223,-0.5093121872429484,0.14128536532264532,0.37761612574274633,0.044665946923096236,-0.03801153236319993,4.933170974219758e-05
lower,2,Wearing_Lipstick,-0.13795465469027327,0.1260180750426327,-1.0947211710986884,0.2737716911634911,-0.38509631354430945,0.10918700416376292,0.37761612574274633,0.4840191820030631,-0.06894208658035032,4.13334560470201e-05
lower,2,Wearing_Necklace,0.4546162730429125,0.09035202529333619,5.03161131769829,5.302288351182623e-07,0.27742145869375945,0.6318110873920656,2.1209153404730493e-06,0.12927766200507168,0.15252694263970923,0.0007809119945290518
lower,2,Wearing_Necktie,-0.8497732452964303,0.12471766427705822,-6.813575688915029,1.2582322625467366e-11,-1.0943645900491996,-0.6051819005436609,6.291161312733683e-11,0.07135504280800421,-0.21874606097303634,0.0014782067160481402
lower,2,Young,-0.10212717116921213,0.10170312832413596,-1.0041694179133283,0.31541941314961547,-0.30158331931437715,0.09732897697595289,0.4205592175328206,0.7518642195385272,-0.044111894262404895,4.992543918003947e-05
lower,3,5_o_Clock_Shadow,0.656137793928383,0.13434949020728387,4.883813052926716,1.1238216629569255e-06,0.3926568935512798,0.9196186943054863,6.421838074039574e-06,0.10894072158477491,0.20442945756041725,0.0008313927462746461
lower,3,Arched_Eyebrows,0.4324001607716464,0.09092254039698226,4.755698189730715,2.1200439425751646e-06,0.2540864747918271,0.6107138467514657,1.028064813677739e-05,0.27146049361018354,0.19229399294570318,0.0008589189067564986
lower,3,Attractive,0.29049332117005366,0.08430790289941649,3.445623852328845,0.0005816013029352807,0.12515200033161164,0.45583464200849566,0.0014540032573382015,0.5079213638303749,0.14522843156477055,0.0004319743619738941
lower,3,Bags_Under_Eyes,0.5934203273635529,0.08722367690721457,6.8034316874168494,1.3479623017433779e-11,0.4223607059965009,0.7644799487306049,9.457451937168401e-11,0.2050264882372141,0.23957623439991182,0.0014277164865050707
lower,3,Bald,-0.3015738771285211,0.23466533528111008,-1.2851232448425327,0.19889922155582115,-0.7617902406723369,0.15864248641529483,0.24862402694477642,0.020939516432750008,-0.04317991713356613,5.393706828888604e-05
lower,3,Bangs,-0.03354447828791107,0.10449192816653181,-0.32102458894672004,0.7482255686811081,-0.23846991025627698,0.17138095368045483,0.8025730997965006,0.15124657912576264,-0.012018619636697658,4.40604987086135e-06
lower,3,Big_Lips,-0.1653271513312421,0.09097603581973086,-1.817260444924618,0.06932803646872066,-0.3437457504159054,0.01309144775342122,0.1260509753976739,0.24032739963343291,-0.07064136097050681,0.0001435406137124578
lower,3,Big_Nose,0.0024015709331723658,0.093810111129159,0.025600342055515223,0.9795786877758559,-0.1815751044278694,0.18637824629421412,0.9795786877758559,0.2303597880941023,0.0010112129645647614,2.3421646692320344e-08
lower,3,Black_Hair,0.15989406504513834,0.09183197614245216,1.7411589270071515,0.08181073086018407,-0.020203170307900253,0.33999130039817693,0.1363512181003068,0.24017675563031962,0.06830525523665709,0.0001142518326144209
lower,3,Blond_Hair,0.17418872224037224,0.11697401474228851,1.4891232264202987,0.1366138577308203,-0.05521608366898256,0.40359352814972704,0.20829245778404856,0.1435135202992794,0.061069828167919775,9.632123070879357e-05
lower,3,Blurry,-1.6962232402070112,0.15634258537701423,-10.849399964294008,1.1081975348701137e-26,-2.0028361279735662,-1.389610352440456,4.432790139480454e-25,0.04895930101182555,-0.36601607957095234,0.004128555690121954
lower,3,Brown_Hair,0.7815191469282512,0.09147564910208643,8.543466535625008,2.5537765563593323e-17,0.6021207260573473,0.960917567799155,3.40503540847911e-16,0.2103994576815888,0.31854122768968696,0.0026389724758264974
lower,3,Bushy_Eyebrows,0.40720550855341486,0.10604309645152558,3.8400001714355505,0.0001268934414833827,0.19923798676590643,0.6151730303409233,0.00041170592274452744,0.13600642747746616,0.13958817097040505,0.0005294833300812017
lower,3,Chubby,0.042711522062892124,0.15198347786237937,0.28102740287051,0.7787186855455535,-0.2553524566529139,0.34077550077869817,0.8025730997965006,0.05709407717994426,0.009910025202052102,2.1025424775456946e-06
lower,3,Double_Chin,0.4558112270212929,0.17408292604984263,2.6183568794724135,0.008902660543419816,0.11440668558890221,0.7972157684536836,0.01978369009648848,0.047402646312988024,0.09685922662121142,0.000200145824196113
lower,3,Eyeglasses,-0.14208585212715055,0.14607757275827082,-0.9726739666072781,0.3308339377270316,-0.428567403608053,0.14439569935375193,0.38921639732591956,0.06708679605312712,-0.03554593822240335,3.600396010327009e-05
lower,3,Goatee,-0.26556064487678616,0.16930912695169145,-1.5684957430118809,0.11692494750861912,-0.5976030005453183,0.06648171079174603,0.1870799160137906,0.059730347234427175,-0.06293430551216384,7.226194539449261e-05
lower,3,Gray_Hair,0.4251309194467891,0.17039597280558927,2.4949587272924334,0.012677911614714606,0.09095708472527131,0.7593047541683069,0.025734793797604235,0.04024705616510583,0.0835544295226563,0.00018411592775048757
lower,3,Heavy_Makeup,0.15686425817446156,0.11518216054943174,1.361879803488679,0.17339043132113954,-0.06902643424365507,0.3827549505925782,0.2391592156153649,0.3975746315498757,0.07676883650421522,6.34082993119169e-05
lower,3,High_Cheekbones,0.08042127541889776,0.08607575382625937,0.9343081163276832,0.35025867443116265,-0.08838708465592987,0.2492296354937254,0.4002956279213287,0.4655903989555349,0.040115304248381105,2.5265046334789212e-05
lower,3,Male,1.2855156972908695,0.1480682093128121,8.681915606712453,7.969550369298399e-18,0.9951301882221497,1.5759012063595892,1.5939100738596797e-16,0.4060609103919255,0.6313118344392702,0.0035593233528004625
lower,3,Mouth_Slightly_Open,0.5126200055090829,0.07543078058627313,6.795899519066747,1.41861779057526e-11,0.36468814544504347,0.6605518655731224,9.457451937168401e-11,0.48848828742875794,0.2562420615895033,0.0015051435467300014
lower,3,Mustache,-0.3259199687036603,0.18351663206567803,-1.7759696493722603,0.07589115649888424,-0.6858255208292083,0.03398558342188779,0.13198461999805955,0.04456551758768736,-0.06725288246871954,0.00010048755735663123
lower,3,Narrow_Eyes,0.12263994123051021,0.09443756741850783,1.2986351150598918,0.19422009826354053,-0.06256727655990611,0.3078471590209265,0.24862402694477642,0.11197870898089332,0.03867331059212985,4.732496379756443e-05
lower,3,No_Beard,0.5325057213439381,0.13914938111642852,3.8268637421993423,0.00013380442489197141,0.25961146497640974,0.8053999777114665,0.00041170592274452744,0.8380576966531924,0.19617397575578535,0.0004622263747394629
lower,3,Oval_Face,0.37389208517586087,0.07891584775523591,4.737858057807582,2.3131458307749127e-06,0.21912544937775452,0.5286587209739673,1.028064813677739e-05,0.28788068994953425,0.16928907048494593,0.0008097450905411082
lower,3,Pale_Skin,-0.3799986801511442,0.1526299518662121,-2.48967306550835,0.012867396898802117,-0.6793304980849288,-0.08066686221735947,0.025734793797604235,0.04258203821336212,-0.07672662520021074,0.00019050958943277952
lower,3,Pointy_Nose,-0.08848089411197077,0.08076396754941577,-1.0955491266304291,0.2734091055536115,-0.24687198927068923,0.0699102010467477,0.33140497642862,0.285319741896608,-0.03995501578873848,4.7054277486385324e-05
lower,3,Receding_Hairline,0.1676938906699674,0.12189835964176016,1.3756861959651714,0.1690740908242784,-0.07136834546765516,0.40675612680759,0.2391592156153649,0.07841020362047754,0.04507880145477944,5.800689950726579e-05
lower,3,Rosy_Cheeks,-0.12661954584398458,0.14548859472271644,-0.8703056489431767,0.38423867734636596,-0.4119460169232363,0.15870692523526717,0.42693186371818437,0.07004946144768887,-0.03231715170643068,2.912156779554042e-05
lower,3,Sideburns,0.04425666304043911,0.16029877108530433,0.27608859843902084,0.7825087723015881,-0.2701149394846987,0.358628265565577,0.8025730997965006,0.05757111652313641,0.010308732847661418,2.229752848340793e-06
lower,3,Smiling,-0.37919464767958255,0.09001828382956693,-4.212418094945221,2.6396514225579957e-05,-0.555734941485104,-0.20265435387406108,9.598732445665438e-05,0.49182756283110296,-0.18957199621941057,0.0005186198694049773
lower,3,Straight_Hair,0.30147167586514134,0.08705229220905555,3.463110140065685,0.0005452968890255257,0.13074816738182357,0.4721951843484591,0.0014540032573382015,0.20776318762710588,0.1223089743819543,0.00041785430356040435
lower,3,Wavy_Hair,0.2976278815813357,0.08390488503003138,3.547205642136429,0.000398379900151598,0.1330769434300912,0.4621788197325802,0.0011382282861474228,0.3204197946220091,0.13888445605896166,0.0004777831812125038
lower,3,Wearing_Earrings,-0.12519827359416327,0.09406639532933167,-1.3309564287632918,0.1833562763185091,-0.3096775633805351,0.05928101619220855,0.24447503509134547,0.1986994401064551,-0.04995677392668631,6.429153918059573e-05
lower,3,Wearing_Hat,-1.199173672995709,0.17629942169921323,-6.801914954897782,1.3619069117844342e-11,-1.5449251179293861,-0.8534222280620318,9.457451937168401e-11,0.044665946923096236,-0.247712537050056,0.0018039096187470827
lower,3,Wearing_Lipstick,-0.20467074865827198,0.13883898269135733,-1.4741590919983933,0.1405974090042328,-0.4769562639253525,0.06761476660880852,0.20829245778404856,0.4840191820030631,-0.10228309081809174,7.847124217972663e-05
lower,3,Wearing_Necklace,0.44043850105196297,0.10186605383204324,4.323702396267927,1.6103527600230043e-05,0.24066282985202805,0.6402141722518979,6.441411040092017e-05,0.12927766200507168,0.1477702008698907,0.0006323148323711564
lower,3,Wearing_Necktie,-0.4007333180204348,0.13084630337320186,-3.062626208685904,0.0022235128656110997,-0.657343907093721,-0.14412272894714856,0.00523179497790847,0.07135504280800421,-0.1031555597953037,0.0002838868074803858
lower,3,Young,-0.25547426733708944,0.11208940766773877,-2.279200797406116,0.022760914788144713,-0.4752995752669204,-0.035648959407258485,0.04335412340598993,0.7518642195385272,-0.11034726350019972,0.0002694166132797666
lower,4,5_o_Clock_Shadow,0.5849519986549682,0.23609313619163294,2.4776323788598926,0.013308433416050843,0.12193548850186192,1.0479685088080744,0.026616866832101686,0.10894072158477491,0.18225046764638783,0.0002499746011537986
lower,4,Arched_Eyebrows,0.7332824002081193,0.1442618134174021,5.0829972453379995,4.064181021060302e-07,0.4503618440481673,1.0162029563680712,1.806302676026801e-06,0.27146049361018354,0.32610025038194784,0.0009338499078760039
lower,4,Attractive,0.9073202081120051,0.13591016308211007,6.675881976271693,3.179556622745246e-11,0.6407785778905319,1.1738618383334782,3.179556622745246e-10,0.5079213638303749,0.4536031679502567,0.0015914369488108193
lower,4,Bags_Under_Eyes,1.129422380518948,0.1454155034706076,7.766863598194224,1.2799602770418013e-14,0.8442392531091484,1.4146055079287478,1.7066137027224018e-13,0.2050264882372141,0.45597150703255934,0.0019542832193410868
lower,4,Bald,-0.7563106602693282,0.4361277863036501,-1.7341492196114137,0.08304693953394635,-1.6116272054788805,0.09900588494022389,0.12405589392415382,0.020939516432750008,-0.10828998833922453,0.0001282492178132618
lower,4,Bangs,-0.2707845946997244,0.16404321249553722,-1.6506906355975628,0.09896003395967716,-0.5924996474505035,0.05093045805105473,0.1413714770852531,0.15124657912576264,-0.0970191582423919,0.00010854171084554424
lower,4,Big_Lips,-0.3593167281761912,0.1476741381142818,-2.4331730170527477,0.015054949838384877,-0.6489294004143338,-0.06970405593804857,0.02867609493025691,0.24032739963343291,-0.15352966825745584,0.00025631792433075326
lower,4,Big_Nose,-0.12486312635263692,0.15557508576307313,-0.8025907602120319,0.42230743918384717,-0.4299708242669026,0.18024457156162876,0.5137985198146795,0.2303597880941023,-0.05257525831106159,2.3937085533774363e-05
lower,4,Black_Hair,0.3976306546071469,0.14993066904649255,2.6520968467355015,0.008063076407607306,0.10359256325628297,0.6916687459580109,0.016974897700225908,0.24017675563031962,0.1698641118742764,0.0002671028168130305
lower,4,Blond_Hair,0.14711658952442438,0.18392637928988353,0.7998667189145076,0.4238837788471106,-0.21359254263253372,0.5078257216813825,0.5137985198146795,0.1435135202992794,0.051578453113106576,2.597900202547431e-05
lower,4,Blurry,-2.800951906524708,0.25902576015754775,-10.81341062302483,1.6061964369702908e-26,-3.308942970739957,-2.2929608423094594,6.424785747881163e-25,0.04895930101182555,-0.6043977063819979,0.004255735479135764
lower,4,Brown_Hair,1.2537027245338968,0.1472405089439451,8.514658999251253,3.247077853877723e-17,0.9649404686542666,1.5424649804135269,6.494155707755446e-16,0.2103994576815888,0.5109996429397737,0.0025678071381268074
lower,4,Bushy_Eyebrows,0.5264544604989544,0.18007965803756995,2.9234532441699796,0.003500938810848867,0.17328936574396608,0.8796195552539428,0.007779864024108594,0.13600642747746616,0.18046616191740644,0.0003346708789752518
lower,4,Chubby,0.11856671810722151,0.2628738628432643,0.4510403462131784,0.652009761707173,-0.39697109272248643,0.6341045289369295,0.7670703078907918,0.05709407717994426,0.027510121574150472,6.125833552859924e-06
lower,4,Double_Chin,0.6259337626813826,0.29997256612426915,2.08663669071017,0.03704838252529371,0.03763944396898078,1.2142280813937845,0.06736069550053402,0.047402646312988024,0.13301001944515822,0.00014270686397870811
lower,4,Eyeglasses,0.4425508431092429,0.23720297641382918,1.8657052698072374,0.06223009003206725,-0.022642241741451075,0.9077439279599369,0.1037168167201121,0.06708679605312712,0.11071394297129827,0.00013204437051156988
lower,4,Goatee,-0.4267488803126978,0.29357830911185123,-1.4536117521887815,0.1462121330817186,-1.0025030353648199,0.14900527473942432,0.2016719076989222,0.059730347234427175,-0.10113375204008199,7.05528241062599e-05
lower,4,Gray_Hair,1.5482671095206144,0.29609215948439305,5.22900407838129,1.883672988285981e-07,0.9675828906584345,2.1289513283827946,9.418364941429904e-07,0.04024705616510583,0.3042934991720326,0.0009225789135883987
lower,4,Heavy_Makeup,0.9296467495634175,0.18624486604015647,4.9915295349025905,6.513394448091041e-07,0.5643906929966103,1.2949028061302248,2.6053577792364166e-06,0.3975746315498757,0.4549659696508751,0.0008413615502633098
lower,4,High_Cheekbones,0.0175671104466679,0.14431376260169249,0.12172858728071079,0.9031262996821755,-0.26545532639649,0.30058954728982584,0.9262833842894108,0.4655903989555349,0.008762730715999076,4.558020603793012e-07
lower,4,Male,0.9569934388256308,0.2461265103247946,3.8882176388181784,0.00010430529318178279,0.474299872612639,1.4396870050386226,0.00029801512337652227,0.4060609103919255,0.469975811796449,0.0007478954299477192
lower,4,Mouth_Slightly_Open,0.7476470459843966,0.12114488333204183,6.171511544034399,8.178508264963763e-10,0.5100624977501006,0.9852315942186926,6.5428066119710106e-09,0.48848828742875794,0.3737244320265793,0.0012108621406755084
lower,4,Mustache,-0.5351125322765792,0.3092655142089122,-1.7302690008789823,0.08373772839880383,-1.1416318128010556,0.07140674824789717,0.12405589392415382,0.04456551758768736,-0.11041931669261203,0.0001024156713456211
lower,4,Narrow_Eyes,0.4516423812471909,0.15017769854946778,3.0073864868718987,0.002668153589528851,0.15711982541668362,0.7461649370776982,0.0062780084459502375,0.11197870898089332,0.14242102459680925,0.0002426149919861804
lower,4,No_Beard,1.1638240083897498,0.235441821980858,4.943149006400279,8.332695965898075e-07,0.7020848298768203,1.6255631869026792,3.0300712603265726e-06,0.8380576966531924,0.4287502906628643,0.0008344603115584798
lower,4,Oval_Face,0.4569697821297123,0.12621708910952942,3.6205064255059813,0.0003014014765965125,0.20943782476800965,0.7045017394914149,0.0008037372709240333,0.28788068994953425,0.20690459285882137,0.00045747829017332974
lower,4,Pale_Skin,-0.33547183749061377,0.24705567477169313,-1.3578795055026645,0.17465632779987808,-0.8199876442248721,0.1490439692436446,0.23287510373317077,0.04258203821336212,-0.0677360824783139,5.614483634532084e-05
lower,4,Pointy_Nose,0.007715605717313479,0.12884386271279322,0.059883377871962684,0.9522545497239421,-0.24496787602313394,0.2603990874577609,0.9522545497239421,0.285319741896608,0.00348410977701946,1.352842359585974e-07
lower,4,Receding_Hairline,-0.037139593526878824,0.21296933809867294,-0.17438939266304762,0.8615772425421429,-0.45480662648977593,0.38052743943601824,0.9069234132022557,0.07841020362047754,-0.009983717093214411,1.0757982879131913e-06
lower,4,Rosy_Cheeks,-0.39176306490955637,0.21750663638509712,-1.8011545368019803,0.07183031522117415,-0.8183284676090415,0.034802337789928806,0.11492850435387865,0.07004946144768887,-0.09998982635159928,0.00010539348352651229
lower,4,Sideburns,0.09241187237008058,0.2737168176914952,0.3376185400278821,0.7356863848434401,-0.4443907121610557,0.6292144569012168,0.8122079092863772,0.05757111652313641,0.0215255565776586,3.6757077020648954e-06
lower,4,Smiling,-0.6246957486415398,0.14931238141450018,-4.183817461911257,2.991564917029273e-05,-0.9175212787707866,-0.3318702185122929,9.547383709518446e-05,0.49182756283110296,-0.3123061488985577,0.000532160494065571
lower,4,Straight_Hair,0.44322844386873445,0.14455747394132745,3.066105347473287,0.0021979235880248828,0.15972804999648726,0.7267288377409816,0.005494808970062206,0.20776318762710588,0.1798205958517472,0.0003415127500034609
lower,4,Wavy_Hair,0.7387128970075165,0.13394548986108154,5.515026282509814,3.943315089114427e-08,0.4760243061122418,1.0014014879027913,2.2533229080653867e-07,0.3204197946220091,0.3447114508880155,0.0011121054057038427
lower,4,Wearing_Earrings,-0.28686255865099985,0.15064013772622048,-1.9042903370969797,0.05701689948683783,-0.5822920318838171,0.008566914581817353,0.09915982519450058,0.1986994401064551,-0.11446426199943133,0.00012760392667038794
lower,4,Wearing_Hat,-1.187548080549952,0.284413096454278,-4.175433885973888,3.102899705593495e-05,-1.7453277834516476,-0.6297683776482564,9.547383709518446e-05,0.044665946923096236,-0.24531104586967156,0.0006696268975728395
lower,4,Wearing_Lipstick,0.2302426129753564,0.2233690254678562,1.0307723395985775,0.302773230145259,-0.2078198750610594,0.6683051010117722,0.3906751356713019,0.4840191820030631,0.11506249059787828,3.754696307544473e-05
lower,4,Wearing_Necklace,0.9416370562741938,0.15355278788432242,6.132334484109578,1.0422456599411729e-09,0.6404954088830961,1.2427787036652915,6.9483043996078194e-09,0.12927766200507168,0.3159258253305012,0.0010922363983912882
lower,4,Wearing_Necktie,-0.0709177020322768,0.22372943822084312,-0.31697975284894786,0.751292316089899,-0.5096870172886386,0.367851613224085,0.8122079092863772,0.07135504280800421,-0.018255420559173507,3.3624212574425926e-06
lower,4,Young,-0.07523995586077226,0.1841627263901964,-0.4085514877823699,0.6829129289802083,-0.43641260259226183,0.2859326908707173,0.7804719188345237,0.7518642195385272,-0.032498471652947884,8.837449709956716e-06
upper,0,5_o_Clock_Shadow,-0.4696857985168575,0.057330595467713255,-8.192585384559095,4.528634494080803e-16,-0.5821202922368016,-0.3572513047969133,6.038179325441071e-15,0.10894072158477491,-0.14633757406315914,0.0018212672217269783
upper,0,Arched_Eyebrows,-0.25618446148152946,0.04495778788471696,-5.698333337450914,1.3908755475483213e-08,-0.3443538948939819,-0.16801502806907703,6.954377737741606e-08,0.27146049361018354,-0.11392857241545752,0.0012896502054621822
upper,0,Attractive,-0.2824443400734322,0.04041125158861746,-6.989249997715676,3.7600456467562935e-12,-0.36169728653051747,-0.20319139361634694,2.5066970978375292e-11,0.5079213638303749,-0.1412044461056607,0.0017452338040953351
upper,0,Bags_Under_Eyes,-0.014199429933191976,0.041126507539713864,-0.34526223554188934,0.729933834789358,-0.0948551080396806,0.06645624817329664,0.7683514050414295,0.2050264882372141,-0.005732607727027556,3.5030883019721183e-06
upper,0,Bald,0.300607769696886,0.11109120633922454,2.7059546799677356,0.006869143284647211,0.08274009468690285,0.5184754447068691,0.01248935142663129,0.020939516432750008,0.04304158804738223,0.0002292964289812066
upper,0,Bangs,0.252858951185845,0.049623760957625815,5.095521707872234,3.807699326606053e-07,0.15553879614066773,0.3501791062310223,1.5230797306424212e-06,0.15124657912576264,0.09059659625507387,0.0010702223615723617
upper,0,Big_Lips,0.058475515934882406,0.046851141608526166,1.2481129365744374,0.21213697637303505,-0.03340708782984984,0.15035811969961466,0.2571357289370122,0.24032739963343291,0.02498555134973798,7.684872803978852e-05
upper,0,Big_Nose,0.13633534020865498,0.046325222127573944,2.943004565271253,0.0032881665283430246,0.04548414890520827,0.2271865315121017,0.006576333056686049,0.2303597880941023,0.05740578454004987,0.00032290620500405066
upper,0,Black_Hair,-0.003780979270204763,0.04280899421735692,-0.08832207668807514,0.9296296066213328,-0.08773628362770419,0.08017432508729466,0.9296296066213328,0.24017675563031962,-0.0016151991258896217,2.7341966153820104e-07
upper,0,Blond_Hair,0.2548946510122249,0.06039187866255587,4.220677625156651,2.5455927076832738e-05,0.13645648990774534,0.3733328121167045,7.832592946717766e-05,0.1435135202992794,0.0893649849314446,0.0008819322115125845
upper,0,Blurry,0.15023298194511464,0.07006394407832471,2.1442267334703384,0.03213590405079722,0.012826349130611037,0.28763961475961825,0.05355984008466204,0.04895930101182555,0.03241771824037366,0.0001391464555407594
upper,0,Brown_Hair,-0.3682011269506069,0.04444330600545035,-8.284737568925502,2.1507507675555257e-16,-0.4553615788733066,-0.28104067502790725,4.301501535111051e-15,0.2103994576815888,-0.15007596355964953,0.002507012263381047
upper,0,Bushy_Eyebrows,-0.07576574388595707,0.05153169765010657,-1.470274556068315,0.1416459726827398,-0.17682766882413303,0.02529618105221891,0.18886129691031972,0.13600642747746616,-0.025972147697175853,7.847654488626375e-05
upper,0,Chubby,0.09488159115151117,0.08271410893220822,1.1471028628172166,0.25147742275045853,-0.06733404406767228,0.2570972263706946,0.2874027688576669,0.05709407717994426,0.022014644154748964,4.439902054538071e-05
upper,0,Double_Chin,0.1230238420467558,0.088200924003029,1.3948135287395733,0.16322821314836397,-0.049952317628694884,0.2960000017222065,0.20964367763075878,0.047402646312988024,0.02614238853766143,6.240049831374045e-05
upper,0,Eyeglasses,0.46777390556030524,0.06587178479045211,7.101278750050013,1.7151396502017514e-12,0.3385887695448496,0.5969590415757609,1.715139650201751e-11,0.06708679605312712,0.11702405341679815,0.0016671885624693432
upper,0,Goatee,0.28664630612612174,0.07824821950085728,3.6632949344359367,0.00025552057280296594,0.1331889964245229,0.4401036158277206,0.0006388014320074148,0.059730347234427175,0.06793132398079792,0.00036018283187346005
upper,0,Gray_Hair,0.265765077555019,0.08739828225936273,3.040850125250011,0.002389982644737111,0.09436302708515701,0.437167128024881,0.005623488575852026,0.04024705616510583,0.052232967366970084,0.00030786562728762933
upper,0,Heavy_Makeup,-0.10572704205626529,0.0546198043334748,-1.9356906042863364,0.05304752084662813,-0.2128452395425473,0.0013911554300167078,0.0834762444300849,0.3975746315498757,-0.05174245618568283,0.00012325865732154407
upper,0,High_Cheekbones,-0.11803703690763497,0.04255856424531597,-2.77352018332306,0.005597229198918648,-0.20150120792020723,-0.0345728658950627,0.010661388950321234,0.4655903989555349,-0.058878594295639484,0.00023286154407193578
upper,0,Male,0.10901044212295875,0.06794963455831891,1.6042829785846562,0.10881085168792759,-0.02424969058091915,0.24227057482683667,0.15544407383989656,0.4060609103919255,0.05353461053389954,0.00010990636745623066
upper,0,Mouth_Slightly_Open,0.18896878251075133,0.037427215714220835,5.04896714609072,4.848140462281974e-07,0.1155680090520938,0.26236955596940886,1.7629601681025357e-06,0.48848828742875794,0.09445934588238662,0.0008758177568471853
upper,0,Mustache,-0.21386017196297818,0.08656863853452028,-2.4704116361688984,0.013579288864589721,-0.38363515801096226,-0.04408518591499408,0.02361615454711256,0.04456551758768736,-0.04412958514623468,0.000185134162095873
upper,0,Narrow_Eyes,0.2720664669230409,0.04567240870635657,5.956910849004015,3.0333318857852743e-09,0.18249554745192664,0.3616373863941551,1.733332506163014e-08,0.11197870898089332,0.08579350961398377,0.0009957206577311305
upper,0,No_Beard,-0.086100205413129,0.0623874605978936,-1.3800883156323889,0.16771494210460702,-0.20845202279042235,0.036251611964164335,0.20964367763075878,0.8380576966531924,-0.03171913264453714,5.173280428448782e-05
upper,0,Oval_Face,-0.21621698496815328,0.03954707829416567,-5.467331451386928,5.145174254710733e-08,-0.2937751489787052,-0.13865882095760135,2.2867441132047702e-07,0.28788068994953425,-0.09789769256843141,0.0011583958325756952
upper,0,Pale_Skin,0.644949671891326,0.07415797938282388,8.696969324931555,7.014571192993286e-18,0.4995139791485652,0.7903853646340868,2.8058284771973143e-16,0.04258203821336212,0.1302236411150747,0.0023433724118205393
upper,0,Pointy_Nose,0.025704661322569478,0.0388611180529788,0.6614493511876495,0.5084009929856832,-0.0505082246248357,0.10191754726997465,0.5496226951196574,0.285319741896608,0.011607366305405471,1.6994566462443203e-05
upper,0,Receding_Hairline,-0.0763727522933959,0.06375376045981758,-1.1979332943275052,0.2310860748029036,-0.20140410285871563,0.048658598271923814,0.2718659703563572,0.07841020362047754,-0.020530218026634534,5.148705423813659e-05
upper,0,Rosy_Cheeks,-0.27930873364882974,0.06698151123707602,-4.1699377707415035,3.178015092706227e-05,-0.41067022122972585,-0.1479472460679336,9.080043122017792e-05,0.07004946144768887,-0.07128806739981762,0.0006060449057718486
upper,0,Sideburns,0.13720821916389286,0.08122766576032384,1.6891808705761564,0.09134189933777974,-0.02209226256506719,0.2965087008928529,0.13532133235226626,0.05757111652313641,0.031959998307407755,9.170519756062665e-05
upper,0,Smiling,-0.1264717942650078,0.042431951089098,-2.980579280916028,0.0029120196724577063,-0.20968765656908828,-0.043255931960927294,0.0061305677314899085,0.49182756283110296,-0.06322744967784279,0.00024694674381141367
upper,0,Straight_Hair,-0.08269478352208738,0.04293824573015989,-1.925900374267094,0.054259558879555185,-0.16690357082854246,0.0015140037843676818,0.0834762444300849,0.20776318762710588,-0.03354979909903285,0.0001345811685469867
upper,0,Wavy_Hair,-0.1575081716343178,0.04155395539508771,-3.7904495525578197,0.00015486375738342427,-0.2390021435491744,-0.07601419971946119,0.00041297001968913137,0.3204197946220091,-0.07349928583991108,0.0005725610323668549
upper,0,Wearing_Earrings,-0.011655185399586213,0.04588957549104182,-0.2539832908644239,0.7995347850725031,-0.10165200376970326,0.07834163297053084,0.8200356769974391,0.1986994401064551,-0.004650666861175377,2.3844903024440824e-06
upper,0,Wearing_Hat,0.24332703701712896,0.08142229698644235,2.9884570446059193,0.0028383231254894285,0.08364485223428991,0.403009221799968,0.0061305677314899085,0.044665946923096236,0.05026391008219006,0.00031831006475344927
upper,0,Wearing_Lipstick,-0.2965935049973581,0.0651392624890836,-4.553221723182127,5.603529309891601e-06,-0.42434204728094993,-0.16884496271376626,1.8678431032972006e-05,0.4840191820030631,-0.14822098715411547,0.0007047309007657885
upper,0,Wearing_Necklace,-0.379006885819737,0.05380964418758452,-7.043475041360432,2.575194790557732e-12,-0.4845362293076937,-0.27347754233178034,2.0601558324461857e-11,0.12927766200507168,-0.12715946384089316,0.0020009443244953366
upper,0,Wearing_Necktie,0.046285470067958606,0.05934716640372096,0.7799103625789384,0.43553666619649267,-0.07010384272181486,0.16267478285773207,0.48392962910721404,0.07135504280800421,0.01191466584020241,1.6211122582694715e-05
upper,0,Young,-0.07699305033181872,0.05139359638156218,-1.4981059072067688,0.13426481556268868,-0.1777841365305015,0.023798035866864062,0.1851928490519844,0.7518642195385272,-0.033255687554000095,0.00010473161330512156
upper,1,5_o_Clock_Shadow,-0.46771699810777656,0.056953525255544125,-8.212257204609942,3.8655463941345257e-16,-0.5794119966584096,-0.3560219995571436,5.154061858846034e-15,0.10894072158477491,-0.14572416510638586,0.0019133943377505497
upper,1,Arched_Eyebrows,-0.15616121470991637,0.040746154712935544,-3.832538697457515,0.0001307764227722048,-0.23607095991330346,-0.07625146950652927,0.0003487371273925461,0.27146049361018354,-0.06944692959001825,0.0005081265468456106
upper,1,Attractive,-0.2768340950650395,0.039313447175372586,-7.0417151116287435,2.6071351614517874e-12,-0.3539340709764722,-0.19973411915360673,1.738090107634525e-11,0.5079213638303749,-0.13839967565523786,0.0017763679203050035
upper,1,Bags_Under_Eyes,0.021837036025688553,0.04135927850040324,0.5279839691951022,0.5975695073724434,-0.05927514327190585,0.10294921532328295,0.6460210890512902,0.2050264882372141,0.008816069521468503,8.778368454949607e-06
upper,1,Bald,0.3101109868377142,0.12338710605907732,2.5133176126947507,0.01203882633596347,0.06812908017612679,0.5520928934993017,0.02407765267192694,0.020939516432750008,0.04440227662077736,0.0002585460678463615
upper,1,Bangs,-0.04242192095565195,0.047597492937272376,-0.8912637691140332,0.37289575221160365,-0.13576823939315513,0.050924397481851236,0.42844721790383095,0.15124657912576264,-0.01519931023663521,3.194983583057678e-05
upper,1,Big_Lips,0.07247024958314405,0.0433605391329137,1.67134106338023,0.09481203295066883,-0.012566722823300708,0.1575072219895888,0.14046227103802789,0.24032739963343291,0.03096525294970216,0.00012505659030808146
upper,1,Big_Nose,0.1447795518027849,0.0460929467863813,3.1410348414860234,0.0017083449346036931,0.05438388970111195,0.23517521390445784,0.0035965156517972488,0.2303597880941023,0.060961330670945425,0.0003858034234535322
upper,1,Black_Hair,-0.17618362169491802,0.041271920170196576,-4.268849643253196,2.0574844996027156e-05,-0.25712447729442633,-0.09524276609540971,6.955854670704556e-05,0.24017675563031962,-0.07526400210659925,0.0006286351839080148
upper,1,Blond_Hair,0.39941713417251623,0.05373087765143391,7.433661083365108,1.5623630484275473e-13,0.29404226449635096,0.5047920038486815,1.2498904387420378e-12,0.1435135202992794,0.1400339553417141,0.0022912557007409022
upper,1,Blurry,0.023523448983982384,0.06821120034798052,0.3448619708197061,0.7302346952645766,-0.11024965618939696,0.1572965541573617,0.7489586618098222,0.04895930101182555,0.00507595956181673,3.61511304524568e-06
upper,1,Brown_Hair,-0.17177233709150375,0.04107682101906024,-4.1817339518995125,3.0188738597342076e-05,-0.25233057196111647,-0.09121410222189101,8.625353884954879e-05,0.2103994576815888,-0.07001309098480439,0.0005792294692823534
upper,1,Bushy_Eyebrows,-0.09629486983494474,0.05084234974078221,-1.8939893676413557,0.05837175542801141,-0.19600487294936372,0.003415133279474236,0.09339480868481825,0.13600642747746616,-0.033009437425942804,0.000134306054638751
upper,1,Chubby,0.05665414836884188,0.0840466586569559,0.6740797227892301,0.5003391574378098,-0.1081748306057371,0.22148312734342088,0.5559323971531219,0.05709407717994426,0.013145025300416677,1.677275292633974e-05
upper,1,Double_Chin,0.10596333578126992,0.09143214027423682,1.1589287471938092,0.24662469852568336,-0.07334975729926806,0.2852764288618079,0.31822541745249466,0.047402646312988024,0.022517055626403187,4.905078658066387e-05
upper,1,Eyeglasses,0.7668781162605395,0.07315042128851325,10.48357757552603,4.583065517539913e-25,0.6234184065562078,0.9103378259648711,9.166131035079827e-24,0.06708679605312712,0.19185162869218078,0.00473313702767292
upper,1,Goatee,0.340607928049599,0.08124181251174306,4.192520052409786,2.880018228254341e-05,0.18127970227192244,0.4999361538272755,8.625353884954879e-05,0.059730347234427175,0.08071950350054444,0.0005387430495831068
upper,1,Gray_Hair,0.11191780119684919,0.09051297195959834,1.2364835533939287,0.21642522906687048,-0.06559265538119524,0.2894282577748936,0.28856697208916066,0.04024705616510583,0.021996113678584672,5.786177611045325e-05
upper,1,Heavy_Makeup,-0.048684926504304026,0.04971843984654483,-0.9792126755097158,0.32759429225522263,-0.14619076203744294,0.04882090902883488,0.4094928653190283,0.3975746315498757,-0.023826238089698467,2.7694610455068466e-05
upper,1,High_Cheekbones,-0.08664060107398254,0.04066913408626616,-2.1303773247348485,0.03326317445071372,-0.1663992964741203,-0.006881905673844779,0.055438624084522874,0.4655903989555349,-0.043217594526344806,0.00013294344819448126
upper,1,Male,-0.2900740007272146,0.06800201081836882,-4.2656679888774605,2.0867564012113667e-05,-0.4234368516783672,-0.15671114977606207,6.955854670704556e-05,0.4060609103919255,-0.14245423055367054,0.000823973890024088
upper,1,Mouth_Slightly_Open,0.24073769432435285,0.03596525842405467,6.693617809884554,2.8244287352392445e-11,0.17020405361425683,0.31127133503444887,1.6139592772795685e-10,0.48848828742875794,0.1203369404881387,0.0015051079005243776
upper,1,Mustache,-0.19147755234230016,0.08540471009953877,-2.2420022516221176,0.02507133105972793,-0.3589698880315052,-0.02398521665309511,0.045584238290414414,0.04456551758768736,-0.03951097987120721,0.0001572512246277904
upper,1,Narrow_Eyes,0.2792586237195387,0.04480549061974976,6.232687553619703,5.58501173671336e-10,0.19138786967264704,0.36712937776643034,2.79250586835668e-09,0.11197870898089332,0.08806148618692966,0.0011113985551475351
upper,1,No_Beard,-0.10439250852055248,0.06377023981197952,-1.637009815681168,0.10178701031649022,-0.22945617773880164,0.020671160697696672,0.14541001473784318,0.8380576966531924,-0.03845797822399229,8.05755418809585e-05
upper,1,Oval_Face,-0.14157168144968474,0.03715400469009206,-3.810401668152827,0.0001429664947671283,-0.2144366442661185,-0.06870671863325098,0.0003574162369178207,0.28788068994953425,-0.06410014897302596,0.000526531366768115
upper,1,Pale_Skin,0.5608309870290765,0.06933389099113868,8.088843407054053,1.0377385547971993e-15,0.42485610542135516,0.6968058686367979,1.0377385547971993e-14,0.04258203821336212,0.11323899579158746,0.0018783455815498831
upper,1,Pointy_Nose,0.03221061422926001,0.03629167187099459,0.8875483704294074,0.3748913156658521,-0.0389631756080283,0.10338440406654832,0.42844721790383095,0.285319741896608,0.014545237285536545,2.8274756970528845e-05
upper,1,Receding_Hairline,-0.08210471075227051,0.06233610009214738,-1.3171294102598732,0.18794734939690438,-0.2043558019394089,0.04014638043486789,0.25923772330607503,0.07841020362047754,-0.02207106019018824,6.304806175645304e-05
upper,1,Rosy_Cheeks,-0.1249222748436923,0.05842367390211918,-2.138213270411278,0.03262127970229434,-0.23950047070672398,-0.010344078980660615,0.055438624084522874,0.07004946144768887,-0.03188395662554675,0.00012851163735286356
upper,1,Sideburns,-0.01591565506049953,0.08117168553104612,-0.19607397525843165,0.8445723456907763,-0.1751063505804412,0.14327504045944214,0.8445723456907763,0.05757111652313641,-0.0037072437197604017,1.3074992297664874e-06
upper,1,Smiling,-0.1370589907338656,0.04139729271982379,-3.310820146174259,0.0009469067520930703,-0.21824572201334402,-0.05587225945438719,0.0021042372268734893,0.49182756283110296,-0.06852034075963992,0.00030727289011895867
upper,1,Straight_Hair,-0.183334276687894,0.041896517479936154,-4.375883431736088,1.2722146233501837e-05,-0.26550006779917384,-0.10116848557661419,5.088858493400735e-05,0.20776318762710588,-0.07437988091718614,0.0007004691110156484
upper,1,Wavy_Hair,-0.017507046384273636,0.038063755202033624,-0.4599400739982242,0.6456096324381803,-0.09215617588146716,0.05714208311291988,0.6795890867770319,0.3204197946220091,-0.008169451737384984,7.49905078938675e-06
upper,1,Wearing_Earrings,0.07357228282864073,0.04132603139253907,1.7802890901816268,0.07518165992828733,-0.007474693557491405,0.15461925921477288,0.11566409219736512,0.1986994401064551,0.029356905610813295,0.00010066127269290944
upper,1,Wearing_Hat,0.8286137272310814,0.07678630942002995,10.79116490282752,2.0192703206916133e-26,0.6780234576929581,0.9792039967692047,8.077081282766453e-25,0.044665946923096236,0.17116620655467704,0.003897048591837717
upper,1,Wearing_Lipstick,-0.20483271869628633,0.060843521602625544,-3.3665493597505263,0.0007756726870403634,-0.32415662405119006,-0.08550881334138259,0.0018251122048008551,0.4840191820030631,-0.10236403446156125,0.0003562620544164159
upper,1,Wearing_Necklace,-0.3010248903509032,0.04884288103152333,-6.163127235607189,8.615097555996628e-10,-0.39681361460539827,-0.2052361660964081,3.828932247109612e-09,0.12927766200507168,-0.10099595836364392,0.0013382995469682119
upper,1,Wearing_Necktie,-0.15338129499922348,0.06453767295308442,-2.3766164471211075,0.01756662687498677,-0.27995002370586797,-0.02681256629257897,0.033460241666641466,0.07135504280800421,-0.03948294947356159,0.000188587590512464
upper,1,Young,0.044817137269833336,0.0494724178415526,0.9059014947151173,0.36509799325592474,-0.05220620964881272,0.1418404841884794,0.42844721790383095,0.7518642195385272,0.019357912275029924,3.760205418352758e-05
upper,2,5_o_Clock_Shadow,-0.4568774154858425,0.059886902548375004,-7.629003939831241,3.6477653733973805e-14,-0.574325237430657,-0.3394295935410279,3.6477653733973805e-13,0.10894072158477491,-0.14234693243347998,0.0016834620888740907
upper,2,Arched_Eyebrows,-0.18313744943614027,0.04383250267780941,-4.178119848238901,3.0668077973522934e-05,-0.269100018058562,-0.09717488081371858,8.178154126272783e-05,0.27146049361018354,-0.08144361312706629,0.0006441492231932691
upper,2,Attractive,-0.23625736327494218,0.040558008800185695,-5.825171655711571,6.640879992930816e-09,-0.3157981241642309,-0.15671660238565346,3.794788567389038e-08,0.5079213638303749,-0.11811385602893906,0.001193393797650031
upper,2,Bags_Under_Eyes,0.023055455196491118,0.04259765299314144,0.5412376874426211,0.5884045296682834,-0.06048537512052493,0.10659628551350717,0.6902373904947755,0.2050264882372141,0.009307970899633982,9.020683926141523e-06
upper,2,Bald,0.38490600543972037,0.1207424336599914,3.187827127318048,0.0014557883606161005,0.148110725566508,0.6217012853129327,0.003064817601297054,0.020939516432750008,0.05511156860584473,0.0003671398899551471
upper,2,Bangs,-0.07722640168971796,0.04985255808276396,-1.5490960676783856,0.12151811754740145,-0.17499526459706932,0.02054246121763341,0.1620241567298686,0.15124657912576264,-0.027669374966968512,9.760156913927254e-05
upper,2,Big_Lips,0.06614043409979281,0.04695425187836303,1.4086143736488954,0.1591059170024628,-0.02594438544330098,0.1582252536428866,0.20529795742253262,0.24032739963343291,0.028260635003795415,9.602835825247735e-05
upper,2,Big_Nose,0.1465659075830864,0.046936306585487836,3.1226553226154974,0.0018181369827015052,0.05451628163780228,0.23861553352837053,0.0036362739654030103,0.2303597880941023,0.06171349922004588,0.00036449581508015604
upper,2,Black_Hair,-0.06878711106583274,0.04311296808888492,-1.5955085932384911,0.11075781584876929,-0.15333855694376325,0.01576433481209777,0.15276940117071627,0.24017675563031962,-0.029385213122310603,8.838574241407904e-05
upper,2,Blond_Hair,0.22129898804882428,0.05927347290510851,3.73352491768289,0.00019413961859975382,0.1050542000304987,0.33754377606714986,0.0004853490464993845,0.1435135202992794,0.07758648780502904,0.0006494696261452938
upper,2,Blurry,0.03792091186048013,0.07059314373043235,0.5371755648860927,0.5912065852299185,-0.10052356635709453,0.1763653900780548,0.6902373904947755,0.04895930101182555,0.0081826867855169,8.660460471761048e-06
upper,2,Brown_Hair,-0.24275383463259756,0.044025446098323436,-5.513943779023787,3.967290065585166e-08,-0.3290947962513785,-0.15641287301381662,1.9836450327925828e-07,0.2103994576815888,-0.09894460655785575,0.001065934686821054
upper,2,Bushy_Eyebrows,-0.10470588511480976,0.05247024035338819,-1.9955289781333836,0.046121739185676615,-0.20760844283932134,-0.0018033273902981622,0.07686956530946103,0.13600642747746616,-0.03589269468611928,0.00014638344846681556
upper,2,Chubby,0.07101944474881124,0.08675499667233164,0.8186207996416319,0.41310110853394344,-0.09912101949985215,0.24115990899747464,0.5163763856674293,0.05709407717994426,0.01647809427770155,2.4297295751477268e-05
upper,2,Double_Chin,-0.04398185260188496,0.0915481906306534,-0.48042295865057066,0.6309796387491438,-0.2235225390461979,0.13555883384242795,0.6902373904947755,0.047402646312988024,-0.009346080078426166,7.790501838523363e-06
upper,2,Eyeglasses,0.7053479887272345,0.07082508434862865,9.95901374794327,7.833205920112377e-23,0.5664486377533725,0.8442473397010964,1.5666411840224754e-21,0.06708679605312712,0.17645849785352263,0.003695062046076335
upper,2,Goatee,0.23359857871358464,0.08148888993504969,2.8666310082242283,0.004192420060107757,0.07378579447680828,0.393411362950361,0.00798556201925287,0.059730347234427175,0.05535972518363581,0.00023367424752767217
upper,2,Gray_Hair,0.32853602961294914,0.08970986239347345,3.662206371156475,0.0002566017321798405,0.15260059971537498,0.5044714595105233,0.0006037687815996247,0.04024705616510583,0.0645698519591782,0.00045946318304952477
upper,2,Heavy_Makeup,-0.1377330173157996,0.05349481607981516,-2.5746983990056087,0.010104645515337667,-0.24264493238500223,-0.032821102246596956,0.017573296548413334,0.3975746315498757,-0.06740607204344214,0.00020430141893955714
upper,2,High_Cheekbones,-0.08383788050937745,0.042978519391764315,-1.9506926179835486,0.05123423624771914,-0.16812565092626075,0.00044988990750584323,0.07882190191956791,0.4655903989555349,-0.041819556661529894,0.0001147567527516265
upper,2,Male,0.01966854689865349,0.06752753380646852,0.291267069741105,0.7708775175407948,-0.11276377852455813,0.15210087232186512,0.7906436077341485,0.4060609103919255,0.009659148036474115,3.4951242000413754e-06
upper,2,Mouth_Slightly_Open,0.24300147493288793,0.037895141770896916,6.412470400612423,1.784691685051522e-10,0.16868302342027797,0.3173199264454979,1.1897944567010148e-09,0.48848828742875794,0.12146853075750653,0.0014138479201041881
upper,2,Mustache,-0.1512718423990109,0.08436388342048558,-1.7930877084574612,0.07311116859481148,-0.316722950018721,0.014179265220699178,0.10444452656401641,0.04456551758768736,-0.031214618356009586,9.04834683764868e-05
upper,2,Narrow_Eyes,0.22144043862638232,0.045082523307368005,4.9118909586454205,9.758882111614802e-07,0.13302637904215722,0.3098544982106074,3.5486844042235644e-06,0.11197870898089332,0.06982908483753457,0.0006445241441277748
upper,2,No_Beard,-0.032373779439726504,0.06395905341068091,-0.506164142734486,0.6127976617451023,-0.15780774241132395,0.09306018353187095,0.6902373904947755,0.8380576966531924,-0.011926431526225979,7.14412445125367e-06
upper,2,Oval_Face,-0.2158507657936975,0.039710266519160604,-5.435641326898356,6.13283766308324e-08,-0.2937289680893689,-0.1379725634980261,2.725705628036995e-07,0.28788068994953425,-0.09773187760177271,0.0011276728160078482
upper,2,Pale_Skin,0.49827922061538216,0.0713294667347424,6.985601371006544,3.856667420202109e-12,0.3583906948778306,0.6381677463529337,3.085333936161687e-11,0.04258203821336212,0.10060898893123282,0.001367555581530631
upper,2,Pointy_Nose,0.012643249242039974,0.03830600844218978,0.33005916711788874,0.7413901017455082,-0.06248097771728112,0.08776747620136108,0.7804106334163244,0.285319741896608,0.005709268968817061,4.016007791104082e-06
upper,2,Receding_Hairline,-0.17560922577062418,0.0625582936975365,-2.8071294050902087,0.0050473712566186345,-0.29829607425848353,-0.052922377282764846,0.009177038648397516,0.07841020362047754,-0.047206570200707024,0.000265832396935027
upper,2,Rosy_Cheeks,-0.31801662084216764,0.06754181465977392,-4.708440577797649,2.6689983611978034e-06,-0.45047695330940496,-0.18555628837493035,8.212302649839394e-06,0.07004946144768887,-0.08116749521109605,0.0007672740936646142
upper,2,Sideburns,-0.03977387763863253,0.0846411322161557,-0.46991192812802157,0.6384695862076674,-0.2057687146182302,0.12622095934096517,0.6902373904947755,0.05757111652313641,-0.009264554774895404,7.5275095512913175e-06
upper,2,Smiling,-0.20210203103506474,0.042906270847142526,-4.7103145308309715,2.644843354627164e-06,-0.286248110467051,-0.1179559516030785,8.212302649839394e-06,0.49182756283110296,-0.1010375164780508,0.0006157185935999057
upper,2,Straight_Hair,-0.08432600649236069,0.043075816817169946,-1.9576182815121568,0.050414822317518405,-0.16880459276727736,0.00015257978255597826,0.07882190191956791,0.20776318762710588,-0.03421159662249792,0.00013668958033989407
upper,2,Wavy_Hair,-0.14324184740438742,0.0404634521119339,-3.5400303218849944,0.00040929914693690276,-0.22259716746082428,-0.06388652734795056,0.0009095536598597839,0.3204197946220091,-0.0668420779529773,0.0004625816654087385
upper,2,Wearing_Earrings,-0.08663413502697229,0.04592799017555972,-1.8863036395847792,0.059399980445433084,-0.17670629075526512,0.0034380207013205433,0.08799997103027123,0.1986994401064551,-0.034568862442191366,0.00012866653972471934
upper,2,Wearing_Hat,1.03799268680876,0.07956579956584506,13.04571427010878,2.214341725761534e-37,0.8819513912557352,1.1940339823617847,8.857366903046135e-36,0.044665946923096236,0.21441748403837932,0.005627696882598192
upper,2,Wearing_Lipstick,-0.3195380055514009,0.06264870302927472,-5.100472796732695,3.710681711888448e-07,-0.44240216124073994,-0.19667384986206182,1.4842726847553793e-06,0.4840191820030631,-0.15968737621718232,0.000798894350902617
upper,2,Wearing_Necklace,-0.4540946432294541,0.05313698889580959,-8.545735327981,2.5058453119965877e-17,-0.5583048017942165,-0.3498844846646917,3.341127082662117e-16,0.12927766200507168,-0.15235193218505919,0.0028032992283522433
upper,2,Wearing_Necktie,0.28813498742121857,0.06303742745142994,4.57085574507661,5.156528664067096e-06,0.1645084807874137,0.41176149405502344,1.4732939040191704e-05,0.07135504280800421,0.07417083778028391,0.0006132556303184447
upper,2,Young,0.01098951303809777,0.051219600319296246,0.2145567901660808,0.8301349354168008,-0.0894603389729661,0.11143936504916163,0.8301349354168008,0.7518642195385272,0.00474671168878934,2.084305687837888e-06
upper,3,5_o_Clock_Shadow,-0.5223320598608819,0.06445432087493018,-8.1039106885392,9.205412198473222e-16,-0.6487373217723306,-0.3959267979494333,1.8410824396946443e-14,0.10894072158477491,-0.16274029731539966,0.002055788918836465
upper,3,Arched_Eyebrows,-0.2081335507546986,0.044796311548871,-4.64622071680239,3.602778052874707e-06,-0.2959863031712452,-0.12028079833815203,1.2009260176249023e-05,0.27146049361018354,-0.09255970550326532,0.0007775021399586804
upper,3,Attractive,-0.16393680940787578,0.0405637711202924,-4.041458791435318,5.5146703248084485e-05,-0.243488871131188,-0.08438474768456355,0.00016968216384025996,0.5079213638303749,-0.08195811735066102,0.0005373959242185824
upper,3,Bags_Under_Eyes,0.09499010477702075,0.044017685122211075,2.1579986433473137,0.0310475914761336,0.0086643636772811,0.1813158458767604,0.05399581126284105,0.2050264882372141,0.03834949791632203,0.0001430980649532027
upper,3,Bald,0.14502835636987885,0.12691679505969622,1.1427042126431235,0.2532992950869262,-0.10387583659513516,0.39393254933489286,0.31662411885865777,0.020939516432750008,0.020765433895323333,4.873147519228772e-05
upper,3,Bangs,-0.08700819740037116,0.050436393307202086,-1.7251074411767422,0.08466384070890545,-0.18592205483185126,0.011905660031108933,0.12542791216134141,0.15124657912576264,-0.0311740853697113,0.00011579260898297949
upper,3,Big_Lips,0.04821415308884495,0.04699676681879719,1.0259036174709968,0.3050620792870995,-0.04395404507197034,0.14038235124966023,0.3697722173176964,0.24032739963343291,0.020601052911221072,4.7695641754899056e-05
upper,3,Big_Nose,0.10270686367607212,0.04905938310159009,2.0935213038327674,0.036429311634026795,0.006493544134563406,0.19892018321758084,0.06071551939004466,0.2303597880941023,0.04324607308676798,0.0001673225249789925
upper,3,Black_Hair,-0.10147259345324486,0.04460097567683802,-2.2751204858942393,0.023004961848781192,-0.18894226089224675,-0.014002926014242967,0.041827203361420345,0.24017675563031962,-0.043348146745739224,0.00017975008624166746
upper,3,Blond_Hair,0.4438975187532374,0.05943835801846672,7.468199552472904,1.2110708929227788e-13,0.32732936457952583,0.560465672926949,1.2110708929227787e-12,0.1435135202992794,0.15562858976034832,0.0024379830334819593
upper,3,Blurry,0.08674379688189751,0.07287631620566623,1.1902878932175371,0.23407566040753883,-0.05617834878765404,0.22966594255144906,0.3020331102032759,0.04895930101182555,0.018717833660819506,4.2353456565348766e-05
upper,3,Brown_Hair,-0.15985440144005433,0.045000901611789865,-3.5522488597911512,0.0003908688926003424,-0.2481083877868741,-0.07160041509323456,0.001116768264572407,0.2103994576815888,-0.06515543155462805,0.00043228104282685547
upper,3,Bushy_Eyebrows,-0.07243574517452404,0.05461617995173486,-1.3262689781404815,0.18490327091859873,-0.17954683466685178,0.03467534431780371,0.255038994370481,0.13600642747746616,-0.024830639491370803,6.548381744573546e-05
upper,3,Chubby,0.12709155638160274,0.08991850490083927,1.4134082469649305,0.15769259425874632,-0.04925305493982993,0.3034361677030354,0.2252751346553519,0.05709407717994426,0.02948807408116108,7.272085186996016e-05
upper,3,Double_Chin,-0.0518713453348742,0.09607271510122029,-0.539917553909282,0.5893144852596522,-0.2402853500139188,0.1365426593441704,0.6370967408212457,0.047402646312988024,-0.011022585875672156,1.0127811352820388e-05
upper,3,Eyeglasses,0.43250294998101746,0.08098062728764054,5.340819952465682,1.0314068257301352e-07,0.27368695032273704,0.5913189496392979,4.125627302920541e-07,0.06708679605312712,0.1082002388758223,0.00130160223756224
upper,3,Goatee,0.24636660363476776,0.09113759361688059,2.703237970824978,0.0069253325757048425,0.06763116379551523,0.42510204347402025,0.013191109668009224,0.059730347234427175,0.05838557557479406,0.00024292561581059488
upper,3,Gray_Hair,0.19025863151442676,0.09586468125205423,1.9846582602636027,0.04732004694864573,0.00225261458288023,0.3782646484459733,0.07571207511783316,0.04024705616510583,0.0373930727942241,0.00014406340017434588
upper,3,Heavy_Makeup,-0.18229116333666745,0.0543379078279537,-3.3547696373191833,0.0008092696062888359,-0.28885651655853684,-0.07572581011479808,0.00202317401572209,0.3975746315498757,-0.08921267774582296,0.0003344361060046553
upper,3,High_Cheekbones,-0.1520657186080094,0.043801597058479406,-3.47169347284271,0.0005282600777570223,-0.23796767635356647,-0.06616376086245236,0.0014086935406853929,0.4655903989555349,-0.07585259666592604,0.00035277687547898603
upper,3,Male,-0.5538497883220951,0.06963247498660648,-7.953900653805941,3.0080000505459402e-15,-0.6904102410387404,-0.4172893356054498,4.010666734061254e-14,0.4060609103919255,-0.27199350938015715,0.0025835880987195524
upper,3,Mouth_Slightly_Open,0.21051804492688256,0.03890709151510786,5.41078854082776,7.033734519025055e-08,0.13421499764595443,0.2868210922078107,3.126104230677802e-07,0.48848828742875794,0.10523112101386815,0.0009921791142194429
upper,3,Mustache,-0.18558023738110258,0.0977441427531055,-1.89863281986998,0.057757738494027586,-0.37727217978774436,0.006111705025539205,0.0888580592215809,0.04456551758768736,-0.038294081650628836,0.00012727517879885017
upper,3,Narrow_Eyes,0.3598645379305144,0.04927121525888195,7.303747959933724,4.033171219031311e-13,0.26323578155001237,0.4564932943110165,3.226536975225049e-12,0.11197870898089332,0.11347977589390582,0.001589409517156428
upper,3,No_Beard,0.011751857672783833,0.06908060828239133,0.17011803985199397,0.8649346512479809,-0.12372629591574119,0.14723001126130886,0.8649346512479809,0.8380576966531924,0.004329359384848945,8.79875385286785e-07
upper,3,Oval_Face,-0.23792349843851965,0.040591763109378634,-5.861373840732431,5.362938579290944e-09,-0.31753045694243304,-0.15831653993460626,2.6814692896454716e-08,0.28788068994953425,-0.10772586394343896,0.0012803461808433916
upper,3,Pale_Skin,0.7348027921575624,0.07101937134396707,10.346512201561216,1.796005774709596e-24,0.5955224132215968,0.874083171093528,7.184023098838384e-23,0.04258203821336212,0.14836614276533003,0.0027756928765098345
upper,3,Pointy_Nose,-0.01483724995640098,0.03885453293269011,-0.3818666404278847,0.7026011807291352,-0.09103722142664604,0.061362721513844073,0.739580190241195,0.285319741896608,-0.006700006393688287,5.169239694513096e-06
upper,3,Receding_Hairline,-0.1999610996934757,0.06437465593388819,-3.1062084417015408,0.0019218477934206458,-0.326210125877034,-0.0737120735099174,0.003975843858279095,0.07841020362047754,-0.05375274361963315,0.00032212395824469795
upper,3,Rosy_Cheeks,-0.42579379842019255,0.0666094493325448,-6.392393311862336,2.0301734364546768e-10,-0.5564256129264037,-0.2951619839139814,1.1600991065455297e-09,0.07004946144768887,-0.10867550256543947,0.001284895262389704
upper,3,Sideburns,-0.0655067199555688,0.09429374052317648,-0.6947091036172002,0.48731896665532837,-0.2504318701339541,0.11941843022281655,0.5733164313592098,0.05757111652313641,-0.01525852220560526,1.9083821038038968e-05
upper,3,Smiling,-0.22087096969290088,0.04411550992194757,-5.006651177413163,6.028049126693936e-07,-0.3073885609163292,-0.13435337846947254,2.1920178642523404e-06,0.49182756283110296,-0.11042073216967155,0.000687274592961321
upper,3,Straight_Hair,-0.029885428274928693,0.04448704844631685,-0.6717781763155598,0.501803137558442,-0.11713166614059262,0.05736080959073522,0.5734893000667908,0.20776318762710588,-0.012124708136452288,1.6048221365814452e-05
upper,3,Wavy_Hair,-0.13640024467788867,0.04161687589677621,-3.2775224410454773,0.0010653047770820543,-0.21801761378920273,-0.0547828755665746,0.0025065994754871865,0.3204197946220091,-0.06364952667655523,0.0003920601707634596
upper,3,Wearing_Earrings,-0.05629040048120015,0.0459527113692595,-1.2249636377029136,0.22073433271715326,-0.14641103843569545,0.033830237473295145,0.294312443622871,0.1986994401064551,-0.02246106699679802,5.0773048544317725e-05
upper,3,Wearing_Hat,0.2745318690157109,0.08866877359565795,3.0961505148093598,0.0019879219291395476,0.1006381812445693,0.44842555678685253,0.003975843858279095,0.044665946923096236,0.05670987222817287,0.0003698802609660332
upper,3,Wearing_Lipstick,-0.2055197516275107,0.06406642710065849,-3.2079165473767826,0.0013583173528936815,-0.3311642916282317,-0.07987521162678976,0.0030184830064304033,0.4840191820030631,-0.10270737542337487,0.0003090348810514925
upper,3,Wearing_Necklace,-0.3736447291033866,0.05360572646556041,-6.970239072190147,4.2909111188640095e-12,-0.47877415722941025,-0.2685153009773629,2.8606074125760066e-11,0.12927766200507168,-0.1253604227189694,0.0017757625612464718
upper,3,Wearing_Necktie,0.038873068038510816,0.06826807759538002,0.5694179389217416,0.5691370059258599,-0.09501158254030825,0.1727577186173299,0.6323744510287332,0.07135504280800421,0.010006587708459592,1.043884062376214e-05
upper,3,Young,0.014173123995636125,0.0533834107155641,0.26549678646710945,0.7906543682762208,-0.0905203072844995,0.11886655527577175,0.8109275572063803,0.7518642195385272,0.006121812049680387,3.2402489994107054e-06
upper,4,5_o_Clock_Shadow,-0.49458271168549545,0.05437516837206626,-9.09574584305239,2.218932573874033e-19,-0.601221138811078,-0.3879442845599129,2.958576765165377e-18,0.10894072158477491,-0.15409457648108266,0.0023925752842073387
upper,4,Arched_Eyebrows,-0.1697462296149902,0.039472215465304765,-4.300397827028318,1.7876435025091938e-05,-0.2471575756099128,-0.0923348836200676,4.846495618820256e-05,0.27146049361018354,-0.07548836295965829,0.0006716034043741017
upper,4,Attractive,-0.26471191141809797,0.03735673308773804,-7.086056235066949,1.9094628517161734e-12,-0.3379744571405878,-0.19144936569560808,1.5275702813729388e-11,0.5079213638303749,-0.1323393445223412,0.0018171096571510741
upper,4,Bags_Under_Eyes,0.0001768678299521642,0.039114634053763066,0.004521781533455211,0.996392607217184,-0.07653320365975454,0.07688693931965886,0.996392607217184,0.2050264882372141,7.140525312754217e-05,6.442969241886241e-10
upper,4,Bald,0.31767238516951973,0.1221963429108797,2.5996881543435775,0.009400055796143614,0.07802575604370052,0.5573190142953389,0.015040089273829781,0.020939516432750008,0.045484931910718486,0.0003035296659601998
upper,4,Bangs,-0.03928542879142995,0.04488207630934464,-0.875303284114121,0.38151485935598406,-0.12730637966020253,0.04873552207734265,0.4362183499389002,0.15124657912576264,-0.014075539403423234,3.0655588270634195e-05
upper,4,Big_Lips,0.10943134446907526,0.04189382877729006,2.6121113219519376,0.009066379829034726,0.027270826334960793,0.19159186260318972,0.015040089273829781,0.24032739963343291,0.04675807357643015,0.0003189660304867537
upper,4,Big_Nose,0.20167880581882994,0.04401675490811497,4.581864479556358,4.89501736605863e-06,0.11535488901814202,0.28800272261951787,1.631672455352877e-05,0.2303597880941023,0.0849195084371479,0.0008372094222231135
upper,4,Black_Hair,-0.19119353084294344,0.03978198092225966,-4.806033445558333,1.6551455850955476e-06,-0.26921237658630776,-0.1131746850995791,6.62058234038219e-06,0.24017675563031962,-0.08167609548320756,0.0008281050629367452
upper,4,Blond_Hair,0.2681897627768368,0.0541158614583169,4.955843916176254,7.812791935679871e-07,0.162059878102761,0.3743196474509126,3.4723519714132758e-06,0.1435135202992794,0.09402619479908295,0.0011570606404550626
upper,4,Blurry,0.2604161619528933,0.06264735730039452,4.156857897519858,3.363792437178479e-05,0.1375546454537475,0.3832776784520391,7.914805734537597e-05,0.04895930101182555,0.056193371482918454,0.0004954504492329443
upper,4,Brown_Hair,-0.17856478208451793,0.04004825533964273,-4.458740601060873,8.70489300669877e-06,-0.2571058346716242,-0.10002372949741169,2.678428617445775e-05,0.2103994576815888,-0.07278163961933713,0.0007002310412319867
upper,4,Bushy_Eyebrows,-0.14273455551611636,0.048913802966134026,-2.918083380573375,0.0035615333330807526,-0.23866236906048433,-0.0468067419717484,0.006193971014053484,0.13600642747746616,-0.048928747574039505,0.00033008107693744516
upper,4,Chubby,0.08576638320343084,0.08221376965511018,1.0432119043224026,0.2969772556377199,-0.07546800643737024,0.24700077284423194,0.3599724310760241,0.05709407717994426,0.019899712723497012,4.300528642654735e-05
upper,4,Double_Chin,0.07571508305749067,0.08653356678338806,0.8749793389081215,0.38169105619653765,-0.09399112166090398,0.24542128777588532,0.4362183499389002,0.047402646312988024,0.016089345662753378,2.801991411538349e-05
upper,4,Eyeglasses,0.9180891498766219,0.06960058224365129,13.190825712673785,3.803099009238586e-38,0.781591243944608,1.0545870558086359,7.606198018477172e-37,0.06708679605312712,0.22968043415729542,0.007568074638264437
upper,4,Goatee,0.28371756467397197,0.0742600305454285,3.8205958520365546,0.00013722558260993029,0.13808173323201614,0.4293533961159278,0.0002888959633893269,0.059730347234427175,0.06723725159894611,0.00041826843890805255
upper,4,Gray_Hair,0.16576832001397962,0.08184534314734886,2.0253848739511238,0.04296150098295305,0.005256473851668664,0.3262801661762906,0.06137357283279008,0.04024705616510583,0.03257979313694872,0.00014200972048513156
upper,4,Heavy_Makeup,0.022863967479606836,0.048982872271641914,0.46677474021554416,0.64071230123074,-0.07319930205179584,0.11892723701100952,0.6926619472764756,0.3975746315498757,0.011189548222817494,6.834025539851264e-06
upper,4,High_Cheekbones,-0.1188701154371788,0.03893433581196059,-3.053092160382046,0.0022950430139769044,-0.19522659315430602,-0.04251363772005161,0.004172805479958007,0.4655903989555349,-0.059294146007563615,0.0002799391689614311
upper,4,Male,-0.22066056843222334,0.0639836560073443,-3.448702093654902,0.0005750512659702611,-0.3461427810422116,-0.0951783558222351,0.0010953357447052593,0.4060609103919255,-0.10836555985970105,0.0005336169528321232
upper,4,Mouth_Slightly_Open,0.16093302585192876,0.034968612299956195,4.60221367869752,4.4447177927504815e-06,0.0923539680563616,0.22951208364749592,1.6162610155456296e-05,0.48848828742875794,0.08044518333064622,0.0007531038764302236
upper,4,Mustache,-0.04526125922940756,0.08108747056683725,-0.5581782106780661,0.5767856792469195,-0.20428679569619063,0.11376427723737549,0.6408729769410216,0.04456551758768736,-0.009339563204577003,9.831815548120501e-06
upper,4,Narrow_Eyes,0.21270091827150936,0.041808152690668,5.087546437300166,3.969148389235163e-07,0.13070842468597438,0.29469341185704434,1.9845741946175813e-06,0.11197870898089332,0.06707316224234208,0.0007216438607234597
upper,4,No_Beard,-0.11797983894960247,0.06079764818648829,-1.940532939493248,0.05245645406516586,-0.2372137791772209,0.001254101278015951,0.06994193875355448,0.8380576966531924,-0.043463521870447684,0.00011513921920878542
upper,4,Oval_Face,-0.23092621340621566,0.03633814492876088,-6.35492576351751,2.5796060655165637e-10,-0.30219114436420824,-0.15966128244822309,1.7197373770110426e-09,0.28788068994953425,-0.10455766668545259,0.0015657566352663302
upper,4,Pale_Skin,0.5366088872661698,0.06584587107571867,8.149469032752302,6.399457148291657e-16,0.40747457220194777,0.665743202330392,6.399457148291657e-15,0.04258203821336212,0.10834824204125484,0.001923824960390979
upper,4,Pointy_Nose,0.03694500719013385,0.03512094502085885,1.0519365913471765,0.2929567452619418,-0.03193279950577078,0.10582281388603848,0.3599724310760241,0.285319741896608,0.0166831309788623,4.161641933621391e-05
upper,4,Receding_Hairline,-0.11922342276188623,0.05977467383090571,-1.994547441599645,0.046228875793727024,-0.23645114618990437,-0.0019956993338680756,0.06376396661203727,0.07841020362047754,-0.03204916399739076,0.00014872352657255465
upper,4,Rosy_Cheeks,-0.2563159229446382,0.05992511586554749,-4.2772703772442915,1.9818881523275917e-05,-0.3738386873339642,-0.13879315855531216,4.954720380818979e-05,0.07004946144768887,-0.06541960414849485,0.0006050133674178811
upper,4,Sideburns,-0.010524226460809812,0.07807622613950971,-0.1347942514793774,0.8927882237872116,-0.16364422959253017,0.14259577667091056,0.9156802295253452,0.05757111652313641,-0.002451414805351333,6.396334858596727e-07
upper,4,Smiling,-0.1417328128482199,0.03907190246500445,-3.6274868615667177,0.0002934238738473229,-0.21835908083808975,-0.06510654485835003,0.0005868477476946458,0.49182756283110296,-0.0708569396373257,0.0003676054274265731
upper,4,Straight_Hair,-0.1568597423199517,0.03940843811009109,-3.9803592794454223,7.128759256472588e-05,-0.234146010691212,-0.0795734739486914,0.00015841687236605752,0.20776318762710588,-0.0636389941108537,0.0005737699918366953
upper,4,Wavy_Hair,0.08850485208183212,0.03682703030308795,2.4032579155428393,0.01634099538360118,0.01628113848603309,0.16072856567763116,0.024208882049779522,0.3204197946220091,0.041299720223305,0.00021437935564859508
upper,4,Wearing_Earrings,-0.10170641800515674,0.04137673410555718,-2.4580581383173223,0.014053992897234068,-0.18285283054439197,-0.020560005465921516,0.021621527534206257,0.1986994401064551,-0.04058302391330694,0.00021519840498877165
upper,4,Wearing_Hat,0.9875134070216331,0.06935018897370969,14.239520059505455,7.002510325312653e-44,0.8515065624558424,1.1235202515874239,2.8010041301250612e-42,0.044665946923096236,0.20399001156619678,0.006178454917689251
upper,4,Wearing_Lipstick,-0.10700053093017137,0.057219876299173904,-1.8699888544099519,0.06163252854329725,-0.21921788660090713,0.00521682474056441,0.07952584328167388,0.4840191820030631,-0.053472931986915,0.00010879486560850357
upper,4,Wearing_Necklace,-0.27721802700798825,0.04816138010901756,-5.756023319524495,9.955436763183355e-09,-0.3716702186385589,-0.18276583537741758,5.6888210075333456e-08,0.12927766200507168,-0.09300858902635356,0.0012699286246763716
upper,4,Wearing_Necktie,-0.2651087187185591,0.061700548761861075,-4.296699527613126,1.817435857057596e-05,-0.38611339180257453,-0.1441040456345437,4.846495618820256e-05,0.07135504280800421,-0.06824348527125497,0.0006300610776999363
upper,4,Young,-0.0193824328418359,0.048761455973993936,-0.3974949569219832,0.6910452647636209,-0.11501146949768061,0.07624660381400881,0.7274160681722326,0.7518642195385272,-0.008371874186651137,7.868844486248928e-06
