n,identities,design_rank,r_squared,adjusted_r_squared,intercept,residual_rmse,response_min,response_max,response_mean,design_condition_number,branch,repeat,saved_rdr_equal_two,max_rdr_recovery_difference
39829,1985,41,0.025693857874876436,0.024714360396113855,-8.651040214937218,4.427859731683754,-35.348948003766225,0.6931453624989541,-7.76385566034962,18.81314050324819,lower,0,1847,1.6689300537109375e-06
39829,1985,41,0.030579290826372896,0.029604704811319493,-13.832306319830899,6.639063636103741,-44.99617624473302,0.6931471055710493,-11.27064812830065,18.81314050324819,lower,1,9144,2.7418136596679688e-06
39829,1985,41,0.030343713798476113,0.02936889095118389,-10.321675206490376,5.062942771115121,-47.04479456138341,0.6931449703813803,-8.499989547208493,18.81314050324819,lower,2,3436,3.3974647521972656e-06
39829,1985,41,0.03223546654304221,0.03126254552820662,-10.734631787880156,5.451424094967025,-47.1953415889713,0.6931466628587868,-9.090202518062043,18.81314050324819,lower,3,4655,2.0265579223632812e-06
39829,1985,41,0.03317051272938021,0.03219853174288112,-17.97938996157203,8.865773657890097,-86.13278818320958,0.6931471789068421,-14.467139056855386,18.81314050324819,lower,4,15634,3.993511199951172e-06
39829,1985,41,0.067915514135796,0.06697846328039814,-3.2068179752029913,2.6352595150394325,-16.13660865160398,0.6931375213795742,-3.7833809785962353,18.81314050324819,upper,0,1,1.6689300537109375e-06
39829,1985,41,0.04441872305880079,0.04345805021579163,-3.4730953421023396,2.5601397083739084,-15.298424359319345,0.6927887828863417,-3.9234628030628484,18.81314050324819,upper,1,0,1.0728836059570312e-06
39829,1985,41,0.07370696135891641,0.07277573280896055,-3.669120651767069,2.666433723808263,-18.050318250265338,0.6930956403348569,-4.179641172336556,18.81314050324819,upper,2,3,1.4901161193847656e-06
39829,1985,41,0.038645360939201456,0.03767888397221564,-3.3274739699631226,2.758094833193475,-18.949699883543197,0.6931279035990187,-4.029255313042011,18.81314050324819,upper,3,3,1.5497207641601562e-06
39829,1985,41,0.059212125079513345,0.05826632446131641,-3.102475273207955,2.4203858330094596,-14.415632047364822,0.6926759789411779,-3.5878225423405166,18.81314050324819,upper,4,0,1.430511474609375e-06
